solid OpenSCAD_Model
  facet normal 0.896729 -0.442579 0
    outer loop
      vertex 12.0408 -32.792 3
      vertex 12.1479 -32.575 0
      vertex 12.1479 -32.575 3
    endloop
  endfacet
  facet normal 0.896729 -0.442579 0
    outer loop
      vertex 12.1479 -32.575 0
      vertex 12.0408 -32.792 3
      vertex 12.0408 -32.792 0
    endloop
  endfacet
  facet normal 0.659528 -0.75168 0
    outer loop
      vertex 12.4419 -32.1919 0
      vertex 12.6238 -32.0323 3
      vertex 12.4419 -32.1919 3
    endloop
  endfacet
  facet normal 0.659528 -0.75168 0
    outer loop
      vertex 12.6238 -32.0323 3
      vertex 12.4419 -32.1919 0
      vertex 12.6238 -32.0323 0
    endloop
  endfacet
  facet normal -0.980787 -0.195083 0
    outer loop
      vertex 15.5842 -33.2585 0
      vertex 15.537 -33.0212 3
      vertex 15.537 -33.0212 0
    endloop
  endfacet
  facet normal -0.980787 -0.195083 0
    outer loop
      vertex 15.537 -33.0212 3
      vertex 15.5842 -33.2585 0
      vertex 15.5842 -33.2585 3
    endloop
  endfacet
  facet normal 0.321429 0.946934 -0
    outer loop
      vertex 13.2712 -35.287 0
      vertex 13.042 -35.2092 3
      vertex 13.2712 -35.287 3
    endloop
  endfacet
  facet normal 0.321429 0.946934 0
    outer loop
      vertex 13.042 -35.2092 3
      vertex 13.2712 -35.287 0
      vertex 13.042 -35.2092 0
    endloop
  endfacet
  facet normal 0.997867 -0.0652849 0
    outer loop
      vertex 11.9 -33.5 3
      vertex 11.9158 -33.2585 0
      vertex 11.9158 -33.2585 3
    endloop
  endfacet
  facet normal 0.997867 -0.0652849 0
    outer loop
      vertex 11.9158 -33.2585 0
      vertex 11.9 -33.5 3
      vertex 11.9 -33.5 0
    endloop
  endfacet
  facet normal 0.555463 -0.831541 0
    outer loop
      vertex 12.6238 -32.0323 0
      vertex 12.825 -31.8979 3
      vertex 12.6238 -32.0323 3
    endloop
  endfacet
  facet normal 0.555463 -0.831541 0
    outer loop
      vertex 12.825 -31.8979 3
      vertex 12.6238 -32.0323 0
      vertex 12.825 -31.8979 0
    endloop
  endfacet
  facet normal -0.997867 -0.0652849 0
    outer loop
      vertex 15.6 -33.5 0
      vertex 15.5842 -33.2585 3
      vertex 15.5842 -33.2585 0
    endloop
  endfacet
  facet normal -0.997867 -0.0652849 0
    outer loop
      vertex 15.5842 -33.2585 3
      vertex 15.6 -33.5 0
      vertex 15.6 -33.5 3
    endloop
  endfacet
  facet normal 0.980787 -0.195083 0
    outer loop
      vertex 11.9158 -33.2585 3
      vertex 11.963 -33.0212 0
      vertex 11.963 -33.0212 3
    endloop
  endfacet
  facet normal 0.980787 -0.195083 0
    outer loop
      vertex 11.963 -33.0212 0
      vertex 11.9158 -33.2585 3
      vertex 11.9158 -33.2585 0
    endloop
  endfacet
  facet normal -0.997867 0.0652849 0
    outer loop
      vertex 15.5842 -33.7415 0
      vertex 15.6 -33.5 3
      vertex 15.6 -33.5 0
    endloop
  endfacet
  facet normal -0.997867 0.0652849 0
    outer loop
      vertex 15.6 -33.5 3
      vertex 15.5842 -33.7415 0
      vertex 15.5842 -33.7415 3
    endloop
  endfacet
  facet normal 0.946934 -0.321429 0
    outer loop
      vertex 11.963 -33.0212 3
      vertex 12.0408 -32.792 0
      vertex 12.0408 -32.792 3
    endloop
  endfacet
  facet normal 0.946934 -0.321429 0
    outer loop
      vertex 12.0408 -32.792 0
      vertex 11.963 -33.0212 3
      vertex 11.963 -33.0212 0
    endloop
  endfacet
  facet normal -0.831541 -0.555463 0
    outer loop
      vertex 15.3521 -32.575 0
      vertex 15.2177 -32.3738 3
      vertex 15.2177 -32.3738 0
    endloop
  endfacet
  facet normal -0.831541 -0.555463 0
    outer loop
      vertex 15.2177 -32.3738 3
      vertex 15.3521 -32.575 0
      vertex 15.3521 -32.575 3
    endloop
  endfacet
  facet normal -0.946934 -0.321429 0
    outer loop
      vertex 15.537 -33.0212 0
      vertex 15.4592 -32.792 3
      vertex 15.4592 -32.792 0
    endloop
  endfacet
  facet normal -0.946934 -0.321429 0
    outer loop
      vertex 15.4592 -32.792 3
      vertex 15.537 -33.0212 0
      vertex 15.537 -33.0212 3
    endloop
  endfacet
  facet normal -0.659528 -0.75168 0
    outer loop
      vertex 14.8762 -32.0323 0
      vertex 15.0581 -32.1919 3
      vertex 14.8762 -32.0323 3
    endloop
  endfacet
  facet normal -0.659528 -0.75168 -0
    outer loop
      vertex 15.0581 -32.1919 3
      vertex 14.8762 -32.0323 0
      vertex 15.0581 -32.1919 0
    endloop
  endfacet
  facet normal -0.75168 -0.659528 0
    outer loop
      vertex 15.2177 -32.3738 0
      vertex 15.0581 -32.1919 3
      vertex 15.0581 -32.1919 0
    endloop
  endfacet
  facet normal -0.75168 -0.659528 0
    outer loop
      vertex 15.0581 -32.1919 3
      vertex 15.2177 -32.3738 0
      vertex 15.2177 -32.3738 3
    endloop
  endfacet
  facet normal -0.659528 0.75168 0
    outer loop
      vertex 15.0581 -34.8081 0
      vertex 14.8762 -34.9677 3
      vertex 15.0581 -34.8081 3
    endloop
  endfacet
  facet normal -0.659528 0.75168 0
    outer loop
      vertex 14.8762 -34.9677 3
      vertex 15.0581 -34.8081 0
      vertex 14.8762 -34.9677 0
    endloop
  endfacet
  facet normal 0.321429 -0.946934 0
    outer loop
      vertex 13.042 -31.7908 0
      vertex 13.2712 -31.713 3
      vertex 13.042 -31.7908 3
    endloop
  endfacet
  facet normal 0.321429 -0.946934 0
    outer loop
      vertex 13.2712 -31.713 3
      vertex 13.042 -31.7908 0
      vertex 13.2712 -31.713 0
    endloop
  endfacet
  facet normal 0.0652849 -0.997867 0
    outer loop
      vertex 13.5085 -31.6658 0
      vertex 13.75 -31.65 3
      vertex 13.5085 -31.6658 3
    endloop
  endfacet
  facet normal 0.0652849 -0.997867 0
    outer loop
      vertex 13.75 -31.65 3
      vertex 13.5085 -31.6658 0
      vertex 13.75 -31.65 0
    endloop
  endfacet
  facet normal -0.75168 0.659528 0
    outer loop
      vertex 15.0581 -34.8081 0
      vertex 15.2177 -34.6262 3
      vertex 15.2177 -34.6262 0
    endloop
  endfacet
  facet normal -0.75168 0.659528 0
    outer loop
      vertex 15.2177 -34.6262 3
      vertex 15.0581 -34.8081 0
      vertex 15.0581 -34.8081 3
    endloop
  endfacet
  facet normal 0.75168 -0.659528 0
    outer loop
      vertex 12.2823 -32.3738 3
      vertex 12.4419 -32.1919 0
      vertex 12.4419 -32.1919 3
    endloop
  endfacet
  facet normal 0.75168 -0.659528 0
    outer loop
      vertex 12.4419 -32.1919 0
      vertex 12.2823 -32.3738 3
      vertex 12.2823 -32.3738 0
    endloop
  endfacet
  facet normal -0.442579 -0.896729 0
    outer loop
      vertex 14.458 -31.7908 0
      vertex 14.675 -31.8979 3
      vertex 14.458 -31.7908 3
    endloop
  endfacet
  facet normal -0.442579 -0.896729 -0
    outer loop
      vertex 14.675 -31.8979 3
      vertex 14.458 -31.7908 0
      vertex 14.675 -31.8979 0
    endloop
  endfacet
  facet normal 0.997867 0.0652849 0
    outer loop
      vertex 11.9158 -33.7415 3
      vertex 11.9 -33.5 0
      vertex 11.9 -33.5 3
    endloop
  endfacet
  facet normal 0.997867 0.0652849 0
    outer loop
      vertex 11.9 -33.5 0
      vertex 11.9158 -33.7415 3
      vertex 11.9158 -33.7415 0
    endloop
  endfacet
  facet normal 0.831541 0.555463 0
    outer loop
      vertex 12.2823 -34.6262 3
      vertex 12.1479 -34.425 0
      vertex 12.1479 -34.425 3
    endloop
  endfacet
  facet normal 0.831541 0.555463 0
    outer loop
      vertex 12.1479 -34.425 0
      vertex 12.2823 -34.6262 3
      vertex 12.2823 -34.6262 0
    endloop
  endfacet
  facet normal -0.321429 0.946934 0
    outer loop
      vertex 14.458 -35.2092 0
      vertex 14.2288 -35.287 3
      vertex 14.458 -35.2092 3
    endloop
  endfacet
  facet normal -0.321429 0.946934 0
    outer loop
      vertex 14.2288 -35.287 3
      vertex 14.458 -35.2092 0
      vertex 14.2288 -35.287 0
    endloop
  endfacet
  facet normal 0.195083 -0.980787 0
    outer loop
      vertex 13.2712 -31.713 0
      vertex 13.5085 -31.6658 3
      vertex 13.2712 -31.713 3
    endloop
  endfacet
  facet normal 0.195083 -0.980787 0
    outer loop
      vertex 13.5085 -31.6658 3
      vertex 13.2712 -31.713 0
      vertex 13.5085 -31.6658 0
    endloop
  endfacet
  facet normal 0.195083 0.980787 -0
    outer loop
      vertex 13.5085 -35.3342 0
      vertex 13.2712 -35.287 3
      vertex 13.5085 -35.3342 3
    endloop
  endfacet
  facet normal 0.195083 0.980787 0
    outer loop
      vertex 13.2712 -35.287 3
      vertex 13.5085 -35.3342 0
      vertex 13.2712 -35.287 0
    endloop
  endfacet
  facet normal -0.946934 0.321429 0
    outer loop
      vertex 15.4592 -34.208 0
      vertex 15.537 -33.9788 3
      vertex 15.537 -33.9788 0
    endloop
  endfacet
  facet normal -0.946934 0.321429 0
    outer loop
      vertex 15.537 -33.9788 3
      vertex 15.4592 -34.208 0
      vertex 15.4592 -34.208 3
    endloop
  endfacet
  facet normal -0.555463 -0.831541 0
    outer loop
      vertex 14.675 -31.8979 0
      vertex 14.8762 -32.0323 3
      vertex 14.675 -31.8979 3
    endloop
  endfacet
  facet normal -0.555463 -0.831541 -0
    outer loop
      vertex 14.8762 -32.0323 3
      vertex 14.675 -31.8979 0
      vertex 14.8762 -32.0323 0
    endloop
  endfacet
  facet normal -0.195083 -0.980787 0
    outer loop
      vertex 13.9915 -31.6658 0
      vertex 14.2288 -31.713 3
      vertex 13.9915 -31.6658 3
    endloop
  endfacet
  facet normal -0.195083 -0.980787 -0
    outer loop
      vertex 14.2288 -31.713 3
      vertex 13.9915 -31.6658 0
      vertex 14.2288 -31.713 0
    endloop
  endfacet
  facet normal 0.659528 0.75168 -0
    outer loop
      vertex 12.6238 -34.9677 0
      vertex 12.4419 -34.8081 3
      vertex 12.6238 -34.9677 3
    endloop
  endfacet
  facet normal 0.659528 0.75168 0
    outer loop
      vertex 12.4419 -34.8081 3
      vertex 12.6238 -34.9677 0
      vertex 12.4419 -34.8081 0
    endloop
  endfacet
  facet normal -0.896729 0.442579 0
    outer loop
      vertex 15.3521 -34.425 0
      vertex 15.4592 -34.208 3
      vertex 15.4592 -34.208 0
    endloop
  endfacet
  facet normal -0.896729 0.442579 0
    outer loop
      vertex 15.4592 -34.208 3
      vertex 15.3521 -34.425 0
      vertex 15.3521 -34.425 3
    endloop
  endfacet
  facet normal -0.555463 0.831541 0
    outer loop
      vertex 14.8762 -34.9677 0
      vertex 14.675 -35.1021 3
      vertex 14.8762 -34.9677 3
    endloop
  endfacet
  facet normal -0.555463 0.831541 0
    outer loop
      vertex 14.675 -35.1021 3
      vertex 14.8762 -34.9677 0
      vertex 14.675 -35.1021 0
    endloop
  endfacet
  facet normal -0.896729 -0.442579 0
    outer loop
      vertex 15.4592 -32.792 0
      vertex 15.3521 -32.575 3
      vertex 15.3521 -32.575 0
    endloop
  endfacet
  facet normal -0.896729 -0.442579 0
    outer loop
      vertex 15.3521 -32.575 3
      vertex 15.4592 -32.792 0
      vertex 15.4592 -32.792 3
    endloop
  endfacet
  facet normal 0.831541 -0.555463 0
    outer loop
      vertex 12.1479 -32.575 3
      vertex 12.2823 -32.3738 0
      vertex 12.2823 -32.3738 3
    endloop
  endfacet
  facet normal 0.831541 -0.555463 0
    outer loop
      vertex 12.2823 -32.3738 0
      vertex 12.1479 -32.575 3
      vertex 12.1479 -32.575 0
    endloop
  endfacet
  facet normal -0.442579 0.896729 0
    outer loop
      vertex 14.675 -35.1021 0
      vertex 14.458 -35.2092 3
      vertex 14.675 -35.1021 3
    endloop
  endfacet
  facet normal -0.442579 0.896729 0
    outer loop
      vertex 14.458 -35.2092 3
      vertex 14.675 -35.1021 0
      vertex 14.458 -35.2092 0
    endloop
  endfacet
  facet normal 0.75168 0.659528 0
    outer loop
      vertex 12.4419 -34.8081 3
      vertex 12.2823 -34.6262 0
      vertex 12.2823 -34.6262 3
    endloop
  endfacet
  facet normal 0.75168 0.659528 0
    outer loop
      vertex 12.2823 -34.6262 0
      vertex 12.4419 -34.8081 3
      vertex 12.4419 -34.8081 0
    endloop
  endfacet
  facet normal 0.946934 0.321429 0
    outer loop
      vertex 12.0408 -34.208 3
      vertex 11.963 -33.9788 0
      vertex 11.963 -33.9788 3
    endloop
  endfacet
  facet normal 0.946934 0.321429 0
    outer loop
      vertex 11.963 -33.9788 0
      vertex 12.0408 -34.208 3
      vertex 12.0408 -34.208 0
    endloop
  endfacet
  facet normal -0.831541 0.555463 0
    outer loop
      vertex 15.2177 -34.6262 0
      vertex 15.3521 -34.425 3
      vertex 15.3521 -34.425 0
    endloop
  endfacet
  facet normal -0.831541 0.555463 0
    outer loop
      vertex 15.3521 -34.425 3
      vertex 15.2177 -34.6262 0
      vertex 15.2177 -34.6262 3
    endloop
  endfacet
  facet normal -0.195083 0.980787 0
    outer loop
      vertex 14.2288 -35.287 0
      vertex 13.9915 -35.3342 3
      vertex 14.2288 -35.287 3
    endloop
  endfacet
  facet normal -0.195083 0.980787 0
    outer loop
      vertex 13.9915 -35.3342 3
      vertex 14.2288 -35.287 0
      vertex 13.9915 -35.3342 0
    endloop
  endfacet
  facet normal 0.555463 0.831541 -0
    outer loop
      vertex 12.825 -35.1021 0
      vertex 12.6238 -34.9677 3
      vertex 12.825 -35.1021 3
    endloop
  endfacet
  facet normal 0.555463 0.831541 0
    outer loop
      vertex 12.6238 -34.9677 3
      vertex 12.825 -35.1021 0
      vertex 12.6238 -34.9677 0
    endloop
  endfacet
  facet normal -0.0652849 0.997867 0
    outer loop
      vertex 13.9915 -35.3342 0
      vertex 13.75 -35.35 3
      vertex 13.9915 -35.3342 3
    endloop
  endfacet
  facet normal -0.0652849 0.997867 0
    outer loop
      vertex 13.75 -35.35 3
      vertex 13.9915 -35.3342 0
      vertex 13.75 -35.35 0
    endloop
  endfacet
  facet normal -0.980787 0.195083 0
    outer loop
      vertex 15.537 -33.9788 0
      vertex 15.5842 -33.7415 3
      vertex 15.5842 -33.7415 0
    endloop
  endfacet
  facet normal -0.980787 0.195083 0
    outer loop
      vertex 15.5842 -33.7415 3
      vertex 15.537 -33.9788 0
      vertex 15.537 -33.9788 3
    endloop
  endfacet
  facet normal 0.442579 -0.896729 0
    outer loop
      vertex 12.825 -31.8979 0
      vertex 13.042 -31.7908 3
      vertex 12.825 -31.8979 3
    endloop
  endfacet
  facet normal 0.442579 -0.896729 0
    outer loop
      vertex 13.042 -31.7908 3
      vertex 12.825 -31.8979 0
      vertex 13.042 -31.7908 0
    endloop
  endfacet
  facet normal -0.321429 -0.946934 0
    outer loop
      vertex 14.2288 -31.713 0
      vertex 14.458 -31.7908 3
      vertex 14.2288 -31.713 3
    endloop
  endfacet
  facet normal -0.321429 -0.946934 -0
    outer loop
      vertex 14.458 -31.7908 3
      vertex 14.2288 -31.713 0
      vertex 14.458 -31.7908 0
    endloop
  endfacet
  facet normal 0.0652849 0.997867 -0
    outer loop
      vertex 13.75 -35.35 0
      vertex 13.5085 -35.3342 3
      vertex 13.75 -35.35 3
    endloop
  endfacet
  facet normal 0.0652849 0.997867 0
    outer loop
      vertex 13.5085 -35.3342 3
      vertex 13.75 -35.35 0
      vertex 13.5085 -35.3342 0
    endloop
  endfacet
  facet normal 0.896729 0.442579 0
    outer loop
      vertex 12.1479 -34.425 3
      vertex 12.0408 -34.208 0
      vertex 12.0408 -34.208 3
    endloop
  endfacet
  facet normal 0.896729 0.442579 0
    outer loop
      vertex 12.0408 -34.208 0
      vertex 12.1479 -34.425 3
      vertex 12.1479 -34.425 0
    endloop
  endfacet
  facet normal -0.0652849 -0.997867 0
    outer loop
      vertex 13.75 -31.65 0
      vertex 13.9915 -31.6658 3
      vertex 13.75 -31.65 3
    endloop
  endfacet
  facet normal -0.0652849 -0.997867 -0
    outer loop
      vertex 13.9915 -31.6658 3
      vertex 13.75 -31.65 0
      vertex 13.9915 -31.6658 0
    endloop
  endfacet
  facet normal 0.442579 0.896729 -0
    outer loop
      vertex 13.042 -35.2092 0
      vertex 12.825 -35.1021 3
      vertex 13.042 -35.2092 3
    endloop
  endfacet
  facet normal 0.442579 0.896729 0
    outer loop
      vertex 12.825 -35.1021 3
      vertex 13.042 -35.2092 0
      vertex 12.825 -35.1021 0
    endloop
  endfacet
  facet normal 0.980787 0.195083 0
    outer loop
      vertex 11.963 -33.9788 3
      vertex 11.9158 -33.7415 0
      vertex 11.9158 -33.7415 3
    endloop
  endfacet
  facet normal 0.980787 0.195083 0
    outer loop
      vertex 11.9158 -33.7415 0
      vertex 11.963 -33.9788 3
      vertex 11.963 -33.9788 0
    endloop
  endfacet
  facet normal -0.980896 -0.194531 0
    outer loop
      vertex 15.5842 -113.259 0
      vertex 15.537 -113.021 3
      vertex 15.537 -113.021 0
    endloop
  endfacet
  facet normal -0.980896 -0.194531 0
    outer loop
      vertex 15.537 -113.021 3
      vertex 15.5842 -113.259 0
      vertex 15.5842 -113.259 3
    endloop
  endfacet
  facet normal -0.997858 -0.0654197 0
    outer loop
      vertex 15.6 -113.5 0
      vertex 15.5842 -113.259 3
      vertex 15.5842 -113.259 0
    endloop
  endfacet
  facet normal -0.997858 -0.0654197 0
    outer loop
      vertex 15.5842 -113.259 3
      vertex 15.6 -113.5 0
      vertex 15.6 -113.5 3
    endloop
  endfacet
  facet normal -0.946848 -0.32168 0
    outer loop
      vertex 15.537 -113.021 0
      vertex 15.4592 -112.792 3
      vertex 15.4592 -112.792 0
    endloop
  endfacet
  facet normal -0.946848 -0.32168 0
    outer loop
      vertex 15.4592 -112.792 3
      vertex 15.537 -113.021 0
      vertex 15.537 -113.021 3
    endloop
  endfacet
  facet normal 0.66046 -0.750861 0
    outer loop
      vertex 12.4419 -112.192 0
      vertex 12.6238 -112.032 3
      vertex 12.4419 -112.192 3
    endloop
  endfacet
  facet normal 0.66046 -0.750861 0
    outer loop
      vertex 12.6238 -112.032 3
      vertex 12.4419 -112.192 0
      vertex 12.6238 -112.032 0
    endloop
  endfacet
  facet normal -0.0661077 -0.997812 0
    outer loop
      vertex 13.75 -111.65 0
      vertex 13.9915 -111.666 3
      vertex 13.75 -111.65 3
    endloop
  endfacet
  facet normal -0.0661077 -0.997812 -0
    outer loop
      vertex 13.9915 -111.666 3
      vertex 13.75 -111.65 0
      vertex 13.9915 -111.666 0
    endloop
  endfacet
  facet normal 0.946848 -0.32168 0
    outer loop
      vertex 11.963 -113.021 3
      vertex 12.0408 -112.792 0
      vertex 12.0408 -112.792 3
    endloop
  endfacet
  facet normal 0.946848 -0.32168 0
    outer loop
      vertex 12.0408 -112.792 0
      vertex 11.963 -113.021 3
      vertex 11.963 -113.021 0
    endloop
  endfacet
  facet normal -0.980896 0.194531 0
    outer loop
      vertex 15.537 -113.979 0
      vertex 15.5842 -113.741 3
      vertex 15.5842 -113.741 0
    endloop
  endfacet
  facet normal -0.980896 0.194531 0
    outer loop
      vertex 15.5842 -113.741 3
      vertex 15.537 -113.979 0
      vertex 15.537 -113.979 3
    endloop
  endfacet
  facet normal 0.831286 0.555845 0
    outer loop
      vertex 12.2823 -114.626 3
      vertex 12.1479 -114.425 0
      vertex 12.1479 -114.425 3
    endloop
  endfacet
  facet normal 0.831286 0.555845 0
    outer loop
      vertex 12.1479 -114.425 0
      vertex 12.2823 -114.626 3
      vertex 12.2823 -114.626 0
    endloop
  endfacet
  facet normal 0.980896 -0.194531 0
    outer loop
      vertex 11.9158 -113.259 3
      vertex 11.963 -113.021 0
      vertex 11.963 -113.021 3
    endloop
  endfacet
  facet normal 0.980896 -0.194531 0
    outer loop
      vertex 11.963 -113.021 0
      vertex 11.9158 -113.259 3
      vertex 11.9158 -113.259 0
    endloop
  endfacet
  facet normal 0.554318 -0.832305 0
    outer loop
      vertex 12.6238 -112.032 0
      vertex 12.825 -111.898 3
      vertex 12.6238 -112.032 3
    endloop
  endfacet
  facet normal 0.554318 -0.832305 0
    outer loop
      vertex 12.825 -111.898 3
      vertex 12.6238 -112.032 0
      vertex 12.825 -111.898 0
    endloop
  endfacet
  facet normal 0.946848 0.32168 0
    outer loop
      vertex 12.0408 -114.208 3
      vertex 11.963 -113.979 0
      vertex 11.963 -113.979 3
    endloop
  endfacet
  facet normal 0.946848 0.32168 0
    outer loop
      vertex 11.963 -113.979 0
      vertex 12.0408 -114.208 3
      vertex 12.0408 -114.208 0
    endloop
  endfacet
  facet normal 0.980896 0.194531 0
    outer loop
      vertex 11.963 -113.979 3
      vertex 11.9158 -113.741 0
      vertex 11.9158 -113.741 3
    endloop
  endfacet
  facet normal 0.980896 0.194531 0
    outer loop
      vertex 11.9158 -113.741 0
      vertex 11.963 -113.979 3
      vertex 11.963 -113.979 0
    endloop
  endfacet
  facet normal -0.322169 0.946682 0
    outer loop
      vertex 14.458 -115.209 0
      vertex 14.2288 -115.287 3
      vertex 14.458 -115.209 3
    endloop
  endfacet
  facet normal -0.322169 0.946682 0
    outer loop
      vertex 14.2288 -115.287 3
      vertex 14.458 -115.209 0
      vertex 14.2288 -115.287 0
    endloop
  endfacet
  facet normal 0.75186 -0.659323 0
    outer loop
      vertex 12.2823 -112.374 3
      vertex 12.4419 -112.192 0
      vertex 12.4419 -112.192 3
    endloop
  endfacet
  facet normal 0.75186 -0.659323 0
    outer loop
      vertex 12.4419 -112.192 0
      vertex 12.2823 -112.374 3
      vertex 12.2823 -112.374 0
    endloop
  endfacet
  facet normal -0.194287 0.980945 0
    outer loop
      vertex 14.2288 -115.287 0
      vertex 13.9915 -115.334 3
      vertex 14.2288 -115.287 3
    endloop
  endfacet
  facet normal -0.194287 0.980945 0
    outer loop
      vertex 13.9915 -115.334 3
      vertex 14.2288 -115.287 0
      vertex 13.9915 -115.334 0
    endloop
  endfacet
  facet normal 0.322169 -0.946682 0
    outer loop
      vertex 13.042 -111.791 0
      vertex 13.2712 -111.713 3
      vertex 13.042 -111.791 3
    endloop
  endfacet
  facet normal 0.322169 -0.946682 0
    outer loop
      vertex 13.2712 -111.713 3
      vertex 13.042 -111.791 0
      vertex 13.2712 -111.713 0
    endloop
  endfacet
  facet normal -0.896729 -0.442579 0
    outer loop
      vertex 15.4592 -112.792 0
      vertex 15.3521 -112.575 3
      vertex 15.3521 -112.575 0
    endloop
  endfacet
  facet normal -0.896729 -0.442579 0
    outer loop
      vertex 15.3521 -112.575 3
      vertex 15.4592 -112.792 0
      vertex 15.4592 -112.792 3
    endloop
  endfacet
  facet normal 0.997858 0.0654197 0
    outer loop
      vertex 11.9158 -113.741 3
      vertex 11.9 -113.5 0
      vertex 11.9 -113.5 3
    endloop
  endfacet
  facet normal 0.997858 0.0654197 0
    outer loop
      vertex 11.9 -113.5 0
      vertex 11.9158 -113.741 3
      vertex 11.9158 -113.741 0
    endloop
  endfacet
  facet normal 0.0661077 0.997812 -0
    outer loop
      vertex 13.75 -115.35 0
      vertex 13.5085 -115.334 3
      vertex 13.75 -115.35 3
    endloop
  endfacet
  facet normal 0.0661077 0.997812 0
    outer loop
      vertex 13.5085 -115.334 3
      vertex 13.75 -115.35 0
      vertex 13.5085 -115.334 0
    endloop
  endfacet
  facet normal -0.194287 -0.980945 0
    outer loop
      vertex 13.9915 -111.666 0
      vertex 14.2288 -111.713 3
      vertex 13.9915 -111.666 3
    endloop
  endfacet
  facet normal -0.194287 -0.980945 -0
    outer loop
      vertex 14.2288 -111.713 3
      vertex 13.9915 -111.666 0
      vertex 14.2288 -111.713 0
    endloop
  endfacet
  facet normal -0.831286 0.555845 0
    outer loop
      vertex 15.2177 -114.626 0
      vertex 15.3521 -114.425 3
      vertex 15.3521 -114.425 0
    endloop
  endfacet
  facet normal -0.831286 0.555845 0
    outer loop
      vertex 15.3521 -114.425 3
      vertex 15.2177 -114.626 0
      vertex 15.2177 -114.626 3
    endloop
  endfacet
  facet normal 0.75186 0.659323 0
    outer loop
      vertex 12.4419 -114.808 3
      vertex 12.2823 -114.626 0
      vertex 12.2823 -114.626 3
    endloop
  endfacet
  facet normal 0.75186 0.659323 0
    outer loop
      vertex 12.2823 -114.626 0
      vertex 12.4419 -114.808 3
      vertex 12.4419 -114.808 0
    endloop
  endfacet
  facet normal 0.194287 0.980945 -0
    outer loop
      vertex 13.5085 -115.334 0
      vertex 13.2712 -115.287 3
      vertex 13.5085 -115.334 3
    endloop
  endfacet
  facet normal 0.194287 0.980945 0
    outer loop
      vertex 13.2712 -115.287 3
      vertex 13.5085 -115.334 0
      vertex 13.2712 -115.287 0
    endloop
  endfacet
  facet normal -0.554318 -0.832305 0
    outer loop
      vertex 14.675 -111.898 0
      vertex 14.8762 -112.032 3
      vertex 14.675 -111.898 3
    endloop
  endfacet
  facet normal -0.554318 -0.832305 -0
    outer loop
      vertex 14.8762 -112.032 3
      vertex 14.675 -111.898 0
      vertex 14.8762 -112.032 0
    endloop
  endfacet
  facet normal -0.997858 0.0654197 0
    outer loop
      vertex 15.5842 -113.741 0
      vertex 15.6 -113.5 3
      vertex 15.6 -113.5 0
    endloop
  endfacet
  facet normal -0.997858 0.0654197 0
    outer loop
      vertex 15.6 -113.5 3
      vertex 15.5842 -113.741 0
      vertex 15.5842 -113.741 3
    endloop
  endfacet
  facet normal 0.194287 -0.980945 0
    outer loop
      vertex 13.2712 -111.713 0
      vertex 13.5085 -111.666 3
      vertex 13.2712 -111.713 3
    endloop
  endfacet
  facet normal 0.194287 -0.980945 0
    outer loop
      vertex 13.5085 -111.666 3
      vertex 13.2712 -111.713 0
      vertex 13.5085 -111.666 0
    endloop
  endfacet
  facet normal -0.75186 -0.659323 0
    outer loop
      vertex 15.2177 -112.374 0
      vertex 15.0581 -112.192 3
      vertex 15.0581 -112.192 0
    endloop
  endfacet
  facet normal -0.75186 -0.659323 0
    outer loop
      vertex 15.0581 -112.192 3
      vertex 15.2177 -112.374 0
      vertex 15.2177 -112.374 3
    endloop
  endfacet
  facet normal -0.66046 -0.750861 0
    outer loop
      vertex 14.8762 -112.032 0
      vertex 15.0581 -112.192 3
      vertex 14.8762 -112.032 3
    endloop
  endfacet
  facet normal -0.66046 -0.750861 -0
    outer loop
      vertex 15.0581 -112.192 3
      vertex 14.8762 -112.032 0
      vertex 15.0581 -112.192 0
    endloop
  endfacet
  facet normal 0.322169 0.946682 -0
    outer loop
      vertex 13.2712 -115.287 0
      vertex 13.042 -115.209 3
      vertex 13.2712 -115.287 3
    endloop
  endfacet
  facet normal 0.322169 0.946682 0
    outer loop
      vertex 13.042 -115.209 3
      vertex 13.2712 -115.287 0
      vertex 13.042 -115.209 0
    endloop
  endfacet
  facet normal -0.0661077 0.997812 0
    outer loop
      vertex 13.9915 -115.334 0
      vertex 13.75 -115.35 3
      vertex 13.9915 -115.334 3
    endloop
  endfacet
  facet normal -0.0661077 0.997812 0
    outer loop
      vertex 13.75 -115.35 3
      vertex 13.9915 -115.334 0
      vertex 13.75 -115.35 0
    endloop
  endfacet
  facet normal -0.554318 0.832305 0
    outer loop
      vertex 14.8762 -114.968 0
      vertex 14.675 -115.102 3
      vertex 14.8762 -114.968 3
    endloop
  endfacet
  facet normal -0.554318 0.832305 0
    outer loop
      vertex 14.675 -115.102 3
      vertex 14.8762 -114.968 0
      vertex 14.675 -115.102 0
    endloop
  endfacet
  facet normal -0.946848 0.32168 0
    outer loop
      vertex 15.4592 -114.208 0
      vertex 15.537 -113.979 3
      vertex 15.537 -113.979 0
    endloop
  endfacet
  facet normal -0.946848 0.32168 0
    outer loop
      vertex 15.537 -113.979 3
      vertex 15.4592 -114.208 0
      vertex 15.4592 -114.208 3
    endloop
  endfacet
  facet normal -0.442247 -0.896893 0
    outer loop
      vertex 14.458 -111.791 0
      vertex 14.675 -111.898 3
      vertex 14.458 -111.791 3
    endloop
  endfacet
  facet normal -0.442247 -0.896893 -0
    outer loop
      vertex 14.675 -111.898 3
      vertex 14.458 -111.791 0
      vertex 14.675 -111.898 0
    endloop
  endfacet
  facet normal -0.831286 -0.555845 0
    outer loop
      vertex 15.3521 -112.575 0
      vertex 15.2177 -112.374 3
      vertex 15.2177 -112.374 0
    endloop
  endfacet
  facet normal -0.831286 -0.555845 0
    outer loop
      vertex 15.2177 -112.374 3
      vertex 15.3521 -112.575 0
      vertex 15.3521 -112.575 3
    endloop
  endfacet
  facet normal -0.66046 0.750861 0
    outer loop
      vertex 15.0581 -114.808 0
      vertex 14.8762 -114.968 3
      vertex 15.0581 -114.808 3
    endloop
  endfacet
  facet normal -0.66046 0.750861 0
    outer loop
      vertex 14.8762 -114.968 3
      vertex 15.0581 -114.808 0
      vertex 14.8762 -114.968 0
    endloop
  endfacet
  facet normal -0.75186 0.659323 0
    outer loop
      vertex 15.0581 -114.808 0
      vertex 15.2177 -114.626 3
      vertex 15.2177 -114.626 0
    endloop
  endfacet
  facet normal -0.75186 0.659323 0
    outer loop
      vertex 15.2177 -114.626 3
      vertex 15.0581 -114.808 0
      vertex 15.0581 -114.808 3
    endloop
  endfacet
  facet normal -0.322169 -0.946682 0
    outer loop
      vertex 14.2288 -111.713 0
      vertex 14.458 -111.791 3
      vertex 14.2288 -111.713 3
    endloop
  endfacet
  facet normal -0.322169 -0.946682 -0
    outer loop
      vertex 14.458 -111.791 3
      vertex 14.2288 -111.713 0
      vertex 14.458 -111.791 0
    endloop
  endfacet
  facet normal 0.0661077 -0.997812 0
    outer loop
      vertex 13.5085 -111.666 0
      vertex 13.75 -111.65 3
      vertex 13.5085 -111.666 3
    endloop
  endfacet
  facet normal 0.0661077 -0.997812 0
    outer loop
      vertex 13.75 -111.65 3
      vertex 13.5085 -111.666 0
      vertex 13.75 -111.65 0
    endloop
  endfacet
  facet normal 0.66046 0.750861 -0
    outer loop
      vertex 12.6238 -114.968 0
      vertex 12.4419 -114.808 3
      vertex 12.6238 -114.968 3
    endloop
  endfacet
  facet normal 0.66046 0.750861 0
    outer loop
      vertex 12.4419 -114.808 3
      vertex 12.6238 -114.968 0
      vertex 12.4419 -114.808 0
    endloop
  endfacet
  facet normal -0.896729 0.442579 0
    outer loop
      vertex 15.3521 -114.425 0
      vertex 15.4592 -114.208 3
      vertex 15.4592 -114.208 0
    endloop
  endfacet
  facet normal -0.896729 0.442579 0
    outer loop
      vertex 15.4592 -114.208 3
      vertex 15.3521 -114.425 0
      vertex 15.3521 -114.425 3
    endloop
  endfacet
  facet normal 0.997858 -0.0654197 0
    outer loop
      vertex 11.9 -113.5 3
      vertex 11.9158 -113.259 0
      vertex 11.9158 -113.259 3
    endloop
  endfacet
  facet normal 0.997858 -0.0654197 0
    outer loop
      vertex 11.9158 -113.259 0
      vertex 11.9 -113.5 3
      vertex 11.9 -113.5 0
    endloop
  endfacet
  facet normal -0.442247 0.896893 0
    outer loop
      vertex 14.675 -115.102 0
      vertex 14.458 -115.209 3
      vertex 14.675 -115.102 3
    endloop
  endfacet
  facet normal -0.442247 0.896893 0
    outer loop
      vertex 14.458 -115.209 3
      vertex 14.675 -115.102 0
      vertex 14.458 -115.209 0
    endloop
  endfacet
  facet normal 0.442247 0.896893 -0
    outer loop
      vertex 13.042 -115.209 0
      vertex 12.825 -115.102 3
      vertex 13.042 -115.209 3
    endloop
  endfacet
  facet normal 0.442247 0.896893 0
    outer loop
      vertex 12.825 -115.102 3
      vertex 13.042 -115.209 0
      vertex 12.825 -115.102 0
    endloop
  endfacet
  facet normal 0.442247 -0.896893 0
    outer loop
      vertex 12.825 -111.898 0
      vertex 13.042 -111.791 3
      vertex 12.825 -111.898 3
    endloop
  endfacet
  facet normal 0.442247 -0.896893 0
    outer loop
      vertex 13.042 -111.791 3
      vertex 12.825 -111.898 0
      vertex 13.042 -111.791 0
    endloop
  endfacet
  facet normal 0.896729 0.442579 0
    outer loop
      vertex 12.1479 -114.425 3
      vertex 12.0408 -114.208 0
      vertex 12.0408 -114.208 3
    endloop
  endfacet
  facet normal 0.896729 0.442579 0
    outer loop
      vertex 12.0408 -114.208 0
      vertex 12.1479 -114.425 3
      vertex 12.1479 -114.425 0
    endloop
  endfacet
  facet normal 0.896729 -0.442579 0
    outer loop
      vertex 12.0408 -112.792 3
      vertex 12.1479 -112.575 0
      vertex 12.1479 -112.575 3
    endloop
  endfacet
  facet normal 0.896729 -0.442579 0
    outer loop
      vertex 12.1479 -112.575 0
      vertex 12.0408 -112.792 3
      vertex 12.0408 -112.792 0
    endloop
  endfacet
  facet normal 0.831286 -0.555845 0
    outer loop
      vertex 12.1479 -112.575 3
      vertex 12.2823 -112.374 0
      vertex 12.2823 -112.374 3
    endloop
  endfacet
  facet normal 0.831286 -0.555845 0
    outer loop
      vertex 12.2823 -112.374 0
      vertex 12.1479 -112.575 3
      vertex 12.1479 -112.575 0
    endloop
  endfacet
  facet normal 0.554318 0.832305 -0
    outer loop
      vertex 12.825 -115.102 0
      vertex 12.6238 -114.968 3
      vertex 12.825 -115.102 3
    endloop
  endfacet
  facet normal 0.554318 0.832305 0
    outer loop
      vertex 12.6238 -114.968 3
      vertex 12.825 -115.102 0
      vertex 12.6238 -114.968 0
    endloop
  endfacet
  facet normal -0.980945 -0.194287 0
    outer loop
      vertex 178.084 -33.2585 0
      vertex 178.037 -33.0212 3
      vertex 178.037 -33.0212 0
    endloop
  endfacet
  facet normal -0.980945 -0.194287 0
    outer loop
      vertex 178.037 -33.0212 3
      vertex 178.084 -33.2585 0
      vertex 178.084 -33.2585 3
    endloop
  endfacet
  facet normal -0.997812 -0.0661077 0
    outer loop
      vertex 178.1 -33.5 0
      vertex 178.084 -33.2585 3
      vertex 178.084 -33.2585 0
    endloop
  endfacet
  facet normal -0.997812 -0.0661077 0
    outer loop
      vertex 178.084 -33.2585 3
      vertex 178.1 -33.5 0
      vertex 178.1 -33.5 3
    endloop
  endfacet
  facet normal -0.946682 -0.322169 0
    outer loop
      vertex 178.037 -33.0212 0
      vertex 177.959 -32.792 3
      vertex 177.959 -32.792 0
    endloop
  endfacet
  facet normal -0.946682 -0.322169 0
    outer loop
      vertex 177.959 -32.792 3
      vertex 178.037 -33.0212 0
      vertex 178.037 -33.0212 3
    endloop
  endfacet
  facet normal 0.659323 -0.75186 0
    outer loop
      vertex 174.942 -32.1919 0
      vertex 175.124 -32.0323 3
      vertex 174.942 -32.1919 3
    endloop
  endfacet
  facet normal 0.659323 -0.75186 0
    outer loop
      vertex 175.124 -32.0323 3
      vertex 174.942 -32.1919 0
      vertex 175.124 -32.0323 0
    endloop
  endfacet
  facet normal -0.0654197 -0.997858 0
    outer loop
      vertex 176.25 -31.65 0
      vertex 176.491 -31.6658 3
      vertex 176.25 -31.65 3
    endloop
  endfacet
  facet normal -0.0654197 -0.997858 -0
    outer loop
      vertex 176.491 -31.6658 3
      vertex 176.25 -31.65 0
      vertex 176.491 -31.6658 0
    endloop
  endfacet
  facet normal 0.946682 -0.322169 0
    outer loop
      vertex 174.463 -33.0212 3
      vertex 174.541 -32.792 0
      vertex 174.541 -32.792 3
    endloop
  endfacet
  facet normal 0.946682 -0.322169 0
    outer loop
      vertex 174.541 -32.792 0
      vertex 174.463 -33.0212 3
      vertex 174.463 -33.0212 0
    endloop
  endfacet
  facet normal -0.980945 0.194287 0
    outer loop
      vertex 178.037 -33.9788 0
      vertex 178.084 -33.7415 3
      vertex 178.084 -33.7415 0
    endloop
  endfacet
  facet normal -0.980945 0.194287 0
    outer loop
      vertex 178.084 -33.7415 3
      vertex 178.037 -33.9788 0
      vertex 178.037 -33.9788 3
    endloop
  endfacet
  facet normal 0.832305 0.554318 0
    outer loop
      vertex 174.782 -34.6262 3
      vertex 174.648 -34.425 0
      vertex 174.648 -34.425 3
    endloop
  endfacet
  facet normal 0.832305 0.554318 0
    outer loop
      vertex 174.648 -34.425 0
      vertex 174.782 -34.6262 3
      vertex 174.782 -34.6262 0
    endloop
  endfacet
  facet normal 0.980945 -0.194287 0
    outer loop
      vertex 174.416 -33.2585 3
      vertex 174.463 -33.0212 0
      vertex 174.463 -33.0212 3
    endloop
  endfacet
  facet normal 0.980945 -0.194287 0
    outer loop
      vertex 174.463 -33.0212 0
      vertex 174.416 -33.2585 3
      vertex 174.416 -33.2585 0
    endloop
  endfacet
  facet normal 0.555845 -0.831286 0
    outer loop
      vertex 175.124 -32.0323 0
      vertex 175.325 -31.8979 3
      vertex 175.124 -32.0323 3
    endloop
  endfacet
  facet normal 0.555845 -0.831286 0
    outer loop
      vertex 175.325 -31.8979 3
      vertex 175.124 -32.0323 0
      vertex 175.325 -31.8979 0
    endloop
  endfacet
  facet normal 0.946682 0.322169 0
    outer loop
      vertex 174.541 -34.208 3
      vertex 174.463 -33.9788 0
      vertex 174.463 -33.9788 3
    endloop
  endfacet
  facet normal 0.946682 0.322169 0
    outer loop
      vertex 174.463 -33.9788 0
      vertex 174.541 -34.208 3
      vertex 174.541 -34.208 0
    endloop
  endfacet
  facet normal 0.980945 0.194287 0
    outer loop
      vertex 174.463 -33.9788 3
      vertex 174.416 -33.7415 0
      vertex 174.416 -33.7415 3
    endloop
  endfacet
  facet normal 0.980945 0.194287 0
    outer loop
      vertex 174.416 -33.7415 0
      vertex 174.463 -33.9788 3
      vertex 174.463 -33.9788 0
    endloop
  endfacet
  facet normal -0.32168 0.946848 0
    outer loop
      vertex 176.958 -35.2092 0
      vertex 176.729 -35.287 3
      vertex 176.958 -35.2092 3
    endloop
  endfacet
  facet normal -0.32168 0.946848 0
    outer loop
      vertex 176.729 -35.287 3
      vertex 176.958 -35.2092 0
      vertex 176.729 -35.287 0
    endloop
  endfacet
  facet normal 0.750861 -0.66046 0
    outer loop
      vertex 174.782 -32.3738 3
      vertex 174.942 -32.1919 0
      vertex 174.942 -32.1919 3
    endloop
  endfacet
  facet normal 0.750861 -0.66046 0
    outer loop
      vertex 174.942 -32.1919 0
      vertex 174.782 -32.3738 3
      vertex 174.782 -32.3738 0
    endloop
  endfacet
  facet normal -0.194531 0.980896 0
    outer loop
      vertex 176.729 -35.287 0
      vertex 176.491 -35.3342 3
      vertex 176.729 -35.287 3
    endloop
  endfacet
  facet normal -0.194531 0.980896 0
    outer loop
      vertex 176.491 -35.3342 3
      vertex 176.729 -35.287 0
      vertex 176.491 -35.3342 0
    endloop
  endfacet
  facet normal 0.32168 -0.946848 0
    outer loop
      vertex 175.542 -31.7908 0
      vertex 175.771 -31.713 3
      vertex 175.542 -31.7908 3
    endloop
  endfacet
  facet normal 0.32168 -0.946848 0
    outer loop
      vertex 175.771 -31.713 3
      vertex 175.542 -31.7908 0
      vertex 175.771 -31.713 0
    endloop
  endfacet
  facet normal -0.896893 -0.442247 0
    outer loop
      vertex 177.959 -32.792 0
      vertex 177.852 -32.575 3
      vertex 177.852 -32.575 0
    endloop
  endfacet
  facet normal -0.896893 -0.442247 0
    outer loop
      vertex 177.852 -32.575 3
      vertex 177.959 -32.792 0
      vertex 177.959 -32.792 3
    endloop
  endfacet
  facet normal 0.997812 0.0661077 0
    outer loop
      vertex 174.416 -33.7415 3
      vertex 174.4 -33.5 0
      vertex 174.4 -33.5 3
    endloop
  endfacet
  facet normal 0.997812 0.0661077 0
    outer loop
      vertex 174.4 -33.5 0
      vertex 174.416 -33.7415 3
      vertex 174.416 -33.7415 0
    endloop
  endfacet
  facet normal 0.0654197 0.997858 -0
    outer loop
      vertex 176.25 -35.35 0
      vertex 176.009 -35.3342 3
      vertex 176.25 -35.35 3
    endloop
  endfacet
  facet normal 0.0654197 0.997858 0
    outer loop
      vertex 176.009 -35.3342 3
      vertex 176.25 -35.35 0
      vertex 176.009 -35.3342 0
    endloop
  endfacet
  facet normal -0.194531 -0.980896 0
    outer loop
      vertex 176.491 -31.6658 0
      vertex 176.729 -31.713 3
      vertex 176.491 -31.6658 3
    endloop
  endfacet
  facet normal -0.194531 -0.980896 -0
    outer loop
      vertex 176.729 -31.713 3
      vertex 176.491 -31.6658 0
      vertex 176.729 -31.713 0
    endloop
  endfacet
  facet normal -0.832305 0.554318 0
    outer loop
      vertex 177.718 -34.6262 0
      vertex 177.852 -34.425 3
      vertex 177.852 -34.425 0
    endloop
  endfacet
  facet normal -0.832305 0.554318 0
    outer loop
      vertex 177.852 -34.425 3
      vertex 177.718 -34.6262 0
      vertex 177.718 -34.6262 3
    endloop
  endfacet
  facet normal 0.750861 0.66046 0
    outer loop
      vertex 174.942 -34.8081 3
      vertex 174.782 -34.6262 0
      vertex 174.782 -34.6262 3
    endloop
  endfacet
  facet normal 0.750861 0.66046 0
    outer loop
      vertex 174.782 -34.6262 0
      vertex 174.942 -34.8081 3
      vertex 174.942 -34.8081 0
    endloop
  endfacet
  facet normal 0.194531 0.980896 -0
    outer loop
      vertex 176.009 -35.3342 0
      vertex 175.771 -35.287 3
      vertex 176.009 -35.3342 3
    endloop
  endfacet
  facet normal 0.194531 0.980896 0
    outer loop
      vertex 175.771 -35.287 3
      vertex 176.009 -35.3342 0
      vertex 175.771 -35.287 0
    endloop
  endfacet
  facet normal -0.555845 -0.831286 0
    outer loop
      vertex 177.175 -31.8979 0
      vertex 177.376 -32.0323 3
      vertex 177.175 -31.8979 3
    endloop
  endfacet
  facet normal -0.555845 -0.831286 -0
    outer loop
      vertex 177.376 -32.0323 3
      vertex 177.175 -31.8979 0
      vertex 177.376 -32.0323 0
    endloop
  endfacet
  facet normal -0.997812 0.0661077 0
    outer loop
      vertex 178.084 -33.7415 0
      vertex 178.1 -33.5 3
      vertex 178.1 -33.5 0
    endloop
  endfacet
  facet normal -0.997812 0.0661077 0
    outer loop
      vertex 178.1 -33.5 3
      vertex 178.084 -33.7415 0
      vertex 178.084 -33.7415 3
    endloop
  endfacet
  facet normal 0.194531 -0.980896 0
    outer loop
      vertex 175.771 -31.713 0
      vertex 176.009 -31.6658 3
      vertex 175.771 -31.713 3
    endloop
  endfacet
  facet normal 0.194531 -0.980896 0
    outer loop
      vertex 176.009 -31.6658 3
      vertex 175.771 -31.713 0
      vertex 176.009 -31.6658 0
    endloop
  endfacet
  facet normal -0.659323 -0.75186 0
    outer loop
      vertex 177.376 -32.0323 0
      vertex 177.558 -32.1919 3
      vertex 177.376 -32.0323 3
    endloop
  endfacet
  facet normal -0.659323 -0.75186 -0
    outer loop
      vertex 177.558 -32.1919 3
      vertex 177.376 -32.0323 0
      vertex 177.558 -32.1919 0
    endloop
  endfacet
  facet normal -0.750861 -0.66046 0
    outer loop
      vertex 177.718 -32.3738 0
      vertex 177.558 -32.1919 3
      vertex 177.558 -32.1919 0
    endloop
  endfacet
  facet normal -0.750861 -0.66046 0
    outer loop
      vertex 177.558 -32.1919 3
      vertex 177.718 -32.3738 0
      vertex 177.718 -32.3738 3
    endloop
  endfacet
  facet normal 0.32168 0.946848 -0
    outer loop
      vertex 175.771 -35.287 0
      vertex 175.542 -35.2092 3
      vertex 175.771 -35.287 3
    endloop
  endfacet
  facet normal 0.32168 0.946848 0
    outer loop
      vertex 175.542 -35.2092 3
      vertex 175.771 -35.287 0
      vertex 175.542 -35.2092 0
    endloop
  endfacet
  facet normal -0.0654197 0.997858 0
    outer loop
      vertex 176.491 -35.3342 0
      vertex 176.25 -35.35 3
      vertex 176.491 -35.3342 3
    endloop
  endfacet
  facet normal -0.0654197 0.997858 0
    outer loop
      vertex 176.25 -35.35 3
      vertex 176.491 -35.3342 0
      vertex 176.25 -35.35 0
    endloop
  endfacet
  facet normal -0.555845 0.831286 0
    outer loop
      vertex 177.376 -34.9677 0
      vertex 177.175 -35.1021 3
      vertex 177.376 -34.9677 3
    endloop
  endfacet
  facet normal -0.555845 0.831286 0
    outer loop
      vertex 177.175 -35.1021 3
      vertex 177.376 -34.9677 0
      vertex 177.175 -35.1021 0
    endloop
  endfacet
  facet normal -0.946682 0.322169 0
    outer loop
      vertex 177.959 -34.208 0
      vertex 178.037 -33.9788 3
      vertex 178.037 -33.9788 0
    endloop
  endfacet
  facet normal -0.946682 0.322169 0
    outer loop
      vertex 178.037 -33.9788 3
      vertex 177.959 -34.208 0
      vertex 177.959 -34.208 3
    endloop
  endfacet
  facet normal -0.442579 -0.896729 0
    outer loop
      vertex 176.958 -31.7908 0
      vertex 177.175 -31.8979 3
      vertex 176.958 -31.7908 3
    endloop
  endfacet
  facet normal -0.442579 -0.896729 -0
    outer loop
      vertex 177.175 -31.8979 3
      vertex 176.958 -31.7908 0
      vertex 177.175 -31.8979 0
    endloop
  endfacet
  facet normal -0.832305 -0.554318 0
    outer loop
      vertex 177.852 -32.575 0
      vertex 177.718 -32.3738 3
      vertex 177.718 -32.3738 0
    endloop
  endfacet
  facet normal -0.832305 -0.554318 0
    outer loop
      vertex 177.718 -32.3738 3
      vertex 177.852 -32.575 0
      vertex 177.852 -32.575 3
    endloop
  endfacet
  facet normal -0.659323 0.75186 0
    outer loop
      vertex 177.558 -34.8081 0
      vertex 177.376 -34.9677 3
      vertex 177.558 -34.8081 3
    endloop
  endfacet
  facet normal -0.659323 0.75186 0
    outer loop
      vertex 177.376 -34.9677 3
      vertex 177.558 -34.8081 0
      vertex 177.376 -34.9677 0
    endloop
  endfacet
  facet normal -0.750861 0.66046 0
    outer loop
      vertex 177.558 -34.8081 0
      vertex 177.718 -34.6262 3
      vertex 177.718 -34.6262 0
    endloop
  endfacet
  facet normal -0.750861 0.66046 0
    outer loop
      vertex 177.718 -34.6262 3
      vertex 177.558 -34.8081 0
      vertex 177.558 -34.8081 3
    endloop
  endfacet
  facet normal -0.32168 -0.946848 0
    outer loop
      vertex 176.729 -31.713 0
      vertex 176.958 -31.7908 3
      vertex 176.729 -31.713 3
    endloop
  endfacet
  facet normal -0.32168 -0.946848 -0
    outer loop
      vertex 176.958 -31.7908 3
      vertex 176.729 -31.713 0
      vertex 176.958 -31.7908 0
    endloop
  endfacet
  facet normal 0.0654197 -0.997858 0
    outer loop
      vertex 176.009 -31.6658 0
      vertex 176.25 -31.65 3
      vertex 176.009 -31.6658 3
    endloop
  endfacet
  facet normal 0.0654197 -0.997858 0
    outer loop
      vertex 176.25 -31.65 3
      vertex 176.009 -31.6658 0
      vertex 176.25 -31.65 0
    endloop
  endfacet
  facet normal 0.659323 0.75186 -0
    outer loop
      vertex 175.124 -34.9677 0
      vertex 174.942 -34.8081 3
      vertex 175.124 -34.9677 3
    endloop
  endfacet
  facet normal 0.659323 0.75186 0
    outer loop
      vertex 174.942 -34.8081 3
      vertex 175.124 -34.9677 0
      vertex 174.942 -34.8081 0
    endloop
  endfacet
  facet normal -0.896893 0.442247 0
    outer loop
      vertex 177.852 -34.425 0
      vertex 177.959 -34.208 3
      vertex 177.959 -34.208 0
    endloop
  endfacet
  facet normal -0.896893 0.442247 0
    outer loop
      vertex 177.959 -34.208 3
      vertex 177.852 -34.425 0
      vertex 177.852 -34.425 3
    endloop
  endfacet
  facet normal 0.997812 -0.0661077 0
    outer loop
      vertex 174.4 -33.5 3
      vertex 174.416 -33.2585 0
      vertex 174.416 -33.2585 3
    endloop
  endfacet
  facet normal 0.997812 -0.0661077 0
    outer loop
      vertex 174.416 -33.2585 0
      vertex 174.4 -33.5 3
      vertex 174.4 -33.5 0
    endloop
  endfacet
  facet normal -0.442579 0.896729 0
    outer loop
      vertex 177.175 -35.1021 0
      vertex 176.958 -35.2092 3
      vertex 177.175 -35.1021 3
    endloop
  endfacet
  facet normal -0.442579 0.896729 0
    outer loop
      vertex 176.958 -35.2092 3
      vertex 177.175 -35.1021 0
      vertex 176.958 -35.2092 0
    endloop
  endfacet
  facet normal 0.442579 0.896729 -0
    outer loop
      vertex 175.542 -35.2092 0
      vertex 175.325 -35.1021 3
      vertex 175.542 -35.2092 3
    endloop
  endfacet
  facet normal 0.442579 0.896729 0
    outer loop
      vertex 175.325 -35.1021 3
      vertex 175.542 -35.2092 0
      vertex 175.325 -35.1021 0
    endloop
  endfacet
  facet normal 0.442579 -0.896729 0
    outer loop
      vertex 175.325 -31.8979 0
      vertex 175.542 -31.7908 3
      vertex 175.325 -31.8979 3
    endloop
  endfacet
  facet normal 0.442579 -0.896729 0
    outer loop
      vertex 175.542 -31.7908 3
      vertex 175.325 -31.8979 0
      vertex 175.542 -31.7908 0
    endloop
  endfacet
  facet normal 0.896893 0.442247 0
    outer loop
      vertex 174.648 -34.425 3
      vertex 174.541 -34.208 0
      vertex 174.541 -34.208 3
    endloop
  endfacet
  facet normal 0.896893 0.442247 0
    outer loop
      vertex 174.541 -34.208 0
      vertex 174.648 -34.425 3
      vertex 174.648 -34.425 0
    endloop
  endfacet
  facet normal 0.896893 -0.442247 0
    outer loop
      vertex 174.541 -32.792 3
      vertex 174.648 -32.575 0
      vertex 174.648 -32.575 3
    endloop
  endfacet
  facet normal 0.896893 -0.442247 0
    outer loop
      vertex 174.648 -32.575 0
      vertex 174.541 -32.792 3
      vertex 174.541 -32.792 0
    endloop
  endfacet
  facet normal 0.832305 -0.554318 0
    outer loop
      vertex 174.648 -32.575 3
      vertex 174.782 -32.3738 0
      vertex 174.782 -32.3738 3
    endloop
  endfacet
  facet normal 0.832305 -0.554318 0
    outer loop
      vertex 174.782 -32.3738 0
      vertex 174.648 -32.575 3
      vertex 174.648 -32.575 0
    endloop
  endfacet
  facet normal 0.555845 0.831286 -0
    outer loop
      vertex 175.325 -35.1021 0
      vertex 175.124 -34.9677 3
      vertex 175.325 -35.1021 3
    endloop
  endfacet
  facet normal 0.555845 0.831286 0
    outer loop
      vertex 175.124 -34.9677 3
      vertex 175.325 -35.1021 0
      vertex 175.124 -34.9677 0
    endloop
  endfacet
  facet normal -0.981053 -0.193737 0
    outer loop
      vertex 178.084 -113.259 0
      vertex 178.037 -113.021 3
      vertex 178.037 -113.021 0
    endloop
  endfacet
  facet normal -0.981053 -0.193737 0
    outer loop
      vertex 178.037 -113.021 3
      vertex 178.084 -113.259 0
      vertex 178.084 -113.259 3
    endloop
  endfacet
  facet normal -0.997803 -0.0662442 0
    outer loop
      vertex 178.1 -113.5 0
      vertex 178.084 -113.259 3
      vertex 178.084 -113.259 0
    endloop
  endfacet
  facet normal -0.997803 -0.0662442 0
    outer loop
      vertex 178.084 -113.259 3
      vertex 178.1 -113.5 0
      vertex 178.1 -113.5 3
    endloop
  endfacet
  facet normal -0.946596 -0.322421 0
    outer loop
      vertex 178.037 -113.021 0
      vertex 177.959 -112.792 3
      vertex 177.959 -112.792 0
    endloop
  endfacet
  facet normal -0.946596 -0.322421 0
    outer loop
      vertex 177.959 -112.792 3
      vertex 178.037 -113.021 0
      vertex 178.037 -113.021 3
    endloop
  endfacet
  facet normal 0.660256 -0.751041 0
    outer loop
      vertex 174.942 -112.192 0
      vertex 175.124 -112.032 3
      vertex 174.942 -112.192 3
    endloop
  endfacet
  facet normal 0.660256 -0.751041 0
    outer loop
      vertex 175.124 -112.032 3
      vertex 174.942 -112.192 0
      vertex 175.124 -112.032 0
    endloop
  endfacet
  facet normal -0.0662442 -0.997803 0
    outer loop
      vertex 176.25 -111.65 0
      vertex 176.491 -111.666 3
      vertex 176.25 -111.65 3
    endloop
  endfacet
  facet normal -0.0662442 -0.997803 -0
    outer loop
      vertex 176.491 -111.666 3
      vertex 176.25 -111.65 0
      vertex 176.491 -111.666 0
    endloop
  endfacet
  facet normal 0.946596 -0.322421 0
    outer loop
      vertex 174.463 -113.021 3
      vertex 174.541 -112.792 0
      vertex 174.541 -112.792 3
    endloop
  endfacet
  facet normal 0.946596 -0.322421 0
    outer loop
      vertex 174.541 -112.792 0
      vertex 174.463 -113.021 3
      vertex 174.463 -113.021 0
    endloop
  endfacet
  facet normal -0.981053 0.193737 0
    outer loop
      vertex 178.037 -113.979 0
      vertex 178.084 -113.741 3
      vertex 178.084 -113.741 0
    endloop
  endfacet
  facet normal -0.981053 0.193737 0
    outer loop
      vertex 178.084 -113.741 3
      vertex 178.037 -113.979 0
      vertex 178.037 -113.979 3
    endloop
  endfacet
  facet normal 0.83205 0.5547 0
    outer loop
      vertex 174.782 -114.626 3
      vertex 174.648 -114.425 0
      vertex 174.648 -114.425 3
    endloop
  endfacet
  facet normal 0.83205 0.5547 0
    outer loop
      vertex 174.648 -114.425 0
      vertex 174.782 -114.626 3
      vertex 174.782 -114.626 0
    endloop
  endfacet
  facet normal 0.981053 -0.193737 0
    outer loop
      vertex 174.416 -113.259 3
      vertex 174.463 -113.021 0
      vertex 174.463 -113.021 3
    endloop
  endfacet
  facet normal 0.981053 -0.193737 0
    outer loop
      vertex 174.463 -113.021 0
      vertex 174.416 -113.259 3
      vertex 174.416 -113.259 0
    endloop
  endfacet
  facet normal 0.5547 -0.83205 0
    outer loop
      vertex 175.124 -112.032 0
      vertex 175.325 -111.898 3
      vertex 175.124 -112.032 3
    endloop
  endfacet
  facet normal 0.5547 -0.83205 0
    outer loop
      vertex 175.325 -111.898 3
      vertex 175.124 -112.032 0
      vertex 175.325 -111.898 0
    endloop
  endfacet
  facet normal 0.946596 0.322421 0
    outer loop
      vertex 174.541 -114.208 3
      vertex 174.463 -113.979 0
      vertex 174.463 -113.979 3
    endloop
  endfacet
  facet normal 0.946596 0.322421 0
    outer loop
      vertex 174.463 -113.979 0
      vertex 174.541 -114.208 3
      vertex 174.541 -114.208 0
    endloop
  endfacet
  facet normal 0.981053 0.193737 0
    outer loop
      vertex 174.463 -113.979 3
      vertex 174.416 -113.741 0
      vertex 174.416 -113.741 3
    endloop
  endfacet
  facet normal 0.981053 0.193737 0
    outer loop
      vertex 174.416 -113.741 0
      vertex 174.463 -113.979 3
      vertex 174.463 -113.979 0
    endloop
  endfacet
  facet normal -0.322421 0.946596 0
    outer loop
      vertex 176.958 -115.209 0
      vertex 176.729 -115.287 3
      vertex 176.958 -115.209 3
    endloop
  endfacet
  facet normal -0.322421 0.946596 0
    outer loop
      vertex 176.729 -115.287 3
      vertex 176.958 -115.209 0
      vertex 176.729 -115.287 0
    endloop
  endfacet
  facet normal 0.751041 -0.660256 0
    outer loop
      vertex 174.782 -112.374 3
      vertex 174.942 -112.192 0
      vertex 174.942 -112.192 3
    endloop
  endfacet
  facet normal 0.751041 -0.660256 0
    outer loop
      vertex 174.942 -112.192 0
      vertex 174.782 -112.374 3
      vertex 174.782 -112.374 0
    endloop
  endfacet
  facet normal -0.193737 0.981053 0
    outer loop
      vertex 176.729 -115.287 0
      vertex 176.491 -115.334 3
      vertex 176.729 -115.287 3
    endloop
  endfacet
  facet normal -0.193737 0.981053 0
    outer loop
      vertex 176.491 -115.334 3
      vertex 176.729 -115.287 0
      vertex 176.491 -115.334 0
    endloop
  endfacet
  facet normal 0.322421 -0.946596 0
    outer loop
      vertex 175.542 -111.791 0
      vertex 175.771 -111.713 3
      vertex 175.542 -111.791 3
    endloop
  endfacet
  facet normal 0.322421 -0.946596 0
    outer loop
      vertex 175.771 -111.713 3
      vertex 175.542 -111.791 0
      vertex 175.771 -111.713 0
    endloop
  endfacet
  facet normal -0.896893 -0.442247 0
    outer loop
      vertex 177.959 -112.792 0
      vertex 177.852 -112.575 3
      vertex 177.852 -112.575 0
    endloop
  endfacet
  facet normal -0.896893 -0.442247 0
    outer loop
      vertex 177.852 -112.575 3
      vertex 177.959 -112.792 0
      vertex 177.959 -112.792 3
    endloop
  endfacet
  facet normal 0.997803 0.0662442 0
    outer loop
      vertex 174.416 -113.741 3
      vertex 174.4 -113.5 0
      vertex 174.4 -113.5 3
    endloop
  endfacet
  facet normal 0.997803 0.0662442 0
    outer loop
      vertex 174.4 -113.5 0
      vertex 174.416 -113.741 3
      vertex 174.416 -113.741 0
    endloop
  endfacet
  facet normal 0.0662442 0.997803 -0
    outer loop
      vertex 176.25 -115.35 0
      vertex 176.009 -115.334 3
      vertex 176.25 -115.35 3
    endloop
  endfacet
  facet normal 0.0662442 0.997803 0
    outer loop
      vertex 176.009 -115.334 3
      vertex 176.25 -115.35 0
      vertex 176.009 -115.334 0
    endloop
  endfacet
  facet normal -0.193737 -0.981053 0
    outer loop
      vertex 176.491 -111.666 0
      vertex 176.729 -111.713 3
      vertex 176.491 -111.666 3
    endloop
  endfacet
  facet normal -0.193737 -0.981053 -0
    outer loop
      vertex 176.729 -111.713 3
      vertex 176.491 -111.666 0
      vertex 176.729 -111.713 0
    endloop
  endfacet
  facet normal -0.83205 0.5547 0
    outer loop
      vertex 177.718 -114.626 0
      vertex 177.852 -114.425 3
      vertex 177.852 -114.425 0
    endloop
  endfacet
  facet normal -0.83205 0.5547 0
    outer loop
      vertex 177.852 -114.425 3
      vertex 177.718 -114.626 0
      vertex 177.718 -114.626 3
    endloop
  endfacet
  facet normal 0.751041 0.660256 0
    outer loop
      vertex 174.942 -114.808 3
      vertex 174.782 -114.626 0
      vertex 174.782 -114.626 3
    endloop
  endfacet
  facet normal 0.751041 0.660256 0
    outer loop
      vertex 174.782 -114.626 0
      vertex 174.942 -114.808 3
      vertex 174.942 -114.808 0
    endloop
  endfacet
  facet normal 0.193737 0.981053 -0
    outer loop
      vertex 176.009 -115.334 0
      vertex 175.771 -115.287 3
      vertex 176.009 -115.334 3
    endloop
  endfacet
  facet normal 0.193737 0.981053 0
    outer loop
      vertex 175.771 -115.287 3
      vertex 176.009 -115.334 0
      vertex 175.771 -115.287 0
    endloop
  endfacet
  facet normal -0.5547 -0.83205 0
    outer loop
      vertex 177.175 -111.898 0
      vertex 177.376 -112.032 3
      vertex 177.175 -111.898 3
    endloop
  endfacet
  facet normal -0.5547 -0.83205 -0
    outer loop
      vertex 177.376 -112.032 3
      vertex 177.175 -111.898 0
      vertex 177.376 -112.032 0
    endloop
  endfacet
  facet normal -0.997803 0.0662442 0
    outer loop
      vertex 178.084 -113.741 0
      vertex 178.1 -113.5 3
      vertex 178.1 -113.5 0
    endloop
  endfacet
  facet normal -0.997803 0.0662442 0
    outer loop
      vertex 178.1 -113.5 3
      vertex 178.084 -113.741 0
      vertex 178.084 -113.741 3
    endloop
  endfacet
  facet normal 0.193737 -0.981053 0
    outer loop
      vertex 175.771 -111.713 0
      vertex 176.009 -111.666 3
      vertex 175.771 -111.713 3
    endloop
  endfacet
  facet normal 0.193737 -0.981053 0
    outer loop
      vertex 176.009 -111.666 3
      vertex 175.771 -111.713 0
      vertex 176.009 -111.666 0
    endloop
  endfacet
  facet normal -0.660256 -0.751041 0
    outer loop
      vertex 177.376 -112.032 0
      vertex 177.558 -112.192 3
      vertex 177.376 -112.032 3
    endloop
  endfacet
  facet normal -0.660256 -0.751041 -0
    outer loop
      vertex 177.558 -112.192 3
      vertex 177.376 -112.032 0
      vertex 177.558 -112.192 0
    endloop
  endfacet
  facet normal -0.751041 -0.660256 0
    outer loop
      vertex 177.718 -112.374 0
      vertex 177.558 -112.192 3
      vertex 177.558 -112.192 0
    endloop
  endfacet
  facet normal -0.751041 -0.660256 0
    outer loop
      vertex 177.558 -112.192 3
      vertex 177.718 -112.374 0
      vertex 177.718 -112.374 3
    endloop
  endfacet
  facet normal 0.322421 0.946596 -0
    outer loop
      vertex 175.771 -115.287 0
      vertex 175.542 -115.209 3
      vertex 175.771 -115.287 3
    endloop
  endfacet
  facet normal 0.322421 0.946596 0
    outer loop
      vertex 175.542 -115.209 3
      vertex 175.771 -115.287 0
      vertex 175.542 -115.209 0
    endloop
  endfacet
  facet normal -0.0662442 0.997803 0
    outer loop
      vertex 176.491 -115.334 0
      vertex 176.25 -115.35 3
      vertex 176.491 -115.334 3
    endloop
  endfacet
  facet normal -0.0662442 0.997803 0
    outer loop
      vertex 176.25 -115.35 3
      vertex 176.491 -115.334 0
      vertex 176.25 -115.35 0
    endloop
  endfacet
  facet normal -0.5547 0.83205 0
    outer loop
      vertex 177.376 -114.968 0
      vertex 177.175 -115.102 3
      vertex 177.376 -114.968 3
    endloop
  endfacet
  facet normal -0.5547 0.83205 0
    outer loop
      vertex 177.175 -115.102 3
      vertex 177.376 -114.968 0
      vertex 177.175 -115.102 0
    endloop
  endfacet
  facet normal -0.946596 0.322421 0
    outer loop
      vertex 177.959 -114.208 0
      vertex 178.037 -113.979 3
      vertex 178.037 -113.979 0
    endloop
  endfacet
  facet normal -0.946596 0.322421 0
    outer loop
      vertex 178.037 -113.979 3
      vertex 177.959 -114.208 0
      vertex 177.959 -114.208 3
    endloop
  endfacet
  facet normal -0.442247 -0.896893 0
    outer loop
      vertex 176.958 -111.791 0
      vertex 177.175 -111.898 3
      vertex 176.958 -111.791 3
    endloop
  endfacet
  facet normal -0.442247 -0.896893 -0
    outer loop
      vertex 177.175 -111.898 3
      vertex 176.958 -111.791 0
      vertex 177.175 -111.898 0
    endloop
  endfacet
  facet normal -0.83205 -0.5547 0
    outer loop
      vertex 177.852 -112.575 0
      vertex 177.718 -112.374 3
      vertex 177.718 -112.374 0
    endloop
  endfacet
  facet normal -0.83205 -0.5547 0
    outer loop
      vertex 177.718 -112.374 3
      vertex 177.852 -112.575 0
      vertex 177.852 -112.575 3
    endloop
  endfacet
  facet normal -0.660256 0.751041 0
    outer loop
      vertex 177.558 -114.808 0
      vertex 177.376 -114.968 3
      vertex 177.558 -114.808 3
    endloop
  endfacet
  facet normal -0.660256 0.751041 0
    outer loop
      vertex 177.376 -114.968 3
      vertex 177.558 -114.808 0
      vertex 177.376 -114.968 0
    endloop
  endfacet
  facet normal -0.751041 0.660256 0
    outer loop
      vertex 177.558 -114.808 0
      vertex 177.718 -114.626 3
      vertex 177.718 -114.626 0
    endloop
  endfacet
  facet normal -0.751041 0.660256 0
    outer loop
      vertex 177.718 -114.626 3
      vertex 177.558 -114.808 0
      vertex 177.558 -114.808 3
    endloop
  endfacet
  facet normal -0.322421 -0.946596 0
    outer loop
      vertex 176.729 -111.713 0
      vertex 176.958 -111.791 3
      vertex 176.729 -111.713 3
    endloop
  endfacet
  facet normal -0.322421 -0.946596 -0
    outer loop
      vertex 176.958 -111.791 3
      vertex 176.729 -111.713 0
      vertex 176.958 -111.791 0
    endloop
  endfacet
  facet normal 0.0662442 -0.997803 0
    outer loop
      vertex 176.009 -111.666 0
      vertex 176.25 -111.65 3
      vertex 176.009 -111.666 3
    endloop
  endfacet
  facet normal 0.0662442 -0.997803 0
    outer loop
      vertex 176.25 -111.65 3
      vertex 176.009 -111.666 0
      vertex 176.25 -111.65 0
    endloop
  endfacet
  facet normal 0.660256 0.751041 -0
    outer loop
      vertex 175.124 -114.968 0
      vertex 174.942 -114.808 3
      vertex 175.124 -114.968 3
    endloop
  endfacet
  facet normal 0.660256 0.751041 0
    outer loop
      vertex 174.942 -114.808 3
      vertex 175.124 -114.968 0
      vertex 174.942 -114.808 0
    endloop
  endfacet
  facet normal -0.896893 0.442247 0
    outer loop
      vertex 177.852 -114.425 0
      vertex 177.959 -114.208 3
      vertex 177.959 -114.208 0
    endloop
  endfacet
  facet normal -0.896893 0.442247 0
    outer loop
      vertex 177.959 -114.208 3
      vertex 177.852 -114.425 0
      vertex 177.852 -114.425 3
    endloop
  endfacet
  facet normal 0.997803 -0.0662442 0
    outer loop
      vertex 174.4 -113.5 3
      vertex 174.416 -113.259 0
      vertex 174.416 -113.259 3
    endloop
  endfacet
  facet normal 0.997803 -0.0662442 0
    outer loop
      vertex 174.416 -113.259 0
      vertex 174.4 -113.5 3
      vertex 174.4 -113.5 0
    endloop
  endfacet
  facet normal -0.442247 0.896893 0
    outer loop
      vertex 177.175 -115.102 0
      vertex 176.958 -115.209 3
      vertex 177.175 -115.102 3
    endloop
  endfacet
  facet normal -0.442247 0.896893 0
    outer loop
      vertex 176.958 -115.209 3
      vertex 177.175 -115.102 0
      vertex 176.958 -115.209 0
    endloop
  endfacet
  facet normal 0.442247 0.896893 -0
    outer loop
      vertex 175.542 -115.209 0
      vertex 175.325 -115.102 3
      vertex 175.542 -115.209 3
    endloop
  endfacet
  facet normal 0.442247 0.896893 0
    outer loop
      vertex 175.325 -115.102 3
      vertex 175.542 -115.209 0
      vertex 175.325 -115.102 0
    endloop
  endfacet
  facet normal 0.442247 -0.896893 0
    outer loop
      vertex 175.325 -111.898 0
      vertex 175.542 -111.791 3
      vertex 175.325 -111.898 3
    endloop
  endfacet
  facet normal 0.442247 -0.896893 0
    outer loop
      vertex 175.542 -111.791 3
      vertex 175.325 -111.898 0
      vertex 175.542 -111.791 0
    endloop
  endfacet
  facet normal 0.896893 0.442247 0
    outer loop
      vertex 174.648 -114.425 3
      vertex 174.541 -114.208 0
      vertex 174.541 -114.208 3
    endloop
  endfacet
  facet normal 0.896893 0.442247 0
    outer loop
      vertex 174.541 -114.208 0
      vertex 174.648 -114.425 3
      vertex 174.648 -114.425 0
    endloop
  endfacet
  facet normal 0.896893 -0.442247 0
    outer loop
      vertex 174.541 -112.792 3
      vertex 174.648 -112.575 0
      vertex 174.648 -112.575 3
    endloop
  endfacet
  facet normal 0.896893 -0.442247 0
    outer loop
      vertex 174.648 -112.575 0
      vertex 174.541 -112.792 3
      vertex 174.541 -112.792 0
    endloop
  endfacet
  facet normal 0.83205 -0.5547 0
    outer loop
      vertex 174.648 -112.575 3
      vertex 174.782 -112.374 0
      vertex 174.782 -112.374 3
    endloop
  endfacet
  facet normal 0.83205 -0.5547 0
    outer loop
      vertex 174.782 -112.374 0
      vertex 174.648 -112.575 3
      vertex 174.648 -112.575 0
    endloop
  endfacet
  facet normal 0.5547 0.83205 -0
    outer loop
      vertex 175.325 -115.102 0
      vertex 175.124 -114.968 3
      vertex 175.325 -115.102 3
    endloop
  endfacet
  facet normal 0.5547 0.83205 0
    outer loop
      vertex 175.124 -114.968 3
      vertex 175.325 -115.102 0
      vertex 175.124 -114.968 0
    endloop
  endfacet
  facet normal 0.046305 0.706348 -0.706349
    outer loop
      vertex 182.783 -2.05133 0
      vertex 182 -2 0
      vertex 183.044 -0.0684357 2
    endloop
  endfacet
  facet normal 0.0463022 0.706348 -0.706348
    outer loop
      vertex 183.044 -0.0684357 2
      vertex 182 -2 0
      vertex 182 0 2
    endloop
  endfacet
  facet normal 0.138058 0.694259 -0.70636
    outer loop
      vertex 183.553 -2.20445 0
      vertex 182.783 -2.05133 0
      vertex 184.071 -0.272598 2
    endloop
  endfacet
  facet normal 0.706358 0.0459992 -0.706358
    outer loop
      vertex 190 -8 2
      vertex 188 -8 0
      vertex 189.932 -6.9558 2
    endloop
  endfacet
  facet normal 0.670501 0.227357 -0.706213
    outer loop
      vertex 187.796 -6.44708 0
      vertex 189.391 -4.93854 2
      vertex 189.727 -5.92944 2
    endloop
  endfacet
  facet normal 0.670042 0.228102 -0.706409
    outer loop
      vertex 189.391 -4.93854 2
      vertex 187.796 -6.44708 0
      vertex 187.543 -5.7039 0
    endloop
  endfacet
  facet normal 0 0.707107 -0.707107
    outer loop
      vertex 182 -2 0
      vertex 8 0 2
      vertex 182 0 2
    endloop
  endfacet
  facet normal 0 0.707107 -0.707107
    outer loop
      vertex 8 0 2
      vertex 182 -2 0
      vertex 8 -2 0
    endloop
  endfacet
  facet normal 0.947036 0.321126 0
    outer loop
      vertex 189.727 -5.92944 3
      vertex 189.391 -4.93854 2
      vertex 189.391 -4.93854 3
    endloop
  endfacet
  facet normal 0.947036 0.321126 0
    outer loop
      vertex 189.391 -4.93854 2
      vertex 189.727 -5.92944 3
      vertex 189.727 -5.92944 2
    endloop
  endfacet
  facet normal 0.980631 0.195866 0
    outer loop
      vertex 189.932 -6.9558 3
      vertex 189.727 -5.92944 2
      vertex 189.727 -5.92944 3
    endloop
  endfacet
  facet normal 0.980631 0.195866 0
    outer loop
      vertex 189.727 -5.92944 2
      vertex 189.932 -6.9558 3
      vertex 189.932 -6.9558 2
    endloop
  endfacet
  facet normal 0.393082 0.588682 -0.706357
    outer loop
      vertex 185.653 -3.23988 0
      vertex 185 -2.80385 0
      vertex 186 -1.07179 2
    endloop
  endfacet
  facet normal 0 1 -0
    outer loop
      vertex 182 0 2
      vertex 8 0 3
      vertex 182 0 3
    endloop
  endfacet
  facet normal 0 1 0
    outer loop
      vertex 8 0 3
      vertex 182 0 2
      vertex 8 0 2
    endloop
  endfacet
  facet normal 0.466666 0.532293 -0.70632
    outer loop
      vertex 187.657 -2.34314 2
      vertex 186.243 -3.75735 0
      vertex 186.87 -1.65317 2
    endloop
  endfacet
  facet normal -0.706348 0.0462956 -0.706349
    outer loop
      vertex 2 -8 0
      vertex 0.0684357 -6.9558 2
      vertex 2.05133 -7.21684 0
    endloop
  endfacet
  facet normal -0.313076 0.634865 -0.706349
    outer loop
      vertex 5 -2.80385 0
      vertex 4.93854 -0.608963 2
      vertex 5.7039 -2.45673 0
    endloop
  endfacet
  facet normal -0.313074 0.634866 -0.70635
    outer loop
      vertex 4.93854 -0.608963 2
      vertex 5 -2.80385 0
      vertex 4 -1.07179 2
    endloop
  endfacet
  facet normal 1 -0 0
    outer loop
      vertex 190 -139 3
      vertex 190 -8 2
      vertex 190 -8 3
    endloop
  endfacet
  facet normal 1 0 0
    outer loop
      vertex 190 -8 2
      vertex 190 -139 3
      vertex 190 -139 2
    endloop
  endfacet
  facet normal -0.138027 -0.694431 -0.706197
    outer loop
      vertex 7.21684 -144.949 0
      vertex 5.92944 -146.727 2
      vertex 6.44708 -144.796 0
    endloop
  endfacet
  facet normal -1 0 0
    outer loop
      vertex 0 -139 2
      vertex 0 -8 3
      vertex 0 -8 2
    endloop
  endfacet
  facet normal -1 -0 0
    outer loop
      vertex 0 -8 3
      vertex 0 -139 2
      vertex 0 -139 3
    endloop
  endfacet
  facet normal 0.046008 -0.706358 -0.706358
    outer loop
      vertex 183.044 -146.932 2
      vertex 182 -145 0
      vertex 182.783 -144.949 0
    endloop
  endfacet
  facet normal -0.0459992 -0.706358 -0.706358
    outer loop
      vertex 8 -147 2
      vertex 6.9558 -146.932 2
      vertex 8 -145 0
    endloop
  endfacet
  facet normal 0.466523 -0.532396 -0.706336
    outer loop
      vertex 186.87 -145.347 2
      vertex 185.653 -143.76 0
      vertex 186.243 -143.243 0
    endloop
  endfacet
  facet normal -0.0462956 0.706348 -0.706349
    outer loop
      vertex 7.21684 -2.05133 0
      vertex 6.9558 -0.0684357 2
      vertex 8 -2 0
    endloop
  endfacet
  facet normal 0.0654111 0.997858 -0
    outer loop
      vertex 183.044 -0.0684357 2
      vertex 182 0 3
      vertex 183.044 -0.0684357 3
    endloop
  endfacet
  facet normal 0.0654111 0.997858 0
    outer loop
      vertex 182 0 3
      vertex 183.044 -0.0684357 2
      vertex 182 0 2
    endloop
  endfacet
  facet normal 0.659232 0.751939 -0
    outer loop
      vertex 187.657 -2.34314 2
      vertex 186.87 -1.65317 3
      vertex 187.657 -2.34314 3
    endloop
  endfacet
  facet normal 0.659232 0.751939 0
    outer loop
      vertex 186.87 -1.65317 3
      vertex 187.657 -2.34314 2
      vertex 186.87 -1.65317 2
    endloop
  endfacet
  facet normal -0.555322 -0.831635 0
    outer loop
      vertex 3.12991 -145.347 2
      vertex 4 -145.928 3
      vertex 3.12991 -145.347 3
    endloop
  endfacet
  facet normal -0.555322 -0.831635 -0
    outer loop
      vertex 4 -145.928 3
      vertex 3.12991 -145.347 2
      vertex 4 -145.928 2
    endloop
  endfacet
  facet normal 0.896811 0.442414 0
    outer loop
      vertex 189.391 -4.93854 3
      vertex 188.928 -4 2
      vertex 188.928 -4 3
    endloop
  endfacet
  facet normal 0.896811 0.442414 0
    outer loop
      vertex 188.928 -4 2
      vertex 189.391 -4.93854 3
      vertex 189.391 -4.93854 2
    endloop
  endfacet
  facet normal 0.670425 -0.227538 -0.706227
    outer loop
      vertex 189.391 -142.061 2
      vertex 187.796 -140.553 0
      vertex 189.727 -141.071 2
    endloop
  endfacet
  facet normal 0.670043 -0.228157 -0.70639
    outer loop
      vertex 187.796 -140.553 0
      vertex 189.391 -142.061 2
      vertex 187.543 -141.296 0
    endloop
  endfacet
  facet normal 0.706358 -0.046008 -0.706358
    outer loop
      vertex 189.932 -140.044 2
      vertex 187.949 -139.783 0
      vertex 188 -139 0
    endloop
  endfacet
  facet normal 0.707107 0 -0.707107
    outer loop
      vertex 190 -139 2
      vertex 188 -8 0
      vertex 190 -8 2
    endloop
  endfacet
  facet normal 0.707107 0 -0.707107
    outer loop
      vertex 188 -8 0
      vertex 190 -139 2
      vertex 188 -139 0
    endloop
  endfacet
  facet normal 0 -0.707107 -0.707107
    outer loop
      vertex 8 -145 0
      vertex 182 -147 2
      vertex 8 -147 2
    endloop
  endfacet
  facet normal 0 -0.707107 -0.707107
    outer loop
      vertex 182 -147 2
      vertex 8 -145 0
      vertex 182 -145 0
    endloop
  endfacet
  facet normal 0.555613 0.831441 -0
    outer loop
      vertex 186.87 -1.65317 2
      vertex 186 -1.07179 3
      vertex 186.87 -1.65317 3
    endloop
  endfacet
  facet normal 0.555613 0.831441 0
    outer loop
      vertex 186 -1.07179 3
      vertex 186.87 -1.65317 2
      vertex 186 -1.07179 2
    endloop
  endfacet
  facet normal -0.466725 0.532204 -0.706348
    outer loop
      vertex 3.75735 -3.75735 0
      vertex 2.34314 -2.34314 2
      vertex 3.12991 -1.65317 2
    endloop
  endfacet
  facet normal 0.997886 -0.0649964 0
    outer loop
      vertex 189.932 -140.044 3
      vertex 190 -139 2
      vertex 190 -139 3
    endloop
  endfacet
  facet normal 0.997886 -0.0649964 0
    outer loop
      vertex 190 -139 2
      vertex 189.932 -140.044 3
      vertex 189.932 -140.044 2
    endloop
  endfacet
  facet normal 0 -1 0
    outer loop
      vertex 8 -147 2
      vertex 182 -147 3
      vertex 8 -147 3
    endloop
  endfacet
  facet normal 0 -1 -0
    outer loop
      vertex 182 -147 3
      vertex 8 -147 2
      vertex 182 -147 2
    endloop
  endfacet
  facet normal 0.634789 0.313154 -0.706383
    outer loop
      vertex 187.543 -5.7039 0
      vertex 188.928 -4 2
      vertex 189.391 -4.93854 2
    endloop
  endfacet
  facet normal 0.634919 0.312995 -0.706337
    outer loop
      vertex 188.928 -4 2
      vertex 187.543 -5.7039 0
      vertex 187.196 -5 0
    endloop
  endfacet
  facet normal -0.442281 0.896876 0
    outer loop
      vertex 4.93854 -0.608963 2
      vertex 4 -1.07179 3
      vertex 4.93854 -0.608963 3
    endloop
  endfacet
  facet normal -0.442281 0.896876 0
    outer loop
      vertex 4 -1.07179 3
      vertex 4.93854 -0.608963 2
      vertex 4 -1.07179 2
    endloop
  endfacet
  facet normal -0.588589 -0.393326 -0.706299
    outer loop
      vertex 1.65317 -143.87 2
      vertex 1.07179 -143 2
      vertex 3.23988 -142.653 0
    endloop
  endfacet
  facet normal -0.670297 -0.227594 -0.706331
    outer loop
      vertex 0.608963 -142.061 2
      vertex 2.20445 -140.553 0
      vertex 2.45673 -141.296 0
    endloop
  endfacet
  facet normal -0.670221 -0.227716 -0.706363
    outer loop
      vertex 2.20445 -140.553 0
      vertex 0.608963 -142.061 2
      vertex 0.272598 -141.071 2
    endloop
  endfacet
  facet normal 0.997886 0.064984 0
    outer loop
      vertex 190 -8 3
      vertex 189.932 -6.9558 2
      vertex 189.932 -6.9558 3
    endloop
  endfacet
  facet normal 0.997886 0.064984 0
    outer loop
      vertex 189.932 -6.9558 2
      vertex 190 -8 3
      vertex 190 -8 2
    endloop
  endfacet
  facet normal 0.634871 -0.313041 -0.706359
    outer loop
      vertex 188.928 -143 2
      vertex 187.543 -141.296 0
      vertex 189.391 -142.061 2
    endloop
  endfacet
  facet normal 0.634938 -0.312959 -0.706336
    outer loop
      vertex 187.543 -141.296 0
      vertex 188.928 -143 2
      vertex 187.196 -142 0
    endloop
  endfacet
  facet normal -0.706348 -0.0463022 -0.706348
    outer loop
      vertex 0.0684357 -140.044 2
      vertex 0 -139 2
      vertex 2 -139 0
    endloop
  endfacet
  facet normal 0.227725 0.670247 -0.706335
    outer loop
      vertex 184.296 -2.45673 0
      vertex 184.071 -0.272598 2
      vertex 185.061 -0.608963 2
    endloop
  endfacet
  facet normal 0.227582 0.670262 -0.706367
    outer loop
      vertex 184.071 -0.272598 2
      vertex 184.296 -2.45673 0
      vertex 183.553 -2.20445 0
    endloop
  endfacet
  facet normal 0.393068 -0.588701 -0.706349
    outer loop
      vertex 186 -145.928 2
      vertex 185 -144.196 0
      vertex 185.653 -143.76 0
    endloop
  endfacet
  facet normal -0.0462933 0.706349 -0.706349
    outer loop
      vertex 8 -2 0
      vertex 6.9558 -0.0684357 2
      vertex 8 0 2
    endloop
  endfacet
  facet normal -0.706348 -0.046305 -0.706349
    outer loop
      vertex 2.05133 -139.783 0
      vertex 0.0684357 -140.044 2
      vertex 2 -139 0
    endloop
  endfacet
  facet normal 0.694153 0.138647 -0.706349
    outer loop
      vertex 189.932 -6.9558 2
      vertex 187.949 -7.21684 0
      vertex 189.727 -5.92944 2
    endloop
  endfacet
  facet normal 0.751925 -0.659248 0
    outer loop
      vertex 187.657 -144.657 3
      vertex 188.347 -143.87 2
      vertex 188.347 -143.87 3
    endloop
  endfacet
  facet normal 0.751925 -0.659248 0
    outer loop
      vertex 188.347 -143.87 2
      vertex 187.657 -144.657 3
      vertex 187.657 -144.657 2
    endloop
  endfacet
  facet normal 0.694168 -0.138563 -0.70635
    outer loop
      vertex 189.727 -141.071 2
      vertex 187.949 -139.783 0
      vertex 189.932 -140.044 2
    endloop
  endfacet
  facet normal -0.138102 0.694262 -0.706349
    outer loop
      vertex 7.21684 -2.05133 0
      vertex 5.92944 -0.272598 2
      vertex 6.9558 -0.0684357 2
    endloop
  endfacet
  facet normal -0.466719 0.532207 -0.706349
    outer loop
      vertex 3.75735 -3.75735 0
      vertex 3.12991 -1.65317 2
      vertex 4.34743 -3.23988 0
    endloop
  endfacet
  facet normal -0.227539 0.670297 -0.706349
    outer loop
      vertex 5.7039 -2.45673 0
      vertex 5.92944 -0.272598 2
      vertex 6.44708 -2.20445 0
    endloop
  endfacet
  facet normal -0.227535 0.670297 -0.70635
    outer loop
      vertex 5.92944 -0.272598 2
      vertex 5.7039 -2.45673 0
      vertex 4.93854 -0.608963 2
    endloop
  endfacet
  facet normal 0.706358 0.0459986 -0.706358
    outer loop
      vertex 188 -8 0
      vertex 187.949 -7.21684 0
      vertex 189.932 -6.9558 2
    endloop
  endfacet
  facet normal 0.046008 -0.706358 -0.706358
    outer loop
      vertex 182 -147 2
      vertex 182 -145 0
      vertex 183.044 -146.932 2
    endloop
  endfacet
  facet normal 0.946948 -0.321388 0
    outer loop
      vertex 189.391 -142.061 3
      vertex 189.727 -141.071 2
      vertex 189.727 -141.071 3
    endloop
  endfacet
  facet normal 0.946948 -0.321388 0
    outer loop
      vertex 189.727 -141.071 2
      vertex 189.391 -142.061 3
      vertex 189.391 -142.061 2
    endloop
  endfacet
  facet normal 0.466795 0.532223 -0.706287
    outer loop
      vertex 186.243 -3.75735 0
      vertex 185.653 -3.23988 0
      vertex 186.87 -1.65317 2
    endloop
  endfacet
  facet normal -0.195096 0.980784 0
    outer loop
      vertex 6.9558 -0.0684357 2
      vertex 5.92944 -0.272598 3
      vertex 6.9558 -0.0684357 3
    endloop
  endfacet
  facet normal -0.195096 0.980784 0
    outer loop
      vertex 5.92944 -0.272598 3
      vertex 6.9558 -0.0684357 2
      vertex 5.92944 -0.272598 2
    endloop
  endfacet
  facet normal -0.555573 0.831468 0
    outer loop
      vertex 4 -1.07179 2
      vertex 3.12991 -1.65317 3
      vertex 4 -1.07179 3
    endloop
  endfacet
  facet normal -0.555573 0.831468 0
    outer loop
      vertex 3.12991 -1.65317 3
      vertex 4 -1.07179 2
      vertex 3.12991 -1.65317 2
    endloop
  endfacet
  facet normal 0.442107 0.896962 -0
    outer loop
      vertex 186 -1.07179 2
      vertex 185.061 -0.608963 3
      vertex 186 -1.07179 3
    endloop
  endfacet
  facet normal 0.442107 0.896962 0
    outer loop
      vertex 185.061 -0.608963 3
      vertex 186 -1.07179 2
      vertex 185.061 -0.608963 2
    endloop
  endfacet
  facet normal 0.194979 0.980807 -0
    outer loop
      vertex 184.071 -0.272598 2
      vertex 183.044 -0.0684357 3
      vertex 184.071 -0.272598 3
    endloop
  endfacet
  facet normal 0.194979 0.980807 0
    outer loop
      vertex 183.044 -0.0684357 3
      vertex 184.071 -0.272598 2
      vertex 183.044 -0.0684357 2
    endloop
  endfacet
  facet normal 0.312953 0.63493 -0.706345
    outer loop
      vertex 185 -2.80385 0
      vertex 185.061 -0.608963 2
      vertex 186 -1.07179 2
    endloop
  endfacet
  facet normal 0.313052 0.634907 -0.706323
    outer loop
      vertex 185.061 -0.608963 2
      vertex 185 -2.80385 0
      vertex 184.296 -2.45673 0
    endloop
  endfacet
  facet normal 0.138019 0.694277 -0.70635
    outer loop
      vertex 184.071 -0.272598 2
      vertex 182.783 -2.05133 0
      vertex 183.044 -0.0684357 2
    endloop
  endfacet
  facet normal 0.138563 -0.694168 -0.70635
    outer loop
      vertex 183.044 -146.932 2
      vertex 182.783 -144.949 0
      vertex 184.071 -146.727 2
    endloop
  endfacet
  facet normal -0.321126 -0.947036 0
    outer loop
      vertex 4.93854 -146.391 2
      vertex 5.92944 -146.727 3
      vertex 4.93854 -146.391 3
    endloop
  endfacet
  facet normal -0.321126 -0.947036 -0
    outer loop
      vertex 5.92944 -146.727 3
      vertex 4.93854 -146.391 2
      vertex 5.92944 -146.727 2
    endloop
  endfacet
  facet normal 0.532381 0.466447 -0.706398
    outer loop
      vertex 186.76 -4.34743 0
      vertex 186.243 -3.75735 0
      vertex 188.347 -3.12991 2
    endloop
  endfacet
  facet normal -0.393251 -0.588587 -0.706342
    outer loop
      vertex 5 -144.196 0
      vertex 4 -145.928 2
      vertex 4.34743 -143.76 0
    endloop
  endfacet
  facet normal -0.393265 0.588568 -0.70635
    outer loop
      vertex 4.34743 -3.23988 0
      vertex 4 -1.07179 2
      vertex 5 -2.80385 0
    endloop
  endfacet
  facet normal -0.39327 0.588566 -0.706349
    outer loop
      vertex 4.34743 -3.23988 0
      vertex 3.12991 -1.65317 2
      vertex 4 -1.07179 2
    endloop
  endfacet
  facet normal 0.831635 0.555322 0
    outer loop
      vertex 188.928 -4 3
      vertex 188.347 -3.12991 2
      vertex 188.347 -3.12991 3
    endloop
  endfacet
  facet normal 0.831635 0.555322 0
    outer loop
      vertex 188.347 -3.12991 2
      vertex 188.928 -4 3
      vertex 188.928 -4 2
    endloop
  endfacet
  facet normal 0.393326 0.588589 -0.706299
    outer loop
      vertex 186.87 -1.65317 2
      vertex 185.653 -3.23988 0
      vertex 186 -1.07179 2
    endloop
  endfacet
  facet normal 0.831609 -0.555362 0
    outer loop
      vertex 188.347 -143.87 3
      vertex 188.928 -143 2
      vertex 188.928 -143 3
    endloop
  endfacet
  facet normal 0.831609 -0.555362 0
    outer loop
      vertex 188.928 -143 2
      vertex 188.347 -143.87 3
      vertex 188.347 -143.87 2
    endloop
  endfacet
  facet normal -0.588568 0.393265 -0.70635
    outer loop
      vertex 2.80385 -5 0
      vertex 1.07179 -4 2
      vertex 3.23988 -4.34743 0
    endloop
  endfacet
  facet normal 0.31305 -0.634889 -0.706339
    outer loop
      vertex 185.061 -146.391 2
      vertex 185 -144.196 0
      vertex 186 -145.928 2
    endloop
  endfacet
  facet normal 0.312948 -0.634914 -0.706363
    outer loop
      vertex 185 -144.196 0
      vertex 185.061 -146.391 2
      vertex 184.296 -144.543 0
    endloop
  endfacet
  facet normal 0.532215 0.466754 -0.70632
    outer loop
      vertex 188.347 -3.12991 2
      vertex 186.243 -3.75735 0
      vertex 187.657 -2.34314 2
    endloop
  endfacet
  facet normal 0.694431 0.138027 -0.706197
    outer loop
      vertex 187.949 -7.21684 0
      vertex 187.796 -6.44708 0
      vertex 189.727 -5.92944 2
    endloop
  endfacet
  facet normal 0.588701 -0.393068 -0.706349
    outer loop
      vertex 188.928 -143 2
      vertex 186.76 -142.653 0
      vertex 187.196 -142 0
    endloop
  endfacet
  facet normal 0.706358 -0.046008 -0.706358
    outer loop
      vertex 189.932 -140.044 2
      vertex 188 -139 0
      vertex 190 -139 2
    endloop
  endfacet
  facet normal -0.694259 -0.138058 -0.70636
    outer loop
      vertex 2.20445 -140.553 0
      vertex 0.272598 -141.071 2
      vertex 2.05133 -139.783 0
    endloop
  endfacet
  facet normal 0.980654 -0.195749 0
    outer loop
      vertex 189.727 -141.071 3
      vertex 189.932 -140.044 2
      vertex 189.932 -140.044 3
    endloop
  endfacet
  facet normal 0.980654 -0.195749 0
    outer loop
      vertex 189.932 -140.044 2
      vertex 189.727 -141.071 3
      vertex 189.727 -141.071 2
    endloop
  endfacet
  facet normal 0.532303 -0.466695 -0.706292
    outer loop
      vertex 187.657 -144.657 2
      vertex 186.243 -143.243 0
      vertex 188.347 -143.87 2
    endloop
  endfacet
  facet normal 0.659248 -0.751925 0
    outer loop
      vertex 186.87 -145.347 2
      vertex 187.657 -144.657 3
      vertex 186.87 -145.347 3
    endloop
  endfacet
  facet normal 0.659248 -0.751925 0
    outer loop
      vertex 187.657 -144.657 3
      vertex 186.87 -145.347 2
      vertex 187.657 -144.657 2
    endloop
  endfacet
  facet normal -0.588682 -0.393082 -0.706357
    outer loop
      vertex 3.23988 -142.653 0
      vertex 1.07179 -143 2
      vertex 2.80385 -142 0
    endloop
  endfacet
  facet normal -0.532207 0.466719 -0.706349
    outer loop
      vertex 3.23988 -4.34743 0
      vertex 1.65317 -3.12991 2
      vertex 3.75735 -3.75735 0
    endloop
  endfacet
  facet normal -0.442414 -0.896811 0
    outer loop
      vertex 4 -145.928 2
      vertex 4.93854 -146.391 3
      vertex 4 -145.928 3
    endloop
  endfacet
  facet normal -0.442414 -0.896811 -0
    outer loop
      vertex 4.93854 -146.391 3
      vertex 4 -145.928 2
      vertex 4.93854 -146.391 2
    endloop
  endfacet
  facet normal 0.393128 -0.588678 -0.706335
    outer loop
      vertex 186 -145.928 2
      vertex 185.653 -143.76 0
      vertex 186.87 -145.347 2
    endloop
  endfacet
  facet normal 0.555362 -0.831609 0
    outer loop
      vertex 186 -145.928 2
      vertex 186.87 -145.347 3
      vertex 186 -145.928 3
    endloop
  endfacet
  facet normal 0.555362 -0.831609 0
    outer loop
      vertex 186.87 -145.347 3
      vertex 186 -145.928 2
      vertex 186.87 -145.347 2
    endloop
  endfacet
  facet normal 0.0649964 -0.997886 0
    outer loop
      vertex 182 -147 2
      vertex 183.044 -146.932 3
      vertex 182 -147 3
    endloop
  endfacet
  facet normal 0.0649964 -0.997886 0
    outer loop
      vertex 183.044 -146.932 3
      vertex 182 -147 2
      vertex 183.044 -146.932 2
    endloop
  endfacet
  facet normal 0.321701 0.946841 -0
    outer loop
      vertex 185.061 -0.608963 2
      vertex 184.071 -0.272598 3
      vertex 185.061 -0.608963 3
    endloop
  endfacet
  facet normal 0.321701 0.946841 0
    outer loop
      vertex 184.071 -0.272598 3
      vertex 185.061 -0.608963 2
      vertex 184.071 -0.272598 2
    endloop
  endfacet
  facet normal 0.588678 -0.393128 -0.706335
    outer loop
      vertex 188.347 -143.87 2
      vertex 186.76 -142.653 0
      vertex 188.928 -143 2
    endloop
  endfacet
  facet normal 0.588587 0.393251 -0.706342
    outer loop
      vertex 187.196 -5 0
      vertex 186.76 -4.34743 0
      vertex 188.928 -4 2
    endloop
  endfacet
  facet normal 0.75183 0.659357 0
    outer loop
      vertex 188.347 -3.12991 3
      vertex 187.657 -2.34314 2
      vertex 187.657 -2.34314 3
    endloop
  endfacet
  facet normal 0.75183 0.659357 0
    outer loop
      vertex 187.657 -2.34314 2
      vertex 188.347 -3.12991 3
      vertex 188.347 -3.12991 2
    endloop
  endfacet
  facet normal 0.532396 -0.466523 -0.706336
    outer loop
      vertex 188.347 -143.87 2
      vertex 186.243 -143.243 0
      vertex 186.76 -142.653 0
    endloop
  endfacet
  facet normal 0.588655 0.393073 -0.706385
    outer loop
      vertex 188.928 -4 2
      vertex 186.76 -4.34743 0
      vertex 188.347 -3.12991 2
    endloop
  endfacet
  facet normal 0.694428 -0.137984 -0.706208
    outer loop
      vertex 189.727 -141.071 2
      vertex 187.796 -140.553 0
      vertex 187.949 -139.783 0
    endloop
  endfacet
  facet normal -0.980784 0.195096 0
    outer loop
      vertex 0.0684357 -6.9558 2
      vertex 0.272598 -5.92944 3
      vertex 0.272598 -5.92944 2
    endloop
  endfacet
  facet normal -0.980784 0.195096 0
    outer loop
      vertex 0.272598 -5.92944 3
      vertex 0.0684357 -6.9558 2
      vertex 0.0684357 -6.9558 3
    endloop
  endfacet
  facet normal -0.321439 0.94693 0
    outer loop
      vertex 5.92944 -0.272598 2
      vertex 4.93854 -0.608963 3
      vertex 5.92944 -0.272598 3
    endloop
  endfacet
  facet normal -0.321439 0.94693 0
    outer loop
      vertex 4.93854 -0.608963 3
      vertex 5.92944 -0.272598 2
      vertex 4.93854 -0.608963 2
    endloop
  endfacet
  facet normal 0.321388 -0.946948 0
    outer loop
      vertex 184.071 -146.727 2
      vertex 185.061 -146.391 3
      vertex 184.071 -146.727 3
    endloop
  endfacet
  facet normal 0.321388 -0.946948 0
    outer loop
      vertex 185.061 -146.391 3
      vertex 184.071 -146.727 2
      vertex 185.061 -146.391 2
    endloop
  endfacet
  facet normal 0.896897 -0.44224 0
    outer loop
      vertex 188.928 -143 3
      vertex 189.391 -142.061 2
      vertex 189.391 -142.061 3
    endloop
  endfacet
  facet normal 0.896897 -0.44224 0
    outer loop
      vertex 189.391 -142.061 2
      vertex 188.928 -143 3
      vertex 188.928 -143 2
    endloop
  endfacet
  facet normal 0.195749 -0.980654 0
    outer loop
      vertex 183.044 -146.932 2
      vertex 184.071 -146.727 3
      vertex 183.044 -146.932 3
    endloop
  endfacet
  facet normal 0.195749 -0.980654 0
    outer loop
      vertex 184.071 -146.727 3
      vertex 183.044 -146.932 2
      vertex 184.071 -146.727 2
    endloop
  endfacet
  facet normal 0.137984 -0.694428 -0.706208
    outer loop
      vertex 184.071 -146.727 2
      vertex 182.783 -144.949 0
      vertex 183.553 -144.796 0
    endloop
  endfacet
  facet normal -0.634884 -0.313041 -0.706349
    outer loop
      vertex 1.07179 -143 2
      vertex 2.45673 -141.296 0
      vertex 2.80385 -142 0
    endloop
  endfacet
  facet normal -0.634948 -0.312962 -0.706326
    outer loop
      vertex 2.45673 -141.296 0
      vertex 1.07179 -143 2
      vertex 0.608963 -142.061 2
    endloop
  endfacet
  facet normal -0.466754 -0.532215 -0.70632
    outer loop
      vertex 3.12991 -145.347 2
      vertex 2.34314 -144.657 2
      vertex 3.75735 -143.243 0
    endloop
  endfacet
  facet normal -0.064984 -0.997886 0
    outer loop
      vertex 6.9558 -146.932 2
      vertex 8 -147 3
      vertex 6.9558 -146.932 3
    endloop
  endfacet
  facet normal -0.064984 -0.997886 -0
    outer loop
      vertex 8 -147 3
      vertex 6.9558 -146.932 2
      vertex 8 -147 2
    endloop
  endfacet
  facet normal -0.532223 -0.466795 -0.706287
    outer loop
      vertex 3.75735 -143.243 0
      vertex 1.65317 -143.87 2
      vertex 3.23988 -142.653 0
    endloop
  endfacet
  facet normal 0.466695 -0.532303 -0.706292
    outer loop
      vertex 186.87 -145.347 2
      vertex 186.243 -143.243 0
      vertex 187.657 -144.657 2
    endloop
  endfacet
  facet normal -0.312971 -0.634872 -0.70639
    outer loop
      vertex 4.93854 -146.391 2
      vertex 5 -144.196 0
      vertex 5.7039 -144.543 0
    endloop
  endfacet
  facet normal -0.313171 -0.634825 -0.706344
    outer loop
      vertex 5 -144.196 0
      vertex 4.93854 -146.391 2
      vertex 4 -145.928 2
    endloop
  endfacet
  facet normal 0.44224 -0.896897 0
    outer loop
      vertex 185.061 -146.391 2
      vertex 186 -145.928 3
      vertex 185.061 -146.391 3
    endloop
  endfacet
  facet normal 0.44224 -0.896897 0
    outer loop
      vertex 186 -145.928 3
      vertex 185.061 -146.391 2
      vertex 186 -145.928 2
    endloop
  endfacet
  facet normal -0.980807 -0.194979 0
    outer loop
      vertex 0.272598 -141.071 2
      vertex 0.0684357 -140.044 3
      vertex 0.0684357 -140.044 2
    endloop
  endfacet
  facet normal -0.980807 -0.194979 0
    outer loop
      vertex 0.0684357 -140.044 3
      vertex 0.272598 -141.071 2
      vertex 0.272598 -141.071 3
    endloop
  endfacet
  facet normal -0.896962 -0.442107 0
    outer loop
      vertex 1.07179 -143 2
      vertex 0.608963 -142.061 3
      vertex 0.608963 -142.061 2
    endloop
  endfacet
  facet normal -0.896962 -0.442107 0
    outer loop
      vertex 0.608963 -142.061 3
      vertex 1.07179 -143 2
      vertex 1.07179 -143 3
    endloop
  endfacet
  facet normal -0.588566 0.39327 -0.706349
    outer loop
      vertex 3.23988 -4.34743 0
      vertex 1.07179 -4 2
      vertex 1.65317 -3.12991 2
    endloop
  endfacet
  facet normal -0.707107 0 -0.707107
    outer loop
      vertex 2 -139 0
      vertex 0 -8 2
      vertex 2 -8 0
    endloop
  endfacet
  facet normal -0.707107 -0 -0.707107
    outer loop
      vertex 0 -8 2
      vertex 2 -139 0
      vertex 0 -139 2
    endloop
  endfacet
  facet normal -0.0653986 0.997859 0
    outer loop
      vertex 8 0 2
      vertex 6.9558 -0.0684357 3
      vertex 8 0 3
    endloop
  endfacet
  facet normal -0.0653986 0.997859 0
    outer loop
      vertex 6.9558 -0.0684357 3
      vertex 8 0 2
      vertex 6.9558 -0.0684357 2
    endloop
  endfacet
  facet normal -0.0459986 -0.706358 -0.706358
    outer loop
      vertex 8 -145 0
      vertex 6.9558 -146.932 2
      vertex 7.21684 -144.949 0
    endloop
  endfacet
  facet normal -0.694277 -0.138019 -0.70635
    outer loop
      vertex 0.272598 -141.071 2
      vertex 0.0684357 -140.044 2
      vertex 2.05133 -139.783 0
    endloop
  endfacet
  facet normal -0.997859 0.0653986 0
    outer loop
      vertex 0 -8 2
      vertex 0.0684357 -6.9558 3
      vertex 0.0684357 -6.9558 2
    endloop
  endfacet
  facet normal -0.997859 0.0653986 0
    outer loop
      vertex 0.0684357 -6.9558 3
      vertex 0 -8 2
      vertex 0 -8 3
    endloop
  endfacet
  facet normal -0.634865 0.313076 -0.70635
    outer loop
      vertex 2.45673 -5.7039 0
      vertex 1.07179 -4 2
      vertex 2.80385 -5 0
    endloop
  endfacet
  facet normal -0.634866 0.313075 -0.706349
    outer loop
      vertex 1.07179 -4 2
      vertex 2.45673 -5.7039 0
      vertex 0.608963 -4.93854 2
    endloop
  endfacet
  facet normal -0.831441 -0.555613 0
    outer loop
      vertex 1.65317 -143.87 2
      vertex 1.07179 -143 3
      vertex 1.07179 -143 2
    endloop
  endfacet
  facet normal -0.831441 -0.555613 0
    outer loop
      vertex 1.07179 -143 3
      vertex 1.65317 -143.87 2
      vertex 1.65317 -143.87 3
    endloop
  endfacet
  facet normal 0.227493 -0.670293 -0.706367
    outer loop
      vertex 184.071 -146.727 2
      vertex 184.296 -144.543 0
      vertex 185.061 -146.391 2
    endloop
  endfacet
  facet normal 0.228217 -0.670218 -0.706204
    outer loop
      vertex 184.296 -144.543 0
      vertex 184.071 -146.727 2
      vertex 183.553 -144.796 0
    endloop
  endfacet
  facet normal -0.228174 -0.670253 -0.706185
    outer loop
      vertex 5.92944 -146.727 2
      vertex 5.7039 -144.543 0
      vertex 6.44708 -144.796 0
    endloop
  endfacet
  facet normal -0.227304 -0.670342 -0.706381
    outer loop
      vertex 5.7039 -144.543 0
      vertex 5.92944 -146.727 2
      vertex 4.93854 -146.391 2
    endloop
  endfacet
  facet normal -0.694262 0.138102 -0.706349
    outer loop
      vertex 2.05133 -7.21684 0
      vertex 0.0684357 -6.9558 2
      vertex 0.272598 -5.92944 2
    endloop
  endfacet
  facet normal -0.659341 0.751844 0
    outer loop
      vertex 3.12991 -1.65317 2
      vertex 2.34314 -2.34314 3
      vertex 3.12991 -1.65317 3
    endloop
  endfacet
  facet normal -0.659341 0.751844 0
    outer loop
      vertex 2.34314 -2.34314 3
      vertex 3.12991 -1.65317 2
      vertex 2.34314 -2.34314 2
    endloop
  endfacet
  facet normal -0.670296 0.227539 -0.70635
    outer loop
      vertex 2.20445 -6.44708 0
      vertex 0.608963 -4.93854 2
      vertex 2.45673 -5.7039 0
    endloop
  endfacet
  facet normal -0.670298 0.227535 -0.706349
    outer loop
      vertex 0.608963 -4.93854 2
      vertex 2.20445 -6.44708 0
      vertex 0.272598 -5.92944 2
    endloop
  endfacet
  facet normal -0.751939 -0.659232 0
    outer loop
      vertex 2.34314 -144.657 2
      vertex 1.65317 -143.87 3
      vertex 1.65317 -143.87 2
    endloop
  endfacet
  facet normal -0.751939 -0.659232 0
    outer loop
      vertex 1.65317 -143.87 3
      vertex 2.34314 -144.657 2
      vertex 2.34314 -144.657 3
    endloop
  endfacet
  facet normal -0.138102 0.694262 -0.706349
    outer loop
      vertex 6.44708 -2.20445 0
      vertex 5.92944 -0.272598 2
      vertex 7.21684 -2.05133 0
    endloop
  endfacet
  facet normal -0.997858 -0.0654111 0
    outer loop
      vertex 0.0684357 -140.044 2
      vertex 0 -139 3
      vertex 0 -139 2
    endloop
  endfacet
  facet normal -0.997858 -0.0654111 0
    outer loop
      vertex 0 -139 3
      vertex 0.0684357 -140.044 2
      vertex 0.0684357 -140.044 3
    endloop
  endfacet
  facet normal -0.466447 -0.532381 -0.706398
    outer loop
      vertex 4.34743 -143.76 0
      vertex 3.12991 -145.347 2
      vertex 3.75735 -143.243 0
    endloop
  endfacet
  facet normal -0.659357 -0.75183 0
    outer loop
      vertex 2.34314 -144.657 2
      vertex 3.12991 -145.347 3
      vertex 2.34314 -144.657 3
    endloop
  endfacet
  facet normal -0.659357 -0.75183 -0
    outer loop
      vertex 3.12991 -145.347 3
      vertex 2.34314 -144.657 2
      vertex 3.12991 -145.347 2
    endloop
  endfacet
  facet normal -0.195866 -0.980631 0
    outer loop
      vertex 5.92944 -146.727 2
      vertex 6.9558 -146.932 3
      vertex 5.92944 -146.727 3
    endloop
  endfacet
  facet normal -0.195866 -0.980631 -0
    outer loop
      vertex 6.9558 -146.932 3
      vertex 5.92944 -146.727 2
      vertex 6.9558 -146.932 2
    endloop
  endfacet
  facet normal -0.532204 0.466725 -0.706348
    outer loop
      vertex 3.75735 -3.75735 0
      vertex 1.65317 -3.12991 2
      vertex 2.34314 -2.34314 2
    endloop
  endfacet
  facet normal -0.94693 0.321439 0
    outer loop
      vertex 0.272598 -5.92944 2
      vertex 0.608963 -4.93854 3
      vertex 0.608963 -4.93854 2
    endloop
  endfacet
  facet normal -0.94693 0.321439 0
    outer loop
      vertex 0.608963 -4.93854 3
      vertex 0.272598 -5.92944 2
      vertex 0.272598 -5.92944 3
    endloop
  endfacet
  facet normal -0.831468 0.555573 0
    outer loop
      vertex 1.07179 -4 2
      vertex 1.65317 -3.12991 3
      vertex 1.65317 -3.12991 2
    endloop
  endfacet
  facet normal -0.831468 0.555573 0
    outer loop
      vertex 1.65317 -3.12991 3
      vertex 1.07179 -4 2
      vertex 1.07179 -4 3
    endloop
  endfacet
  facet normal -0.751844 0.659341 0
    outer loop
      vertex 1.65317 -3.12991 2
      vertex 2.34314 -2.34314 3
      vertex 2.34314 -2.34314 2
    endloop
  endfacet
  facet normal -0.751844 0.659341 0
    outer loop
      vertex 2.34314 -2.34314 3
      vertex 1.65317 -3.12991 2
      vertex 1.65317 -3.12991 3
    endloop
  endfacet
  facet normal -0.393073 -0.588655 -0.706385
    outer loop
      vertex 4 -145.928 2
      vertex 3.12991 -145.347 2
      vertex 4.34743 -143.76 0
    endloop
  endfacet
  facet normal -0.532293 -0.466666 -0.70632
    outer loop
      vertex 2.34314 -144.657 2
      vertex 1.65317 -143.87 2
      vertex 3.75735 -143.243 0
    endloop
  endfacet
  facet normal -0.138647 -0.694153 -0.706349
    outer loop
      vertex 6.9558 -146.932 2
      vertex 5.92944 -146.727 2
      vertex 7.21684 -144.949 0
    endloop
  endfacet
  facet normal -0.706349 0.0462933 -0.706349
    outer loop
      vertex 2 -8 0
      vertex 0 -8 2
      vertex 0.0684357 -6.9558 2
    endloop
  endfacet
  facet normal -0.896876 0.442281 0
    outer loop
      vertex 0.608963 -4.93854 2
      vertex 1.07179 -4 3
      vertex 1.07179 -4 2
    endloop
  endfacet
  facet normal -0.896876 0.442281 0
    outer loop
      vertex 1.07179 -4 3
      vertex 0.608963 -4.93854 2
      vertex 0.608963 -4.93854 3
    endloop
  endfacet
  facet normal -0.946841 -0.321701 0
    outer loop
      vertex 0.608963 -142.061 2
      vertex 0.272598 -141.071 3
      vertex 0.272598 -141.071 2
    endloop
  endfacet
  facet normal -0.946841 -0.321701 0
    outer loop
      vertex 0.272598 -141.071 3
      vertex 0.608963 -142.061 2
      vertex 0.608963 -142.061 3
    endloop
  endfacet
  facet normal -0.694262 0.138102 -0.706349
    outer loop
      vertex 2.05133 -7.21684 0
      vertex 0.272598 -5.92944 2
      vertex 2.20445 -6.44708 0
    endloop
  endfacet
  facet normal 0 0 -1
    outer loop
      vertex 15.2177 -112.374 0
      vertex 33.1001 -99.1398 0
      vertex 15.3521 -112.575 0
    endloop
  endfacet
  facet normal 0 0 -1
    outer loop
      vertex 28 -73.5 0
      vertex 15.5842 -33.7415 0
      vertex 15.6 -33.5 0
    endloop
  endfacet
  facet normal 0 0 -1
    outer loop
      vertex 15.0581 -112.192 0
      vertex 33.1001 -99.1398 0
      vertex 15.2177 -112.374 0
    endloop
  endfacet
  facet normal 0 0 -1
    outer loop
      vertex 28 -73.5 0
      vertex 15.537 -33.9788 0
      vertex 15.5842 -33.7415 0
    endloop
  endfacet
  facet normal 0 0 -1
    outer loop
      vertex 14.8762 -112.032 0
      vertex 33.1001 -99.1398 0
      vertex 15.0581 -112.192 0
    endloop
  endfacet
  facet normal 0 0 -1
    outer loop
      vertex 28 -73.5 0
      vertex 15.4592 -34.208 0
      vertex 15.537 -33.9788 0
    endloop
  endfacet
  facet normal 0 0 -1
    outer loop
      vertex 14.675 -111.898 0
      vertex 33.1001 -99.1398 0
      vertex 14.8762 -112.032 0
    endloop
  endfacet
  facet normal 0 0 -1
    outer loop
      vertex 28 -73.5 0
      vertex 15.3521 -34.425 0
      vertex 15.4592 -34.208 0
    endloop
  endfacet
  facet normal 0 0 -1
    outer loop
      vertex 14.458 -111.791 0
      vertex 33.1001 -99.1398 0
      vertex 14.675 -111.898 0
    endloop
  endfacet
  facet normal 0 0 -1
    outer loop
      vertex 28 -73.5 0
      vertex 15.2177 -34.6262 0
      vertex 15.3521 -34.425 0
    endloop
  endfacet
  facet normal -0 0 -1
    outer loop
      vertex 33.1001 -99.1398 0
      vertex 14.458 -111.791 0
      vertex 30.283 -90.8409 0
    endloop
  endfacet
  facet normal 0 0 -1
    outer loop
      vertex 28 -73.5 0
      vertex 15.0581 -34.8081 0
      vertex 15.2177 -34.6262 0
    endloop
  endfacet
  facet normal 0 0 -1
    outer loop
      vertex 14.2288 -111.713 0
      vertex 30.283 -90.8409 0
      vertex 14.458 -111.791 0
    endloop
  endfacet
  facet normal 0 0 -1
    outer loop
      vertex 28 -73.5 0
      vertex 14.8762 -34.9677 0
      vertex 15.0581 -34.8081 0
    endloop
  endfacet
  facet normal 0 0 -1
    outer loop
      vertex 13.9915 -111.666 0
      vertex 30.283 -90.8409 0
      vertex 14.2288 -111.713 0
    endloop
  endfacet
  facet normal 0 0 -1
    outer loop
      vertex 28 -73.5 0
      vertex 14.675 -35.1021 0
      vertex 14.8762 -34.9677 0
    endloop
  endfacet
  facet normal 0 0 -1
    outer loop
      vertex 13.75 -111.65 0
      vertex 30.283 -90.8409 0
      vertex 13.9915 -111.666 0
    endloop
  endfacet
  facet normal 0 0 -1
    outer loop
      vertex 28 -73.5 0
      vertex 14.458 -35.2092 0
      vertex 14.675 -35.1021 0
    endloop
  endfacet
  facet normal 0 0 -1
    outer loop
      vertex 13.5085 -111.666 0
      vertex 30.283 -90.8409 0
      vertex 13.75 -111.65 0
    endloop
  endfacet
  facet normal 0 0 -1
    outer loop
      vertex 28 -73.5 0
      vertex 14.2288 -35.287 0
      vertex 14.458 -35.2092 0
    endloop
  endfacet
  facet normal 0 0 -1
    outer loop
      vertex 13.2712 -111.713 0
      vertex 30.283 -90.8409 0
      vertex 13.5085 -111.666 0
    endloop
  endfacet
  facet normal 0 0 -1
    outer loop
      vertex 28 -73.5 0
      vertex 13.9915 -35.3342 0
      vertex 14.2288 -35.287 0
    endloop
  endfacet
  facet normal -0 0 -1
    outer loop
      vertex 30.283 -90.8409 0
      vertex 13.2712 -111.713 0
      vertex 28.5732 -82.2453 0
    endloop
  endfacet
  facet normal 0 0 -1
    outer loop
      vertex 28 -73.5 0
      vertex 13.75 -35.35 0
      vertex 13.9915 -35.3342 0
    endloop
  endfacet
  facet normal 0 0 -1
    outer loop
      vertex 13.042 -111.791 0
      vertex 28.5732 -82.2453 0
      vertex 13.2712 -111.713 0
    endloop
  endfacet
  facet normal 0 0 -1
    outer loop
      vertex 28 -73.5 0
      vertex 13.5085 -35.3342 0
      vertex 13.75 -35.35 0
    endloop
  endfacet
  facet normal 0 0 -1
    outer loop
      vertex 12.825 -111.898 0
      vertex 28.5732 -82.2453 0
      vertex 13.042 -111.791 0
    endloop
  endfacet
  facet normal 0 0 -1
    outer loop
      vertex 28 -73.5 0
      vertex 13.2712 -35.287 0
      vertex 13.5085 -35.3342 0
    endloop
  endfacet
  facet normal 0 0 -1
    outer loop
      vertex 12.6238 -112.032 0
      vertex 28.5732 -82.2453 0
      vertex 12.825 -111.898 0
    endloop
  endfacet
  facet normal 0 0 -1
    outer loop
      vertex 28 -73.5 0
      vertex 13.042 -35.2092 0
      vertex 13.2712 -35.287 0
    endloop
  endfacet
  facet normal -0 0 -1
    outer loop
      vertex 28.5732 -82.2453 0
      vertex 12.6238 -112.032 0
      vertex 28 -73.5 0
    endloop
  endfacet
  facet normal 0 0 -1
    outer loop
      vertex 28 -73.5 0
      vertex 12.825 -35.1021 0
      vertex 13.042 -35.2092 0
    endloop
  endfacet
  facet normal 0 0 -1
    outer loop
      vertex 12.4419 -112.192 0
      vertex 28 -73.5 0
      vertex 12.6238 -112.032 0
    endloop
  endfacet
  facet normal 0 0 -1
    outer loop
      vertex 28 -73.5 0
      vertex 12.6238 -34.9677 0
      vertex 12.825 -35.1021 0
    endloop
  endfacet
  facet normal 0 0 -1
    outer loop
      vertex 12.4419 -34.8081 0
      vertex 28 -73.5 0
      vertex 12.4419 -112.192 0
    endloop
  endfacet
  facet normal 0 0 -1
    outer loop
      vertex 28 -73.5 0
      vertex 12.4419 -34.8081 0
      vertex 12.6238 -34.9677 0
    endloop
  endfacet
  facet normal 0 0 -1
    outer loop
      vertex 12.2823 -112.374 0
      vertex 12.4419 -34.8081 0
      vertex 12.4419 -112.192 0
    endloop
  endfacet
  facet normal 0 0 -1
    outer loop
      vertex 12.2823 -112.374 0
      vertex 12.2823 -34.6262 0
      vertex 12.4419 -34.8081 0
    endloop
  endfacet
  facet normal 0 0 -1
    outer loop
      vertex 12.1479 -112.575 0
      vertex 12.2823 -34.6262 0
      vertex 12.2823 -112.374 0
    endloop
  endfacet
  facet normal 0 0 -1
    outer loop
      vertex 12.1479 -112.575 0
      vertex 12.1479 -34.425 0
      vertex 12.2823 -34.6262 0
    endloop
  endfacet
  facet normal 0 0 -1
    outer loop
      vertex 12.0408 -112.792 0
      vertex 12.1479 -34.425 0
      vertex 12.1479 -112.575 0
    endloop
  endfacet
  facet normal 0 0 -1
    outer loop
      vertex 12.0408 -112.792 0
      vertex 12.0408 -34.208 0
      vertex 12.1479 -34.425 0
    endloop
  endfacet
  facet normal 0 0 -1
    outer loop
      vertex 11.963 -113.021 0
      vertex 12.0408 -34.208 0
      vertex 12.0408 -112.792 0
    endloop
  endfacet
  facet normal 0 0 -1
    outer loop
      vertex 11.963 -113.021 0
      vertex 11.963 -33.9788 0
      vertex 12.0408 -34.208 0
    endloop
  endfacet
  facet normal 0 0 -1
    outer loop
      vertex 2 -139 0
      vertex 11.963 -113.021 0
      vertex 11.9158 -113.259 0
    endloop
  endfacet
  facet normal -0 0 -1
    outer loop
      vertex 11.963 -113.021 0
      vertex 2 -139 0
      vertex 11.963 -33.9788 0
    endloop
  endfacet
  facet normal 0 0 -1
    outer loop
      vertex 2 -139 0
      vertex 11.9158 -113.259 0
      vertex 11.9 -113.5 0
    endloop
  endfacet
  facet normal 0 0 -1
    outer loop
      vertex 2 -8 0
      vertex 11.963 -33.9788 0
      vertex 2 -139 0
    endloop
  endfacet
  facet normal 0 0 -1
    outer loop
      vertex 188 -139 0
      vertex 178.037 -113.021 0
      vertex 188 -8 0
    endloop
  endfacet
  facet normal 0 0 -1
    outer loop
      vertex 188 -8 0
      vertex 178.084 -33.7415 0
      vertex 178.1 -33.5 0
    endloop
  endfacet
  facet normal 0 0 -1
    outer loop
      vertex 178.037 -33.9788 0
      vertex 188 -8 0
      vertex 178.037 -113.021 0
    endloop
  endfacet
  facet normal 0 0 -1
    outer loop
      vertex 188 -8 0
      vertex 178.037 -33.9788 0
      vertex 178.084 -33.7415 0
    endloop
  endfacet
  facet normal 0 0 -1
    outer loop
      vertex 177.959 -112.792 0
      vertex 178.037 -33.9788 0
      vertex 178.037 -113.021 0
    endloop
  endfacet
  facet normal 0 0 -1
    outer loop
      vertex 177.959 -112.792 0
      vertex 177.959 -34.208 0
      vertex 178.037 -33.9788 0
    endloop
  endfacet
  facet normal 0 0 -1
    outer loop
      vertex 177.852 -112.575 0
      vertex 177.959 -34.208 0
      vertex 177.959 -112.792 0
    endloop
  endfacet
  facet normal 0 0 -1
    outer loop
      vertex 177.852 -112.575 0
      vertex 177.852 -34.425 0
      vertex 177.959 -34.208 0
    endloop
  endfacet
  facet normal 0 0 -1
    outer loop
      vertex 177.718 -112.374 0
      vertex 177.852 -34.425 0
      vertex 177.852 -112.575 0
    endloop
  endfacet
  facet normal 0 0 -1
    outer loop
      vertex 177.718 -112.374 0
      vertex 177.718 -34.6262 0
      vertex 177.852 -34.425 0
    endloop
  endfacet
  facet normal 0 0 -1
    outer loop
      vertex 177.558 -112.192 0
      vertex 177.718 -34.6262 0
      vertex 177.718 -112.374 0
    endloop
  endfacet
  facet normal 0 0 -1
    outer loop
      vertex 177.558 -112.192 0
      vertex 177.558 -34.8081 0
      vertex 177.718 -34.6262 0
    endloop
  endfacet
  facet normal 0 0 -1
    outer loop
      vertex 162 -73.5 0
      vertex 177.558 -112.192 0
      vertex 177.376 -112.032 0
    endloop
  endfacet
  facet normal 0 0 -1
    outer loop
      vertex 177.558 -112.192 0
      vertex 162 -73.5 0
      vertex 177.558 -34.8081 0
    endloop
  endfacet
  facet normal 0 0 -1
    outer loop
      vertex 161.427 -82.2453 0
      vertex 177.376 -112.032 0
      vertex 177.175 -111.898 0
    endloop
  endfacet
  facet normal 0 0 -1
    outer loop
      vertex 177.558 -34.8081 0
      vertex 162 -73.5 0
      vertex 177.376 -34.9677 0
    endloop
  endfacet
  facet normal 0 0 -1
    outer loop
      vertex 161.427 -82.2453 0
      vertex 177.175 -111.898 0
      vertex 176.958 -111.791 0
    endloop
  endfacet
  facet normal 0 0 -1
    outer loop
      vertex 161.427 -64.7547 0
      vertex 177.376 -34.9677 0
      vertex 162 -73.5 0
    endloop
  endfacet
  facet normal 0 0 -1
    outer loop
      vertex 161.427 -82.2453 0
      vertex 176.958 -111.791 0
      vertex 176.729 -111.713 0
    endloop
  endfacet
  facet normal 0 0 -1
    outer loop
      vertex 177.376 -34.9677 0
      vertex 161.427 -64.7547 0
      vertex 177.175 -35.1021 0
    endloop
  endfacet
  facet normal 0 0 -1
    outer loop
      vertex 159.717 -90.8409 0
      vertex 176.729 -111.713 0
      vertex 176.491 -111.666 0
    endloop
  endfacet
  facet normal 0 0 -1
    outer loop
      vertex 177.175 -35.1021 0
      vertex 161.427 -64.7547 0
      vertex 176.958 -35.2092 0
    endloop
  endfacet
  facet normal 0 0 -1
    outer loop
      vertex 159.717 -90.8409 0
      vertex 176.491 -111.666 0
      vertex 176.25 -111.65 0
    endloop
  endfacet
  facet normal 0 0 -1
    outer loop
      vertex 176.958 -35.2092 0
      vertex 161.427 -64.7547 0
      vertex 176.729 -35.287 0
    endloop
  endfacet
  facet normal 0 0 -1
    outer loop
      vertex 159.717 -90.8409 0
      vertex 176.25 -111.65 0
      vertex 176.009 -111.666 0
    endloop
  endfacet
  facet normal 0 0 -1
    outer loop
      vertex 159.717 -56.1591 0
      vertex 176.729 -35.287 0
      vertex 161.427 -64.7547 0
    endloop
  endfacet
  facet normal 0 0 -1
    outer loop
      vertex 159.717 -90.8409 0
      vertex 176.009 -111.666 0
      vertex 175.771 -111.713 0
    endloop
  endfacet
  facet normal 0 0 -1
    outer loop
      vertex 176.729 -35.287 0
      vertex 159.717 -56.1591 0
      vertex 176.491 -35.3342 0
    endloop
  endfacet
  facet normal 0 0 -1
    outer loop
      vertex 159.717 -90.8409 0
      vertex 175.771 -111.713 0
      vertex 175.542 -111.791 0
    endloop
  endfacet
  facet normal 0 0 -1
    outer loop
      vertex 176.491 -35.3342 0
      vertex 159.717 -56.1591 0
      vertex 176.25 -35.35 0
    endloop
  endfacet
  facet normal 0 0 -1
    outer loop
      vertex 156.9 -99.1398 0
      vertex 175.542 -111.791 0
      vertex 175.325 -111.898 0
    endloop
  endfacet
  facet normal -0 0 -1
    outer loop
      vertex 176.25 -35.35 0
      vertex 159.717 -56.1591 0
      vertex 176.009 -35.3342 0
    endloop
  endfacet
  facet normal 0 0 -1
    outer loop
      vertex 156.9 -99.1398 0
      vertex 175.325 -111.898 0
      vertex 175.124 -112.032 0
    endloop
  endfacet
  facet normal -0 0 -1
    outer loop
      vertex 176.009 -35.3342 0
      vertex 159.717 -56.1591 0
      vertex 175.771 -35.287 0
    endloop
  endfacet
  facet normal 0 0 -1
    outer loop
      vertex 156.9 -99.1398 0
      vertex 175.124 -112.032 0
      vertex 174.942 -112.192 0
    endloop
  endfacet
  facet normal -0 0 -1
    outer loop
      vertex 175.771 -35.287 0
      vertex 159.717 -56.1591 0
      vertex 175.542 -35.2092 0
    endloop
  endfacet
  facet normal 0 0 -1
    outer loop
      vertex 156.9 -99.1398 0
      vertex 174.942 -112.192 0
      vertex 174.782 -112.374 0
    endloop
  endfacet
  facet normal 0 0 -1
    outer loop
      vertex 156.9 -47.8602 0
      vertex 175.542 -35.2092 0
      vertex 159.717 -56.1591 0
    endloop
  endfacet
  facet normal 0 0 -1
    outer loop
      vertex 156.9 -99.1398 0
      vertex 174.782 -112.374 0
      vertex 174.648 -112.575 0
    endloop
  endfacet
  facet normal -0 0 -1
    outer loop
      vertex 175.542 -35.2092 0
      vertex 156.9 -47.8602 0
      vertex 175.325 -35.1021 0
    endloop
  endfacet
  facet normal 0 0 -1
    outer loop
      vertex 156.9 -99.1398 0
      vertex 174.648 -112.575 0
      vertex 174.541 -112.792 0
    endloop
  endfacet
  facet normal -0 0 -1
    outer loop
      vertex 175.325 -35.1021 0
      vertex 156.9 -47.8602 0
      vertex 175.124 -34.9677 0
    endloop
  endfacet
  facet normal 0 0 -1
    outer loop
      vertex 153.024 -107 0
      vertex 174.541 -112.792 0
      vertex 174.463 -113.021 0
    endloop
  endfacet
  facet normal -0 0 -1
    outer loop
      vertex 175.124 -34.9677 0
      vertex 156.9 -47.8602 0
      vertex 174.942 -34.8081 0
    endloop
  endfacet
  facet normal 0 0 -1
    outer loop
      vertex 153.024 -107 0
      vertex 174.463 -113.021 0
      vertex 174.416 -113.259 0
    endloop
  endfacet
  facet normal -0 0 -1
    outer loop
      vertex 174.942 -34.8081 0
      vertex 156.9 -47.8602 0
      vertex 174.782 -34.6262 0
    endloop
  endfacet
  facet normal 0 0 -1
    outer loop
      vertex 153.024 -107 0
      vertex 174.416 -113.259 0
      vertex 174.4 -113.5 0
    endloop
  endfacet
  facet normal -0 0 -1
    outer loop
      vertex 174.782 -34.6262 0
      vertex 156.9 -47.8602 0
      vertex 174.648 -34.425 0
    endloop
  endfacet
  facet normal 0 0 -1
    outer loop
      vertex 182 -145 0
      vertex 188 -139 0
      vertex 187.949 -139.783 0
    endloop
  endfacet
  facet normal 0 0 -1
    outer loop
      vertex 178.084 -113.259 0
      vertex 188 -139 0
      vertex 178.1 -113.5 0
    endloop
  endfacet
  facet normal 0 0 -1
    outer loop
      vertex 182 -145 0
      vertex 187.949 -139.783 0
      vertex 187.796 -140.553 0
    endloop
  endfacet
  facet normal 0 0 -1
    outer loop
      vertex 178.037 -113.021 0
      vertex 188 -139 0
      vertex 178.084 -113.259 0
    endloop
  endfacet
  facet normal 0 0 -1
    outer loop
      vertex 182 -145 0
      vertex 187.796 -140.553 0
      vertex 187.543 -141.296 0
    endloop
  endfacet
  facet normal 0 0 -1
    outer loop
      vertex 178.084 -33.2585 0
      vertex 188 -8 0
      vertex 178.1 -33.5 0
    endloop
  endfacet
  facet normal 0 0 -1
    outer loop
      vertex 182 -145 0
      vertex 187.543 -141.296 0
      vertex 187.196 -142 0
    endloop
  endfacet
  facet normal 0 0 -1
    outer loop
      vertex 178.037 -33.0212 0
      vertex 188 -8 0
      vertex 178.084 -33.2585 0
    endloop
  endfacet
  facet normal 0 0 -1
    outer loop
      vertex 182 -145 0
      vertex 187.196 -142 0
      vertex 186.76 -142.653 0
    endloop
  endfacet
  facet normal 0 0 -1
    outer loop
      vertex 177.959 -32.792 0
      vertex 188 -8 0
      vertex 178.037 -33.0212 0
    endloop
  endfacet
  facet normal 0 0 -1
    outer loop
      vertex 182 -145 0
      vertex 186.76 -142.653 0
      vertex 186.243 -143.243 0
    endloop
  endfacet
  facet normal 0 0 -1
    outer loop
      vertex 177.852 -32.575 0
      vertex 188 -8 0
      vertex 177.959 -32.792 0
    endloop
  endfacet
  facet normal 0 0 -1
    outer loop
      vertex 182 -145 0
      vertex 186.243 -143.243 0
      vertex 185.653 -143.76 0
    endloop
  endfacet
  facet normal 0 0 -1
    outer loop
      vertex 177.718 -32.3738 0
      vertex 188 -8 0
      vertex 177.852 -32.575 0
    endloop
  endfacet
  facet normal 0 0 -1
    outer loop
      vertex 182 -145 0
      vertex 185.653 -143.76 0
      vertex 185 -144.196 0
    endloop
  endfacet
  facet normal 0 0 -1
    outer loop
      vertex 177.558 -32.1919 0
      vertex 188 -8 0
      vertex 177.718 -32.3738 0
    endloop
  endfacet
  facet normal 0 0 -1
    outer loop
      vertex 182 -145 0
      vertex 185 -144.196 0
      vertex 184.296 -144.543 0
    endloop
  endfacet
  facet normal 0 0 -1
    outer loop
      vertex 177.376 -32.0323 0
      vertex 188 -8 0
      vertex 177.558 -32.1919 0
    endloop
  endfacet
  facet normal 0 0 -1
    outer loop
      vertex 182 -145 0
      vertex 184.296 -144.543 0
      vertex 183.553 -144.796 0
    endloop
  endfacet
  facet normal 0 0 -1
    outer loop
      vertex 177.175 -31.8979 0
      vertex 188 -8 0
      vertex 177.376 -32.0323 0
    endloop
  endfacet
  facet normal 0 0 -1
    outer loop
      vertex 182 -145 0
      vertex 183.553 -144.796 0
      vertex 182.783 -144.949 0
    endloop
  endfacet
  facet normal 0 0 -1
    outer loop
      vertex 176.958 -31.7908 0
      vertex 188 -8 0
      vertex 177.175 -31.8979 0
    endloop
  endfacet
  facet normal 0 0 -1
    outer loop
      vertex 176.009 -115.334 0
      vertex 188 -139 0
      vertex 182 -145 0
    endloop
  endfacet
  facet normal 0 0 -1
    outer loop
      vertex 176.729 -31.713 0
      vertex 188 -8 0
      vertex 176.958 -31.7908 0
    endloop
  endfacet
  facet normal 0 0 -1
    outer loop
      vertex 176.491 -31.6658 0
      vertex 188 -8 0
      vertex 176.729 -31.713 0
    endloop
  endfacet
  facet normal 0 0 -1
    outer loop
      vertex 188 -139 0
      vertex 178.084 -113.741 0
      vertex 178.1 -113.5 0
    endloop
  endfacet
  facet normal 0 0 -1
    outer loop
      vertex 188 -139 0
      vertex 178.037 -113.979 0
      vertex 178.084 -113.741 0
    endloop
  endfacet
  facet normal 0 0 -1
    outer loop
      vertex 188 -139 0
      vertex 177.959 -114.208 0
      vertex 178.037 -113.979 0
    endloop
  endfacet
  facet normal 0 0 -1
    outer loop
      vertex 188 -139 0
      vertex 177.852 -114.425 0
      vertex 177.959 -114.208 0
    endloop
  endfacet
  facet normal 0 0 -1
    outer loop
      vertex 188 -139 0
      vertex 177.718 -114.626 0
      vertex 177.852 -114.425 0
    endloop
  endfacet
  facet normal 0 0 -1
    outer loop
      vertex 188 -139 0
      vertex 177.558 -114.808 0
      vertex 177.718 -114.626 0
    endloop
  endfacet
  facet normal 0 0 -1
    outer loop
      vertex 188 -139 0
      vertex 177.376 -114.968 0
      vertex 177.558 -114.808 0
    endloop
  endfacet
  facet normal 0 0 -1
    outer loop
      vertex 188 -139 0
      vertex 177.175 -115.102 0
      vertex 177.376 -114.968 0
    endloop
  endfacet
  facet normal 0 0 -1
    outer loop
      vertex 188 -139 0
      vertex 176.958 -115.209 0
      vertex 177.175 -115.102 0
    endloop
  endfacet
  facet normal 0 0 -1
    outer loop
      vertex 188 -139 0
      vertex 176.729 -115.287 0
      vertex 176.958 -115.209 0
    endloop
  endfacet
  facet normal 0 0 -1
    outer loop
      vertex 188 -139 0
      vertex 176.491 -115.334 0
      vertex 176.729 -115.287 0
    endloop
  endfacet
  facet normal 0 0 -1
    outer loop
      vertex 188 -139 0
      vertex 176.25 -115.35 0
      vertex 176.491 -115.334 0
    endloop
  endfacet
  facet normal 0 0 -1
    outer loop
      vertex 188 -139 0
      vertex 176.009 -115.334 0
      vertex 176.25 -115.35 0
    endloop
  endfacet
  facet normal 0 0 -1
    outer loop
      vertex 182 -145 0
      vertex 175.771 -115.287 0
      vertex 176.009 -115.334 0
    endloop
  endfacet
  facet normal 0 0 -1
    outer loop
      vertex 182 -145 0
      vertex 175.542 -115.209 0
      vertex 175.771 -115.287 0
    endloop
  endfacet
  facet normal 0 0 -1
    outer loop
      vertex 182 -145 0
      vertex 175.325 -115.102 0
      vertex 175.542 -115.209 0
    endloop
  endfacet
  facet normal 0 0 -1
    outer loop
      vertex 182 -145 0
      vertex 175.124 -114.968 0
      vertex 175.325 -115.102 0
    endloop
  endfacet
  facet normal 0 0 -1
    outer loop
      vertex 142.376 -120.876 0
      vertex 175.124 -114.968 0
      vertex 182 -145 0
    endloop
  endfacet
  facet normal 0 -0 -1
    outer loop
      vertex 148.155 -114.287 0
      vertex 175.124 -114.968 0
      vertex 142.376 -120.876 0
    endloop
  endfacet
  facet normal 0 0 -1
    outer loop
      vertex 175.124 -114.968 0
      vertex 148.155 -114.287 0
      vertex 174.942 -114.808 0
    endloop
  endfacet
  facet normal 0 0 -1
    outer loop
      vertex 174.942 -114.808 0
      vertex 148.155 -114.287 0
      vertex 174.782 -114.626 0
    endloop
  endfacet
  facet normal 0 0 -1
    outer loop
      vertex 174.782 -114.626 0
      vertex 148.155 -114.287 0
      vertex 174.648 -114.425 0
    endloop
  endfacet
  facet normal -0 0 -1
    outer loop
      vertex 174.648 -34.425 0
      vertex 156.9 -47.8602 0
      vertex 174.541 -34.208 0
    endloop
  endfacet
  facet normal 0 0 -1
    outer loop
      vertex 153.024 -107 0
      vertex 174.4 -113.5 0
      vertex 174.416 -113.741 0
    endloop
  endfacet
  facet normal 0 0 -1
    outer loop
      vertex 153.024 -107 0
      vertex 174.416 -113.741 0
      vertex 174.463 -113.979 0
    endloop
  endfacet
  facet normal 0 0 -1
    outer loop
      vertex 174.648 -114.425 0
      vertex 148.155 -114.287 0
      vertex 174.541 -114.208 0
    endloop
  endfacet
  facet normal 0 0 -1
    outer loop
      vertex 177.376 -112.032 0
      vertex 161.427 -82.2453 0
      vertex 162 -73.5 0
    endloop
  endfacet
  facet normal 0 0 -1
    outer loop
      vertex 176.729 -111.713 0
      vertex 159.717 -90.8409 0
      vertex 161.427 -82.2453 0
    endloop
  endfacet
  facet normal 0 0 -1
    outer loop
      vertex 175.542 -111.791 0
      vertex 156.9 -99.1398 0
      vertex 159.717 -90.8409 0
    endloop
  endfacet
  facet normal 0 0 -1
    outer loop
      vertex 174.541 -112.792 0
      vertex 153.024 -107 0
      vertex 156.9 -99.1398 0
    endloop
  endfacet
  facet normal -0 0 -1
    outer loop
      vertex 174.463 -113.979 0
      vertex 148.155 -114.287 0
      vertex 153.024 -107 0
    endloop
  endfacet
  facet normal -0 0 -1
    outer loop
      vertex 174.541 -114.208 0
      vertex 148.155 -114.287 0
      vertex 174.463 -113.979 0
    endloop
  endfacet
  facet normal 0 0 -1
    outer loop
      vertex 182 -145 0
      vertex 135.787 -126.655 0
      vertex 142.376 -120.876 0
    endloop
  endfacet
  facet normal 0 0 -1
    outer loop
      vertex 182 -145 0
      vertex 128.5 -131.524 0
      vertex 135.787 -126.655 0
    endloop
  endfacet
  facet normal 0 0 -1
    outer loop
      vertex 182 -145 0
      vertex 120.64 -135.4 0
      vertex 128.5 -131.524 0
    endloop
  endfacet
  facet normal 0 0 -1
    outer loop
      vertex 182 -145 0
      vertex 112.341 -138.217 0
      vertex 120.64 -135.4 0
    endloop
  endfacet
  facet normal 0 0 -1
    outer loop
      vertex 182 -145 0
      vertex 103.745 -139.927 0
      vertex 112.341 -138.217 0
    endloop
  endfacet
  facet normal 0 0 -1
    outer loop
      vertex 182 -145 0
      vertex 95 -140.5 0
      vertex 103.745 -139.927 0
    endloop
  endfacet
  facet normal -0 0 -1
    outer loop
      vertex 36.9763 -107 0
      vertex 15.4592 -112.792 0
      vertex 33.1001 -99.1398 0
    endloop
  endfacet
  facet normal 0 0 -1
    outer loop
      vertex 15.4592 -112.792 0
      vertex 36.9763 -107 0
      vertex 15.537 -113.021 0
    endloop
  endfacet
  facet normal 0 0 -1
    outer loop
      vertex 15.537 -113.021 0
      vertex 36.9763 -107 0
      vertex 15.5842 -113.259 0
    endloop
  endfacet
  facet normal 0 0 -1
    outer loop
      vertex 15.5842 -113.259 0
      vertex 36.9763 -107 0
      vertex 15.6 -113.5 0
    endloop
  endfacet
  facet normal 0 0 -1
    outer loop
      vertex 15.537 -113.979 0
      vertex 36.9763 -107 0
      vertex 41.8453 -114.287 0
    endloop
  endfacet
  facet normal 0 0 -1
    outer loop
      vertex 14.8762 -114.968 0
      vertex 41.8453 -114.287 0
      vertex 47.6238 -120.876 0
    endloop
  endfacet
  facet normal 0 0 -1
    outer loop
      vertex 8 -145 0
      vertex 47.6238 -120.876 0
      vertex 54.213 -126.655 0
    endloop
  endfacet
  facet normal 0 0 -1
    outer loop
      vertex 8 -145 0
      vertex 54.213 -126.655 0
      vertex 61.5 -131.524 0
    endloop
  endfacet
  facet normal 0 0 -1
    outer loop
      vertex 8 -145 0
      vertex 61.5 -131.524 0
      vertex 69.3602 -135.4 0
    endloop
  endfacet
  facet normal 0 0 -1
    outer loop
      vertex 36.9763 -107 0
      vertex 15.5842 -113.741 0
      vertex 15.6 -113.5 0
    endloop
  endfacet
  facet normal 0 0 -1
    outer loop
      vertex 36.9763 -107 0
      vertex 15.537 -113.979 0
      vertex 15.5842 -113.741 0
    endloop
  endfacet
  facet normal 0 0 -1
    outer loop
      vertex 41.8453 -114.287 0
      vertex 15.4592 -114.208 0
      vertex 15.537 -113.979 0
    endloop
  endfacet
  facet normal -0 0 -1
    outer loop
      vertex 41.8453 -114.287 0
      vertex 15.3521 -114.425 0
      vertex 15.4592 -114.208 0
    endloop
  endfacet
  facet normal 0 0 -1
    outer loop
      vertex 41.8453 -114.287 0
      vertex 15.2177 -114.626 0
      vertex 15.3521 -114.425 0
    endloop
  endfacet
  facet normal 0 0 -1
    outer loop
      vertex 41.8453 -114.287 0
      vertex 15.0581 -114.808 0
      vertex 15.2177 -114.626 0
    endloop
  endfacet
  facet normal -0 0 -1
    outer loop
      vertex 47.6238 -120.876 0
      vertex 8 -145 0
      vertex 14.8762 -114.968 0
    endloop
  endfacet
  facet normal 0 0 -1
    outer loop
      vertex 41.8453 -114.287 0
      vertex 14.8762 -114.968 0
      vertex 15.0581 -114.808 0
    endloop
  endfacet
  facet normal 0 0 -1
    outer loop
      vertex 14.8762 -114.968 0
      vertex 8 -145 0
      vertex 14.675 -115.102 0
    endloop
  endfacet
  facet normal 0 0 -1
    outer loop
      vertex 14.675 -115.102 0
      vertex 8 -145 0
      vertex 14.458 -115.209 0
    endloop
  endfacet
  facet normal 0 0 -1
    outer loop
      vertex 14.458 -115.209 0
      vertex 8 -145 0
      vertex 14.2288 -115.287 0
    endloop
  endfacet
  facet normal 0 0 -1
    outer loop
      vertex 14.2288 -115.287 0
      vertex 8 -145 0
      vertex 13.9915 -115.334 0
    endloop
  endfacet
  facet normal 0 0 -1
    outer loop
      vertex 2 -139 0
      vertex 13.9915 -115.334 0
      vertex 8 -145 0
    endloop
  endfacet
  facet normal 0 0 -1
    outer loop
      vertex 13.9915 -115.334 0
      vertex 2 -139 0
      vertex 13.75 -115.35 0
    endloop
  endfacet
  facet normal -0 0 -1
    outer loop
      vertex 13.75 -115.35 0
      vertex 2 -139 0
      vertex 13.5085 -115.334 0
    endloop
  endfacet
  facet normal -0 0 -1
    outer loop
      vertex 11.9158 -113.741 0
      vertex 2 -139 0
      vertex 11.9 -113.5 0
    endloop
  endfacet
  facet normal -0 0 -1
    outer loop
      vertex 11.963 -113.979 0
      vertex 2 -139 0
      vertex 11.9158 -113.741 0
    endloop
  endfacet
  facet normal -0 0 -1
    outer loop
      vertex 12.0408 -114.208 0
      vertex 2 -139 0
      vertex 11.963 -113.979 0
    endloop
  endfacet
  facet normal -0 0 -1
    outer loop
      vertex 12.1479 -114.425 0
      vertex 2 -139 0
      vertex 12.0408 -114.208 0
    endloop
  endfacet
  facet normal -0 0 -1
    outer loop
      vertex 12.2823 -114.626 0
      vertex 2 -139 0
      vertex 12.1479 -114.425 0
    endloop
  endfacet
  facet normal -0 0 -1
    outer loop
      vertex 12.4419 -114.808 0
      vertex 2 -139 0
      vertex 12.2823 -114.626 0
    endloop
  endfacet
  facet normal -0 0 -1
    outer loop
      vertex 12.6238 -114.968 0
      vertex 2 -139 0
      vertex 12.4419 -114.808 0
    endloop
  endfacet
  facet normal -0 0 -1
    outer loop
      vertex 12.825 -115.102 0
      vertex 2 -139 0
      vertex 12.6238 -114.968 0
    endloop
  endfacet
  facet normal -0 0 -1
    outer loop
      vertex 13.042 -115.209 0
      vertex 2 -139 0
      vertex 12.825 -115.102 0
    endloop
  endfacet
  facet normal -0 0 -1
    outer loop
      vertex 13.2712 -115.287 0
      vertex 2 -139 0
      vertex 13.042 -115.209 0
    endloop
  endfacet
  facet normal -0 0 -1
    outer loop
      vertex 13.5085 -115.334 0
      vertex 2 -139 0
      vertex 13.2712 -115.287 0
    endloop
  endfacet
  facet normal -0 0 -1
    outer loop
      vertex 77.6591 -138.217 0
      vertex 8 -145 0
      vertex 69.3602 -135.4 0
    endloop
  endfacet
  facet normal -0 0 -1
    outer loop
      vertex 86.2547 -139.927 0
      vertex 8 -145 0
      vertex 77.6591 -138.217 0
    endloop
  endfacet
  facet normal -0 0 -1
    outer loop
      vertex 95 -140.5 0
      vertex 8 -145 0
      vertex 86.2547 -139.927 0
    endloop
  endfacet
  facet normal 0 0 -1
    outer loop
      vertex 8 -145 0
      vertex 95 -140.5 0
      vertex 182 -145 0
    endloop
  endfacet
  facet normal 0 0 -1
    outer loop
      vertex 176.25 -31.65 0
      vertex 188 -8 0
      vertex 176.491 -31.6658 0
    endloop
  endfacet
  facet normal 0 0 -1
    outer loop
      vertex 176.009 -31.6658 0
      vertex 188 -8 0
      vertex 176.25 -31.65 0
    endloop
  endfacet
  facet normal 0 0 -1
    outer loop
      vertex 188 -8 0
      vertex 182 -2 0
      vertex 187.949 -7.21684 0
    endloop
  endfacet
  facet normal 0 0 -1
    outer loop
      vertex 187.949 -7.21684 0
      vertex 182 -2 0
      vertex 187.796 -6.44708 0
    endloop
  endfacet
  facet normal 0 0 -1
    outer loop
      vertex 187.796 -6.44708 0
      vertex 182 -2 0
      vertex 187.543 -5.7039 0
    endloop
  endfacet
  facet normal 0 0 -1
    outer loop
      vertex 187.196 -5 0
      vertex 182 -2 0
      vertex 186.76 -4.34743 0
    endloop
  endfacet
  facet normal 0 0 -1
    outer loop
      vertex 186.76 -4.34743 0
      vertex 182 -2 0
      vertex 186.243 -3.75735 0
    endloop
  endfacet
  facet normal 0 0 -1
    outer loop
      vertex 185.653 -3.23988 0
      vertex 182 -2 0
      vertex 185 -2.80385 0
    endloop
  endfacet
  facet normal 0 0 -1
    outer loop
      vertex 185 -2.80385 0
      vertex 182 -2 0
      vertex 184.296 -2.45673 0
    endloop
  endfacet
  facet normal 0 0 -1
    outer loop
      vertex 184.296 -2.45673 0
      vertex 182 -2 0
      vertex 183.553 -2.20445 0
    endloop
  endfacet
  facet normal 0 0 -1
    outer loop
      vertex 183.553 -2.20445 0
      vertex 182 -2 0
      vertex 182.783 -2.05133 0
    endloop
  endfacet
  facet normal 0 0 -1
    outer loop
      vertex 186.243 -3.75735 0
      vertex 182 -2 0
      vertex 185.653 -3.23988 0
    endloop
  endfacet
  facet normal 0 0 -1
    outer loop
      vertex 187.543 -5.7039 0
      vertex 182 -2 0
      vertex 187.196 -5 0
    endloop
  endfacet
  facet normal -0 0 -1
    outer loop
      vertex 188 -8 0
      vertex 176.009 -31.6658 0
      vertex 182 -2 0
    endloop
  endfacet
  facet normal 0 0 -1
    outer loop
      vertex 175.771 -31.713 0
      vertex 182 -2 0
      vertex 176.009 -31.6658 0
    endloop
  endfacet
  facet normal 0 0 -1
    outer loop
      vertex 175.542 -31.7908 0
      vertex 182 -2 0
      vertex 175.771 -31.713 0
    endloop
  endfacet
  facet normal 0 0 -1
    outer loop
      vertex 175.325 -31.8979 0
      vertex 182 -2 0
      vertex 175.542 -31.7908 0
    endloop
  endfacet
  facet normal 0 0 -1
    outer loop
      vertex 175.124 -32.0323 0
      vertex 182 -2 0
      vertex 175.325 -31.8979 0
    endloop
  endfacet
  facet normal 0 0 -1
    outer loop
      vertex 148.155 -32.713 0
      vertex 175.124 -32.0323 0
      vertex 174.942 -32.1919 0
    endloop
  endfacet
  facet normal 0 0 -1
    outer loop
      vertex 148.155 -32.713 0
      vertex 174.942 -32.1919 0
      vertex 174.782 -32.3738 0
    endloop
  endfacet
  facet normal 0 0 -1
    outer loop
      vertex 148.155 -32.713 0
      vertex 174.782 -32.3738 0
      vertex 174.648 -32.575 0
    endloop
  endfacet
  facet normal 0 0 -1
    outer loop
      vertex 148.155 -32.713 0
      vertex 174.648 -32.575 0
      vertex 174.541 -32.792 0
    endloop
  endfacet
  facet normal 0 0 -1
    outer loop
      vertex 148.155 -32.713 0
      vertex 174.541 -32.792 0
      vertex 174.463 -33.0212 0
    endloop
  endfacet
  facet normal 0 0 -1
    outer loop
      vertex 153.024 -40 0
      vertex 174.541 -34.208 0
      vertex 156.9 -47.8602 0
    endloop
  endfacet
  facet normal -0 0 -1
    outer loop
      vertex 174.541 -34.208 0
      vertex 153.024 -40 0
      vertex 174.463 -33.9788 0
    endloop
  endfacet
  facet normal -0 0 -1
    outer loop
      vertex 174.463 -33.9788 0
      vertex 153.024 -40 0
      vertex 174.416 -33.7415 0
    endloop
  endfacet
  facet normal -0 0 -1
    outer loop
      vertex 174.416 -33.7415 0
      vertex 153.024 -40 0
      vertex 174.4 -33.5 0
    endloop
  endfacet
  facet normal -0 0 -1
    outer loop
      vertex 174.4 -33.5 0
      vertex 153.024 -40 0
      vertex 174.416 -33.2585 0
    endloop
  endfacet
  facet normal -0 0 -1
    outer loop
      vertex 174.416 -33.2585 0
      vertex 153.024 -40 0
      vertex 174.463 -33.0212 0
    endloop
  endfacet
  facet normal 0 0 -1
    outer loop
      vertex 148.155 -32.713 0
      vertex 174.463 -33.0212 0
      vertex 153.024 -40 0
    endloop
  endfacet
  facet normal -0 0 -1
    outer loop
      vertex 175.124 -32.0323 0
      vertex 148.155 -32.713 0
      vertex 142.376 -26.1238 0
    endloop
  endfacet
  facet normal 0 0 -1
    outer loop
      vertex 175.124 -32.0323 0
      vertex 142.376 -26.1238 0
      vertex 182 -2 0
    endloop
  endfacet
  facet normal 0 0 -1
    outer loop
      vertex 135.787 -20.3453 0
      vertex 182 -2 0
      vertex 142.376 -26.1238 0
    endloop
  endfacet
  facet normal 0 0 -1
    outer loop
      vertex 128.5 -15.4763 0
      vertex 182 -2 0
      vertex 135.787 -20.3453 0
    endloop
  endfacet
  facet normal 0 0 -1
    outer loop
      vertex 120.64 -11.6001 0
      vertex 182 -2 0
      vertex 128.5 -15.4763 0
    endloop
  endfacet
  facet normal 0 0 -1
    outer loop
      vertex 112.341 -8.78297 0
      vertex 182 -2 0
      vertex 120.64 -11.6001 0
    endloop
  endfacet
  facet normal 0 0 -1
    outer loop
      vertex 103.745 -7.07319 0
      vertex 182 -2 0
      vertex 112.341 -8.78297 0
    endloop
  endfacet
  facet normal 0 0 -1
    outer loop
      vertex 95 -6.5 0
      vertex 182 -2 0
      vertex 103.745 -7.07319 0
    endloop
  endfacet
  facet normal 0 0 -1
    outer loop
      vertex 15.3521 -112.575 0
      vertex 33.1001 -99.1398 0
      vertex 15.4592 -112.792 0
    endloop
  endfacet
  facet normal 0 0 -1
    outer loop
      vertex 28 -73.5 0
      vertex 15.6 -33.5 0
      vertex 28.5732 -64.7547 0
    endloop
  endfacet
  facet normal 0 0 -1
    outer loop
      vertex 28.5732 -64.7547 0
      vertex 15.6 -33.5 0
      vertex 30.283 -56.1591 0
    endloop
  endfacet
  facet normal 0 0 -1
    outer loop
      vertex 15.6 -33.5 0
      vertex 33.1001 -47.8602 0
      vertex 30.283 -56.1591 0
    endloop
  endfacet
  facet normal 0 0 -1
    outer loop
      vertex 15.6 -33.5 0
      vertex 36.9763 -40 0
      vertex 33.1001 -47.8602 0
    endloop
  endfacet
  facet normal 0 0 -1
    outer loop
      vertex 15.5842 -33.2585 0
      vertex 36.9763 -40 0
      vertex 15.6 -33.5 0
    endloop
  endfacet
  facet normal 0 0 -1
    outer loop
      vertex 15.537 -33.0212 0
      vertex 36.9763 -40 0
      vertex 15.5842 -33.2585 0
    endloop
  endfacet
  facet normal 0 0 -1
    outer loop
      vertex 36.9763 -40 0
      vertex 15.537 -33.0212 0
      vertex 41.8453 -32.713 0
    endloop
  endfacet
  facet normal 0 0 -1
    outer loop
      vertex 15.4592 -32.792 0
      vertex 41.8453 -32.713 0
      vertex 15.537 -33.0212 0
    endloop
  endfacet
  facet normal 0 0 -1
    outer loop
      vertex 15.3521 -32.575 0
      vertex 41.8453 -32.713 0
      vertex 15.4592 -32.792 0
    endloop
  endfacet
  facet normal 0 0 -1
    outer loop
      vertex 15.2177 -32.3738 0
      vertex 41.8453 -32.713 0
      vertex 15.3521 -32.575 0
    endloop
  endfacet
  facet normal 0 0 -1
    outer loop
      vertex 15.0581 -32.1919 0
      vertex 41.8453 -32.713 0
      vertex 15.2177 -32.3738 0
    endloop
  endfacet
  facet normal 0 0 -1
    outer loop
      vertex 14.8762 -32.0323 0
      vertex 41.8453 -32.713 0
      vertex 15.0581 -32.1919 0
    endloop
  endfacet
  facet normal 0 0 -1
    outer loop
      vertex 41.8453 -32.713 0
      vertex 14.8762 -32.0323 0
      vertex 47.6238 -26.1238 0
    endloop
  endfacet
  facet normal 0 0 -1
    outer loop
      vertex 8 -2 0
      vertex 47.6238 -26.1238 0
      vertex 14.8762 -32.0323 0
    endloop
  endfacet
  facet normal 0 0 -1
    outer loop
      vertex 54.213 -20.3453 0
      vertex 8 -2 0
      vertex 61.5 -15.4763 0
    endloop
  endfacet
  facet normal 0 0 -1
    outer loop
      vertex 47.6238 -26.1238 0
      vertex 8 -2 0
      vertex 54.213 -20.3453 0
    endloop
  endfacet
  facet normal 0 0 -1
    outer loop
      vertex 8 -2 0
      vertex 14.8762 -32.0323 0
      vertex 14.675 -31.8979 0
    endloop
  endfacet
  facet normal 0 0 -1
    outer loop
      vertex 8 -2 0
      vertex 14.675 -31.8979 0
      vertex 14.458 -31.7908 0
    endloop
  endfacet
  facet normal 0 0 -1
    outer loop
      vertex 8 -2 0
      vertex 14.458 -31.7908 0
      vertex 14.2288 -31.713 0
    endloop
  endfacet
  facet normal 0 0 -1
    outer loop
      vertex 8 -2 0
      vertex 14.2288 -31.713 0
      vertex 13.9915 -31.6658 0
    endloop
  endfacet
  facet normal 0 0 -1
    outer loop
      vertex 2 -8 0
      vertex 13.9915 -31.6658 0
      vertex 13.75 -31.65 0
    endloop
  endfacet
  facet normal 0 0 -1
    outer loop
      vertex 2 -8 0
      vertex 13.75 -31.65 0
      vertex 13.5085 -31.6658 0
    endloop
  endfacet
  facet normal 0 0 -1
    outer loop
      vertex 2 -8 0
      vertex 13.5085 -31.6658 0
      vertex 13.2712 -31.713 0
    endloop
  endfacet
  facet normal 0 0 -1
    outer loop
      vertex 2 -8 0
      vertex 13.2712 -31.713 0
      vertex 13.042 -31.7908 0
    endloop
  endfacet
  facet normal 0 0 -1
    outer loop
      vertex 95 -6.5 0
      vertex 8 -2 0
      vertex 182 -2 0
    endloop
  endfacet
  facet normal 0 0 -1
    outer loop
      vertex 86.2547 -7.07319 0
      vertex 8 -2 0
      vertex 95 -6.5 0
    endloop
  endfacet
  facet normal 0 0 -1
    outer loop
      vertex 77.6591 -8.78297 0
      vertex 8 -2 0
      vertex 86.2547 -7.07319 0
    endloop
  endfacet
  facet normal 0 0 -1
    outer loop
      vertex 69.3602 -11.6001 0
      vertex 8 -2 0
      vertex 77.6591 -8.78297 0
    endloop
  endfacet
  facet normal 0 0 -1
    outer loop
      vertex 61.5 -15.4763 0
      vertex 8 -2 0
      vertex 69.3602 -11.6001 0
    endloop
  endfacet
  facet normal 0 0 -1
    outer loop
      vertex 2 -8 0
      vertex 13.042 -31.7908 0
      vertex 12.825 -31.8979 0
    endloop
  endfacet
  facet normal 0 0 -1
    outer loop
      vertex 2 -8 0
      vertex 12.825 -31.8979 0
      vertex 12.6238 -32.0323 0
    endloop
  endfacet
  facet normal 0 0 -1
    outer loop
      vertex 2 -8 0
      vertex 12.6238 -32.0323 0
      vertex 12.4419 -32.1919 0
    endloop
  endfacet
  facet normal 0 0 -1
    outer loop
      vertex 2 -8 0
      vertex 12.4419 -32.1919 0
      vertex 12.2823 -32.3738 0
    endloop
  endfacet
  facet normal 0 0 -1
    outer loop
      vertex 2 -8 0
      vertex 12.2823 -32.3738 0
      vertex 12.1479 -32.575 0
    endloop
  endfacet
  facet normal 0 0 -1
    outer loop
      vertex 2 -8 0
      vertex 12.1479 -32.575 0
      vertex 12.0408 -32.792 0
    endloop
  endfacet
  facet normal 0 0 -1
    outer loop
      vertex 2 -8 0
      vertex 12.0408 -32.792 0
      vertex 11.963 -33.0212 0
    endloop
  endfacet
  facet normal 0 0 -1
    outer loop
      vertex 2 -8 0
      vertex 11.963 -33.0212 0
      vertex 11.9158 -33.2585 0
    endloop
  endfacet
  facet normal 0 0 -1
    outer loop
      vertex 2 -8 0
      vertex 11.9158 -33.2585 0
      vertex 11.9 -33.5 0
    endloop
  endfacet
  facet normal 0 0 -1
    outer loop
      vertex 11.963 -33.9788 0
      vertex 2 -8 0
      vertex 11.9158 -33.7415 0
    endloop
  endfacet
  facet normal 0 0 -1
    outer loop
      vertex 2 -139 0
      vertex 8 -145 0
      vertex 7.21684 -144.949 0
    endloop
  endfacet
  facet normal 0 0 -1
    outer loop
      vertex 11.9158 -33.7415 0
      vertex 2 -8 0
      vertex 11.9 -33.5 0
    endloop
  endfacet
  facet normal 0 0 -1
    outer loop
      vertex 2 -139 0
      vertex 7.21684 -144.949 0
      vertex 6.44708 -144.796 0
    endloop
  endfacet
  facet normal 0 0 -1
    outer loop
      vertex 13.9915 -31.6658 0
      vertex 2 -8 0
      vertex 8 -2 0
    endloop
  endfacet
  facet normal 0 0 -1
    outer loop
      vertex 2 -139 0
      vertex 6.44708 -144.796 0
      vertex 5.7039 -144.543 0
    endloop
  endfacet
  facet normal 0 0 -1
    outer loop
      vertex 8 -2 0
      vertex 2 -8 0
      vertex 7.21684 -2.05133 0
    endloop
  endfacet
  facet normal 0 0 -1
    outer loop
      vertex 2 -139 0
      vertex 5.7039 -144.543 0
      vertex 5 -144.196 0
    endloop
  endfacet
  facet normal 0 0 -1
    outer loop
      vertex 7.21684 -2.05133 0
      vertex 2 -8 0
      vertex 6.44708 -2.20445 0
    endloop
  endfacet
  facet normal 0 0 -1
    outer loop
      vertex 2 -139 0
      vertex 5 -144.196 0
      vertex 4.34743 -143.76 0
    endloop
  endfacet
  facet normal 0 0 -1
    outer loop
      vertex 6.44708 -2.20445 0
      vertex 2 -8 0
      vertex 5.7039 -2.45673 0
    endloop
  endfacet
  facet normal 0 0 -1
    outer loop
      vertex 2 -139 0
      vertex 4.34743 -143.76 0
      vertex 3.75735 -143.243 0
    endloop
  endfacet
  facet normal 0 0 -1
    outer loop
      vertex 5.7039 -2.45673 0
      vertex 2 -8 0
      vertex 5 -2.80385 0
    endloop
  endfacet
  facet normal 0 0 -1
    outer loop
      vertex 2 -139 0
      vertex 3.75735 -143.243 0
      vertex 3.23988 -142.653 0
    endloop
  endfacet
  facet normal 0 0 -1
    outer loop
      vertex 5 -2.80385 0
      vertex 2 -8 0
      vertex 4.34743 -3.23988 0
    endloop
  endfacet
  facet normal 0 0 -1
    outer loop
      vertex 2 -139 0
      vertex 3.23988 -142.653 0
      vertex 2.80385 -142 0
    endloop
  endfacet
  facet normal 0 0 -1
    outer loop
      vertex 4.34743 -3.23988 0
      vertex 2 -8 0
      vertex 3.75735 -3.75735 0
    endloop
  endfacet
  facet normal 0 0 -1
    outer loop
      vertex 2 -139 0
      vertex 2.80385 -142 0
      vertex 2.45673 -141.296 0
    endloop
  endfacet
  facet normal 0 0 -1
    outer loop
      vertex 3.75735 -3.75735 0
      vertex 2 -8 0
      vertex 3.23988 -4.34743 0
    endloop
  endfacet
  facet normal 0 0 -1
    outer loop
      vertex 2 -139 0
      vertex 2.45673 -141.296 0
      vertex 2.20445 -140.553 0
    endloop
  endfacet
  facet normal 0 0 -1
    outer loop
      vertex 3.23988 -4.34743 0
      vertex 2 -8 0
      vertex 2.80385 -5 0
    endloop
  endfacet
  facet normal 0 0 -1
    outer loop
      vertex 2 -139 0
      vertex 2.20445 -140.553 0
      vertex 2.05133 -139.783 0
    endloop
  endfacet
  facet normal 0 0 -1
    outer loop
      vertex 2.80385 -5 0
      vertex 2 -8 0
      vertex 2.45673 -5.7039 0
    endloop
  endfacet
  facet normal 0 0 -1
    outer loop
      vertex 2.45673 -5.7039 0
      vertex 2 -8 0
      vertex 2.20445 -6.44708 0
    endloop
  endfacet
  facet normal 0 0 -1
    outer loop
      vertex 2.20445 -6.44708 0
      vertex 2 -8 0
      vertex 2.05133 -7.21684 0
    endloop
  endfacet
  facet normal -0 0 1
    outer loop
      vertex 15.2177 -34.6262 3
      vertex 33.1001 -47.8602 3
      vertex 15.3521 -34.425 3
    endloop
  endfacet
  facet normal 0 0 1
    outer loop
      vertex 28 -73.5 3
      vertex 15.5842 -113.259 3
      vertex 15.6 -113.5 3
    endloop
  endfacet
  facet normal -0 0 1
    outer loop
      vertex 15.0581 -34.8081 3
      vertex 33.1001 -47.8602 3
      vertex 15.2177 -34.6262 3
    endloop
  endfacet
  facet normal 0 0 1
    outer loop
      vertex 28 -73.5 3
      vertex 15.537 -113.021 3
      vertex 15.5842 -113.259 3
    endloop
  endfacet
  facet normal -0 0 1
    outer loop
      vertex 14.8762 -34.9677 3
      vertex 33.1001 -47.8602 3
      vertex 15.0581 -34.8081 3
    endloop
  endfacet
  facet normal 0 0 1
    outer loop
      vertex 28 -73.5 3
      vertex 15.4592 -112.792 3
      vertex 15.537 -113.021 3
    endloop
  endfacet
  facet normal -0 0 1
    outer loop
      vertex 14.675 -35.1021 3
      vertex 33.1001 -47.8602 3
      vertex 14.8762 -34.9677 3
    endloop
  endfacet
  facet normal 0 0 1
    outer loop
      vertex 28 -73.5 3
      vertex 15.3521 -112.575 3
      vertex 15.4592 -112.792 3
    endloop
  endfacet
  facet normal -0 0 1
    outer loop
      vertex 14.458 -35.2092 3
      vertex 33.1001 -47.8602 3
      vertex 14.675 -35.1021 3
    endloop
  endfacet
  facet normal 0 0 1
    outer loop
      vertex 28 -73.5 3
      vertex 15.2177 -112.374 3
      vertex 15.3521 -112.575 3
    endloop
  endfacet
  facet normal 0 0 1
    outer loop
      vertex 33.1001 -47.8602 3
      vertex 14.458 -35.2092 3
      vertex 30.283 -56.1591 3
    endloop
  endfacet
  facet normal 0 0 1
    outer loop
      vertex 28 -73.5 3
      vertex 15.0581 -112.192 3
      vertex 15.2177 -112.374 3
    endloop
  endfacet
  facet normal -0 0 1
    outer loop
      vertex 14.2288 -35.287 3
      vertex 30.283 -56.1591 3
      vertex 14.458 -35.2092 3
    endloop
  endfacet
  facet normal 0 0 1
    outer loop
      vertex 28 -73.5 3
      vertex 14.8762 -112.032 3
      vertex 15.0581 -112.192 3
    endloop
  endfacet
  facet normal -0 0 1
    outer loop
      vertex 13.9915 -35.3342 3
      vertex 30.283 -56.1591 3
      vertex 14.2288 -35.287 3
    endloop
  endfacet
  facet normal 0 0 1
    outer loop
      vertex 28 -73.5 3
      vertex 14.675 -111.898 3
      vertex 14.8762 -112.032 3
    endloop
  endfacet
  facet normal -0 0 1
    outer loop
      vertex 13.75 -35.35 3
      vertex 30.283 -56.1591 3
      vertex 13.9915 -35.3342 3
    endloop
  endfacet
  facet normal 0 0 1
    outer loop
      vertex 28 -73.5 3
      vertex 14.458 -111.791 3
      vertex 14.675 -111.898 3
    endloop
  endfacet
  facet normal 0 0 1
    outer loop
      vertex 13.5085 -35.3342 3
      vertex 30.283 -56.1591 3
      vertex 13.75 -35.35 3
    endloop
  endfacet
  facet normal 0 0 1
    outer loop
      vertex 28 -73.5 3
      vertex 14.2288 -111.713 3
      vertex 14.458 -111.791 3
    endloop
  endfacet
  facet normal 0 0 1
    outer loop
      vertex 13.2712 -35.287 3
      vertex 30.283 -56.1591 3
      vertex 13.5085 -35.3342 3
    endloop
  endfacet
  facet normal 0 0 1
    outer loop
      vertex 28 -73.5 3
      vertex 13.9915 -111.666 3
      vertex 14.2288 -111.713 3
    endloop
  endfacet
  facet normal 0 0 1
    outer loop
      vertex 30.283 -56.1591 3
      vertex 13.2712 -35.287 3
      vertex 28.5732 -64.7547 3
    endloop
  endfacet
  facet normal 0 0 1
    outer loop
      vertex 28 -73.5 3
      vertex 13.75 -111.65 3
      vertex 13.9915 -111.666 3
    endloop
  endfacet
  facet normal 0 0 1
    outer loop
      vertex 13.042 -35.2092 3
      vertex 28.5732 -64.7547 3
      vertex 13.2712 -35.287 3
    endloop
  endfacet
  facet normal 0 0 1
    outer loop
      vertex 28 -73.5 3
      vertex 13.5085 -111.666 3
      vertex 13.75 -111.65 3
    endloop
  endfacet
  facet normal 0 0 1
    outer loop
      vertex 12.825 -35.1021 3
      vertex 28.5732 -64.7547 3
      vertex 13.042 -35.2092 3
    endloop
  endfacet
  facet normal 0 0 1
    outer loop
      vertex 28 -73.5 3
      vertex 13.2712 -111.713 3
      vertex 13.5085 -111.666 3
    endloop
  endfacet
  facet normal 0 0 1
    outer loop
      vertex 12.6238 -34.9677 3
      vertex 28.5732 -64.7547 3
      vertex 12.825 -35.1021 3
    endloop
  endfacet
  facet normal 0 0 1
    outer loop
      vertex 28 -73.5 3
      vertex 13.042 -111.791 3
      vertex 13.2712 -111.713 3
    endloop
  endfacet
  facet normal 0 0 1
    outer loop
      vertex 28.5732 -64.7547 3
      vertex 12.6238 -34.9677 3
      vertex 28 -73.5 3
    endloop
  endfacet
  facet normal 0 0 1
    outer loop
      vertex 28 -73.5 3
      vertex 12.825 -111.898 3
      vertex 13.042 -111.791 3
    endloop
  endfacet
  facet normal 0 0 1
    outer loop
      vertex 12.4419 -34.8081 3
      vertex 28 -73.5 3
      vertex 12.6238 -34.9677 3
    endloop
  endfacet
  facet normal 0 0 1
    outer loop
      vertex 28 -73.5 3
      vertex 12.6238 -112.032 3
      vertex 12.825 -111.898 3
    endloop
  endfacet
  facet normal 0 0 1
    outer loop
      vertex 12.4419 -112.192 3
      vertex 28 -73.5 3
      vertex 12.4419 -34.8081 3
    endloop
  endfacet
  facet normal 0 0 1
    outer loop
      vertex 28 -73.5 3
      vertex 12.4419 -112.192 3
      vertex 12.6238 -112.032 3
    endloop
  endfacet
  facet normal 0 0 1
    outer loop
      vertex 12.2823 -34.6262 3
      vertex 12.4419 -112.192 3
      vertex 12.4419 -34.8081 3
    endloop
  endfacet
  facet normal 0 0 1
    outer loop
      vertex 12.2823 -34.6262 3
      vertex 12.2823 -112.374 3
      vertex 12.4419 -112.192 3
    endloop
  endfacet
  facet normal 0 0 1
    outer loop
      vertex 12.1479 -34.425 3
      vertex 12.2823 -112.374 3
      vertex 12.2823 -34.6262 3
    endloop
  endfacet
  facet normal 0 0 1
    outer loop
      vertex 12.1479 -34.425 3
      vertex 12.1479 -112.575 3
      vertex 12.2823 -112.374 3
    endloop
  endfacet
  facet normal 0 0 1
    outer loop
      vertex 12.0408 -34.208 3
      vertex 12.1479 -112.575 3
      vertex 12.1479 -34.425 3
    endloop
  endfacet
  facet normal 0 0 1
    outer loop
      vertex 12.0408 -34.208 3
      vertex 12.0408 -112.792 3
      vertex 12.1479 -112.575 3
    endloop
  endfacet
  facet normal 0 0 1
    outer loop
      vertex 11.963 -33.9788 3
      vertex 12.0408 -112.792 3
      vertex 12.0408 -34.208 3
    endloop
  endfacet
  facet normal 0 0 1
    outer loop
      vertex 11.963 -33.9788 3
      vertex 11.963 -113.021 3
      vertex 12.0408 -112.792 3
    endloop
  endfacet
  facet normal 0 0 1
    outer loop
      vertex 0 -8 3
      vertex 11.963 -33.9788 3
      vertex 11.9158 -33.7415 3
    endloop
  endfacet
  facet normal 0 0 1
    outer loop
      vertex 11.963 -33.9788 3
      vertex 0 -8 3
      vertex 11.963 -113.021 3
    endloop
  endfacet
  facet normal 0 0 1
    outer loop
      vertex 0 -8 3
      vertex 11.9158 -33.7415 3
      vertex 11.9 -33.5 3
    endloop
  endfacet
  facet normal 0 0 1
    outer loop
      vertex 0 -139 3
      vertex 11.963 -113.021 3
      vertex 0 -8 3
    endloop
  endfacet
  facet normal 0 0 1
    outer loop
      vertex 190 -8 3
      vertex 178.037 -33.9788 3
      vertex 190 -139 3
    endloop
  endfacet
  facet normal 0 0 1
    outer loop
      vertex 190 -139 3
      vertex 178.084 -113.259 3
      vertex 178.1 -113.5 3
    endloop
  endfacet
  facet normal -0 0 1
    outer loop
      vertex 178.037 -113.021 3
      vertex 190 -139 3
      vertex 178.037 -33.9788 3
    endloop
  endfacet
  facet normal 0 0 1
    outer loop
      vertex 190 -139 3
      vertex 178.037 -113.021 3
      vertex 178.084 -113.259 3
    endloop
  endfacet
  facet normal -0 0 1
    outer loop
      vertex 177.959 -34.208 3
      vertex 178.037 -113.021 3
      vertex 178.037 -33.9788 3
    endloop
  endfacet
  facet normal 0 0 1
    outer loop
      vertex 177.959 -34.208 3
      vertex 177.959 -112.792 3
      vertex 178.037 -113.021 3
    endloop
  endfacet
  facet normal -0 0 1
    outer loop
      vertex 177.852 -34.425 3
      vertex 177.959 -112.792 3
      vertex 177.959 -34.208 3
    endloop
  endfacet
  facet normal 0 0 1
    outer loop
      vertex 177.852 -34.425 3
      vertex 177.852 -112.575 3
      vertex 177.959 -112.792 3
    endloop
  endfacet
  facet normal -0 0 1
    outer loop
      vertex 177.718 -34.6262 3
      vertex 177.852 -112.575 3
      vertex 177.852 -34.425 3
    endloop
  endfacet
  facet normal 0 0 1
    outer loop
      vertex 177.718 -34.6262 3
      vertex 177.718 -112.374 3
      vertex 177.852 -112.575 3
    endloop
  endfacet
  facet normal -0 0 1
    outer loop
      vertex 177.558 -34.8081 3
      vertex 177.718 -112.374 3
      vertex 177.718 -34.6262 3
    endloop
  endfacet
  facet normal 0 0 1
    outer loop
      vertex 177.558 -34.8081 3
      vertex 177.558 -112.192 3
      vertex 177.718 -112.374 3
    endloop
  endfacet
  facet normal 0 0 1
    outer loop
      vertex 162 -73.5 3
      vertex 177.558 -34.8081 3
      vertex 177.376 -34.9677 3
    endloop
  endfacet
  facet normal 0 0 1
    outer loop
      vertex 177.558 -34.8081 3
      vertex 162 -73.5 3
      vertex 177.558 -112.192 3
    endloop
  endfacet
  facet normal 0 0 1
    outer loop
      vertex 161.427 -64.7547 3
      vertex 177.376 -34.9677 3
      vertex 177.175 -35.1021 3
    endloop
  endfacet
  facet normal 0 0 1
    outer loop
      vertex 177.558 -112.192 3
      vertex 162 -73.5 3
      vertex 177.376 -112.032 3
    endloop
  endfacet
  facet normal 0 0 1
    outer loop
      vertex 161.427 -64.7547 3
      vertex 177.175 -35.1021 3
      vertex 176.958 -35.2092 3
    endloop
  endfacet
  facet normal -0 0 1
    outer loop
      vertex 161.427 -82.2453 3
      vertex 177.376 -112.032 3
      vertex 162 -73.5 3
    endloop
  endfacet
  facet normal 0 0 1
    outer loop
      vertex 161.427 -64.7547 3
      vertex 176.958 -35.2092 3
      vertex 176.729 -35.287 3
    endloop
  endfacet
  facet normal 0 0 1
    outer loop
      vertex 177.376 -112.032 3
      vertex 161.427 -82.2453 3
      vertex 177.175 -111.898 3
    endloop
  endfacet
  facet normal 0 0 1
    outer loop
      vertex 159.717 -56.1591 3
      vertex 176.729 -35.287 3
      vertex 176.491 -35.3342 3
    endloop
  endfacet
  facet normal 0 0 1
    outer loop
      vertex 177.175 -111.898 3
      vertex 161.427 -82.2453 3
      vertex 176.958 -111.791 3
    endloop
  endfacet
  facet normal 0 0 1
    outer loop
      vertex 159.717 -56.1591 3
      vertex 176.491 -35.3342 3
      vertex 176.25 -35.35 3
    endloop
  endfacet
  facet normal 0 0 1
    outer loop
      vertex 176.958 -111.791 3
      vertex 161.427 -82.2453 3
      vertex 176.729 -111.713 3
    endloop
  endfacet
  facet normal 0 0 1
    outer loop
      vertex 159.717 -56.1591 3
      vertex 176.25 -35.35 3
      vertex 176.009 -35.3342 3
    endloop
  endfacet
  facet normal -0 0 1
    outer loop
      vertex 159.717 -90.8409 3
      vertex 176.729 -111.713 3
      vertex 161.427 -82.2453 3
    endloop
  endfacet
  facet normal 0 0 1
    outer loop
      vertex 159.717 -56.1591 3
      vertex 176.009 -35.3342 3
      vertex 175.771 -35.287 3
    endloop
  endfacet
  facet normal 0 0 1
    outer loop
      vertex 176.729 -111.713 3
      vertex 159.717 -90.8409 3
      vertex 176.491 -111.666 3
    endloop
  endfacet
  facet normal 0 0 1
    outer loop
      vertex 159.717 -56.1591 3
      vertex 175.771 -35.287 3
      vertex 175.542 -35.2092 3
    endloop
  endfacet
  facet normal 0 0 1
    outer loop
      vertex 176.491 -111.666 3
      vertex 159.717 -90.8409 3
      vertex 176.25 -111.65 3
    endloop
  endfacet
  facet normal 0 0 1
    outer loop
      vertex 156.9 -47.8602 3
      vertex 175.542 -35.2092 3
      vertex 175.325 -35.1021 3
    endloop
  endfacet
  facet normal 0 0 1
    outer loop
      vertex 176.25 -111.65 3
      vertex 159.717 -90.8409 3
      vertex 176.009 -111.666 3
    endloop
  endfacet
  facet normal 0 0 1
    outer loop
      vertex 156.9 -47.8602 3
      vertex 175.325 -35.1021 3
      vertex 175.124 -34.9677 3
    endloop
  endfacet
  facet normal 0 0 1
    outer loop
      vertex 176.009 -111.666 3
      vertex 159.717 -90.8409 3
      vertex 175.771 -111.713 3
    endloop
  endfacet
  facet normal 0 0 1
    outer loop
      vertex 156.9 -47.8602 3
      vertex 175.124 -34.9677 3
      vertex 174.942 -34.8081 3
    endloop
  endfacet
  facet normal 0 0 1
    outer loop
      vertex 175.771 -111.713 3
      vertex 159.717 -90.8409 3
      vertex 175.542 -111.791 3
    endloop
  endfacet
  facet normal 0 0 1
    outer loop
      vertex 156.9 -47.8602 3
      vertex 174.942 -34.8081 3
      vertex 174.782 -34.6262 3
    endloop
  endfacet
  facet normal -0 0 1
    outer loop
      vertex 156.9 -99.1398 3
      vertex 175.542 -111.791 3
      vertex 159.717 -90.8409 3
    endloop
  endfacet
  facet normal 0 0 1
    outer loop
      vertex 156.9 -47.8602 3
      vertex 174.782 -34.6262 3
      vertex 174.648 -34.425 3
    endloop
  endfacet
  facet normal 0 0 1
    outer loop
      vertex 175.542 -111.791 3
      vertex 156.9 -99.1398 3
      vertex 175.325 -111.898 3
    endloop
  endfacet
  facet normal 0 0 1
    outer loop
      vertex 156.9 -47.8602 3
      vertex 174.648 -34.425 3
      vertex 174.541 -34.208 3
    endloop
  endfacet
  facet normal 0 0 1
    outer loop
      vertex 175.325 -111.898 3
      vertex 156.9 -99.1398 3
      vertex 175.124 -112.032 3
    endloop
  endfacet
  facet normal 0 0 1
    outer loop
      vertex 153.024 -40 3
      vertex 174.541 -34.208 3
      vertex 174.463 -33.9788 3
    endloop
  endfacet
  facet normal 0 0 1
    outer loop
      vertex 175.124 -112.032 3
      vertex 156.9 -99.1398 3
      vertex 174.942 -112.192 3
    endloop
  endfacet
  facet normal 0 0 1
    outer loop
      vertex 153.024 -40 3
      vertex 174.463 -33.9788 3
      vertex 174.416 -33.7415 3
    endloop
  endfacet
  facet normal 0 0 1
    outer loop
      vertex 174.942 -112.192 3
      vertex 156.9 -99.1398 3
      vertex 174.782 -112.374 3
    endloop
  endfacet
  facet normal 0 0 1
    outer loop
      vertex 153.024 -40 3
      vertex 174.416 -33.7415 3
      vertex 174.4 -33.5 3
    endloop
  endfacet
  facet normal 0 0 1
    outer loop
      vertex 174.782 -112.374 3
      vertex 156.9 -99.1398 3
      vertex 174.648 -112.575 3
    endloop
  endfacet
  facet normal 0 0 1
    outer loop
      vertex 182 0 3
      vertex 190 -8 3
      vertex 189.932 -6.9558 3
    endloop
  endfacet
  facet normal 0 0 1
    outer loop
      vertex 178.084 -33.7415 3
      vertex 190 -8 3
      vertex 178.1 -33.5 3
    endloop
  endfacet
  facet normal 0 0 1
    outer loop
      vertex 182 0 3
      vertex 189.932 -6.9558 3
      vertex 189.727 -5.92944 3
    endloop
  endfacet
  facet normal 0 0 1
    outer loop
      vertex 178.037 -33.9788 3
      vertex 190 -8 3
      vertex 178.084 -33.7415 3
    endloop
  endfacet
  facet normal 0 0 1
    outer loop
      vertex 182 0 3
      vertex 189.727 -5.92944 3
      vertex 189.391 -4.93854 3
    endloop
  endfacet
  facet normal -0 0 1
    outer loop
      vertex 178.084 -113.741 3
      vertex 190 -139 3
      vertex 178.1 -113.5 3
    endloop
  endfacet
  facet normal 0 0 1
    outer loop
      vertex 182 0 3
      vertex 189.391 -4.93854 3
      vertex 188.928 -4 3
    endloop
  endfacet
  facet normal -0 0 1
    outer loop
      vertex 178.037 -113.979 3
      vertex 190 -139 3
      vertex 178.084 -113.741 3
    endloop
  endfacet
  facet normal 0 0 1
    outer loop
      vertex 182 0 3
      vertex 188.928 -4 3
      vertex 188.347 -3.12991 3
    endloop
  endfacet
  facet normal -0 0 1
    outer loop
      vertex 177.959 -114.208 3
      vertex 190 -139 3
      vertex 178.037 -113.979 3
    endloop
  endfacet
  facet normal 0 0 1
    outer loop
      vertex 182 0 3
      vertex 188.347 -3.12991 3
      vertex 187.657 -2.34314 3
    endloop
  endfacet
  facet normal -0 0 1
    outer loop
      vertex 177.852 -114.425 3
      vertex 190 -139 3
      vertex 177.959 -114.208 3
    endloop
  endfacet
  facet normal 0 0 1
    outer loop
      vertex 182 0 3
      vertex 187.657 -2.34314 3
      vertex 186.87 -1.65317 3
    endloop
  endfacet
  facet normal -0 0 1
    outer loop
      vertex 177.718 -114.626 3
      vertex 190 -139 3
      vertex 177.852 -114.425 3
    endloop
  endfacet
  facet normal 0 0 1
    outer loop
      vertex 182 0 3
      vertex 186.87 -1.65317 3
      vertex 186 -1.07179 3
    endloop
  endfacet
  facet normal -0 0 1
    outer loop
      vertex 177.558 -114.808 3
      vertex 190 -139 3
      vertex 177.718 -114.626 3
    endloop
  endfacet
  facet normal 0 0 1
    outer loop
      vertex 182 0 3
      vertex 186 -1.07179 3
      vertex 185.061 -0.608963 3
    endloop
  endfacet
  facet normal -0 0 1
    outer loop
      vertex 177.376 -114.968 3
      vertex 190 -139 3
      vertex 177.558 -114.808 3
    endloop
  endfacet
  facet normal 0 0 1
    outer loop
      vertex 182 0 3
      vertex 185.061 -0.608963 3
      vertex 184.071 -0.272598 3
    endloop
  endfacet
  facet normal -0 0 1
    outer loop
      vertex 177.175 -115.102 3
      vertex 190 -139 3
      vertex 177.376 -114.968 3
    endloop
  endfacet
  facet normal 0 0 1
    outer loop
      vertex 182 0 3
      vertex 184.071 -0.272598 3
      vertex 183.044 -0.0684357 3
    endloop
  endfacet
  facet normal -0 0 1
    outer loop
      vertex 176.958 -115.209 3
      vertex 190 -139 3
      vertex 177.175 -115.102 3
    endloop
  endfacet
  facet normal 0 0 1
    outer loop
      vertex 190 -8 3
      vertex 182 0 3
      vertex 176.25 -31.65 3
    endloop
  endfacet
  facet normal -0 0 1
    outer loop
      vertex 176.729 -115.287 3
      vertex 190 -139 3
      vertex 176.958 -115.209 3
    endloop
  endfacet
  facet normal -0 0 1
    outer loop
      vertex 176.491 -115.334 3
      vertex 190 -139 3
      vertex 176.729 -115.287 3
    endloop
  endfacet
  facet normal 0 0 1
    outer loop
      vertex 190 -8 3
      vertex 178.084 -33.2585 3
      vertex 178.1 -33.5 3
    endloop
  endfacet
  facet normal 0 0 1
    outer loop
      vertex 190 -8 3
      vertex 178.037 -33.0212 3
      vertex 178.084 -33.2585 3
    endloop
  endfacet
  facet normal 0 0 1
    outer loop
      vertex 190 -8 3
      vertex 177.959 -32.792 3
      vertex 178.037 -33.0212 3
    endloop
  endfacet
  facet normal 0 0 1
    outer loop
      vertex 190 -8 3
      vertex 177.852 -32.575 3
      vertex 177.959 -32.792 3
    endloop
  endfacet
  facet normal 0 0 1
    outer loop
      vertex 190 -8 3
      vertex 177.718 -32.3738 3
      vertex 177.852 -32.575 3
    endloop
  endfacet
  facet normal 0 0 1
    outer loop
      vertex 190 -8 3
      vertex 177.558 -32.1919 3
      vertex 177.718 -32.3738 3
    endloop
  endfacet
  facet normal 0 0 1
    outer loop
      vertex 190 -8 3
      vertex 177.376 -32.0323 3
      vertex 177.558 -32.1919 3
    endloop
  endfacet
  facet normal 0 0 1
    outer loop
      vertex 190 -8 3
      vertex 177.175 -31.8979 3
      vertex 177.376 -32.0323 3
    endloop
  endfacet
  facet normal 0 0 1
    outer loop
      vertex 190 -8 3
      vertex 176.958 -31.7908 3
      vertex 177.175 -31.8979 3
    endloop
  endfacet
  facet normal 0 0 1
    outer loop
      vertex 190 -8 3
      vertex 176.729 -31.713 3
      vertex 176.958 -31.7908 3
    endloop
  endfacet
  facet normal 0 0 1
    outer loop
      vertex 190 -8 3
      vertex 176.491 -31.6658 3
      vertex 176.729 -31.713 3
    endloop
  endfacet
  facet normal 0 0 1
    outer loop
      vertex 190 -8 3
      vertex 176.25 -31.65 3
      vertex 176.491 -31.6658 3
    endloop
  endfacet
  facet normal 0 0 1
    outer loop
      vertex 182 0 3
      vertex 176.009 -31.6658 3
      vertex 176.25 -31.65 3
    endloop
  endfacet
  facet normal 0 0 1
    outer loop
      vertex 182 0 3
      vertex 175.771 -31.713 3
      vertex 176.009 -31.6658 3
    endloop
  endfacet
  facet normal 0 0 1
    outer loop
      vertex 182 0 3
      vertex 175.542 -31.7908 3
      vertex 175.771 -31.713 3
    endloop
  endfacet
  facet normal 0 0 1
    outer loop
      vertex 182 0 3
      vertex 175.325 -31.8979 3
      vertex 175.542 -31.7908 3
    endloop
  endfacet
  facet normal 0 0 1
    outer loop
      vertex 182 0 3
      vertex 175.124 -32.0323 3
      vertex 175.325 -31.8979 3
    endloop
  endfacet
  facet normal -0 0 1
    outer loop
      vertex 142.376 -26.1238 3
      vertex 175.124 -32.0323 3
      vertex 182 0 3
    endloop
  endfacet
  facet normal 0 -0 1
    outer loop
      vertex 148.155 -32.713 3
      vertex 175.124 -32.0323 3
      vertex 142.376 -26.1238 3
    endloop
  endfacet
  facet normal 0 0 1
    outer loop
      vertex 175.124 -32.0323 3
      vertex 148.155 -32.713 3
      vertex 174.942 -32.1919 3
    endloop
  endfacet
  facet normal 0 0 1
    outer loop
      vertex 174.942 -32.1919 3
      vertex 148.155 -32.713 3
      vertex 174.782 -32.3738 3
    endloop
  endfacet
  facet normal 0 0 1
    outer loop
      vertex 174.782 -32.3738 3
      vertex 148.155 -32.713 3
      vertex 174.648 -32.575 3
    endloop
  endfacet
  facet normal 0 0 1
    outer loop
      vertex 174.648 -112.575 3
      vertex 156.9 -99.1398 3
      vertex 174.541 -112.792 3
    endloop
  endfacet
  facet normal 0 0 1
    outer loop
      vertex 153.024 -40 3
      vertex 174.4 -33.5 3
      vertex 174.416 -33.2585 3
    endloop
  endfacet
  facet normal 0 0 1
    outer loop
      vertex 153.024 -40 3
      vertex 174.416 -33.2585 3
      vertex 174.463 -33.0212 3
    endloop
  endfacet
  facet normal 0 0 1
    outer loop
      vertex 174.648 -32.575 3
      vertex 148.155 -32.713 3
      vertex 174.541 -32.792 3
    endloop
  endfacet
  facet normal 0 0 1
    outer loop
      vertex 177.376 -34.9677 3
      vertex 161.427 -64.7547 3
      vertex 162 -73.5 3
    endloop
  endfacet
  facet normal 0 0 1
    outer loop
      vertex 176.729 -35.287 3
      vertex 159.717 -56.1591 3
      vertex 161.427 -64.7547 3
    endloop
  endfacet
  facet normal 0 0 1
    outer loop
      vertex 175.542 -35.2092 3
      vertex 156.9 -47.8602 3
      vertex 159.717 -56.1591 3
    endloop
  endfacet
  facet normal 0 0 1
    outer loop
      vertex 174.541 -34.208 3
      vertex 153.024 -40 3
      vertex 156.9 -47.8602 3
    endloop
  endfacet
  facet normal 0 0 1
    outer loop
      vertex 174.463 -33.0212 3
      vertex 148.155 -32.713 3
      vertex 153.024 -40 3
    endloop
  endfacet
  facet normal 0 0 1
    outer loop
      vertex 174.541 -32.792 3
      vertex 148.155 -32.713 3
      vertex 174.463 -33.0212 3
    endloop
  endfacet
  facet normal 0 0 1
    outer loop
      vertex 182 0 3
      vertex 135.787 -20.3453 3
      vertex 142.376 -26.1238 3
    endloop
  endfacet
  facet normal 0 0 1
    outer loop
      vertex 182 0 3
      vertex 128.5 -15.4763 3
      vertex 135.787 -20.3453 3
    endloop
  endfacet
  facet normal 0 0 1
    outer loop
      vertex 182 0 3
      vertex 120.64 -11.6001 3
      vertex 128.5 -15.4763 3
    endloop
  endfacet
  facet normal 0 0 1
    outer loop
      vertex 182 0 3
      vertex 112.341 -8.78297 3
      vertex 120.64 -11.6001 3
    endloop
  endfacet
  facet normal 0 0 1
    outer loop
      vertex 182 0 3
      vertex 103.745 -7.07319 3
      vertex 112.341 -8.78297 3
    endloop
  endfacet
  facet normal 0 0 1
    outer loop
      vertex 182 0 3
      vertex 95 -6.5 3
      vertex 103.745 -7.07319 3
    endloop
  endfacet
  facet normal -0 0 1
    outer loop
      vertex 8 0 3
      vertex 95 -6.5 3
      vertex 182 0 3
    endloop
  endfacet
  facet normal 0 0 1
    outer loop
      vertex 36.9763 -40 3
      vertex 15.4592 -34.208 3
      vertex 33.1001 -47.8602 3
    endloop
  endfacet
  facet normal -0 0 1
    outer loop
      vertex 15.4592 -34.208 3
      vertex 36.9763 -40 3
      vertex 15.537 -33.9788 3
    endloop
  endfacet
  facet normal -0 0 1
    outer loop
      vertex 15.537 -33.9788 3
      vertex 36.9763 -40 3
      vertex 15.5842 -33.7415 3
    endloop
  endfacet
  facet normal -0 0 1
    outer loop
      vertex 15.5842 -33.7415 3
      vertex 36.9763 -40 3
      vertex 15.6 -33.5 3
    endloop
  endfacet
  facet normal -0 0 1
    outer loop
      vertex 15.537 -33.0212 3
      vertex 36.9763 -40 3
      vertex 41.8453 -32.713 3
    endloop
  endfacet
  facet normal -0 0 1
    outer loop
      vertex 14.8762 -32.0323 3
      vertex 41.8453 -32.713 3
      vertex 47.6238 -26.1238 3
    endloop
  endfacet
  facet normal 0 0 1
    outer loop
      vertex 8 0 3
      vertex 47.6238 -26.1238 3
      vertex 54.213 -20.3453 3
    endloop
  endfacet
  facet normal 0 0 1
    outer loop
      vertex 8 0 3
      vertex 54.213 -20.3453 3
      vertex 61.5 -15.4763 3
    endloop
  endfacet
  facet normal 0 0 1
    outer loop
      vertex 8 0 3
      vertex 61.5 -15.4763 3
      vertex 69.3602 -11.6001 3
    endloop
  endfacet
  facet normal 0 0 1
    outer loop
      vertex 36.9763 -40 3
      vertex 15.5842 -33.2585 3
      vertex 15.6 -33.5 3
    endloop
  endfacet
  facet normal 0 0 1
    outer loop
      vertex 36.9763 -40 3
      vertex 15.537 -33.0212 3
      vertex 15.5842 -33.2585 3
    endloop
  endfacet
  facet normal 0 0 1
    outer loop
      vertex 41.8453 -32.713 3
      vertex 15.4592 -32.792 3
      vertex 15.537 -33.0212 3
    endloop
  endfacet
  facet normal 0 0 1
    outer loop
      vertex 41.8453 -32.713 3
      vertex 15.3521 -32.575 3
      vertex 15.4592 -32.792 3
    endloop
  endfacet
  facet normal 0 0 1
    outer loop
      vertex 41.8453 -32.713 3
      vertex 15.2177 -32.3738 3
      vertex 15.3521 -32.575 3
    endloop
  endfacet
  facet normal 0 0 1
    outer loop
      vertex 41.8453 -32.713 3
      vertex 15.0581 -32.1919 3
      vertex 15.2177 -32.3738 3
    endloop
  endfacet
  facet normal 0 0 1
    outer loop
      vertex 47.6238 -26.1238 3
      vertex 8 0 3
      vertex 14.8762 -32.0323 3
    endloop
  endfacet
  facet normal 0 0 1
    outer loop
      vertex 41.8453 -32.713 3
      vertex 14.8762 -32.0323 3
      vertex 15.0581 -32.1919 3
    endloop
  endfacet
  facet normal 0 0 1
    outer loop
      vertex 14.8762 -32.0323 3
      vertex 8 0 3
      vertex 14.675 -31.8979 3
    endloop
  endfacet
  facet normal 0 0 1
    outer loop
      vertex 14.675 -31.8979 3
      vertex 8 0 3
      vertex 14.458 -31.7908 3
    endloop
  endfacet
  facet normal 0 0 1
    outer loop
      vertex 14.458 -31.7908 3
      vertex 8 0 3
      vertex 14.2288 -31.713 3
    endloop
  endfacet
  facet normal 0 0 1
    outer loop
      vertex 14.2288 -31.713 3
      vertex 8 0 3
      vertex 13.9915 -31.6658 3
    endloop
  endfacet
  facet normal 0 0 1
    outer loop
      vertex 13.9915 -31.6658 3
      vertex 8 0 3
      vertex 13.75 -31.65 3
    endloop
  endfacet
  facet normal -0 0 1
    outer loop
      vertex 0 -8 3
      vertex 13.75 -31.65 3
      vertex 8 0 3
    endloop
  endfacet
  facet normal 0 0 1
    outer loop
      vertex 13.75 -31.65 3
      vertex 0 -8 3
      vertex 13.5085 -31.6658 3
    endloop
  endfacet
  facet normal 0 0 1
    outer loop
      vertex 11.9158 -33.2585 3
      vertex 0 -8 3
      vertex 11.9 -33.5 3
    endloop
  endfacet
  facet normal 0 0 1
    outer loop
      vertex 11.963 -33.0212 3
      vertex 0 -8 3
      vertex 11.9158 -33.2585 3
    endloop
  endfacet
  facet normal 0 0 1
    outer loop
      vertex 12.0408 -32.792 3
      vertex 0 -8 3
      vertex 11.963 -33.0212 3
    endloop
  endfacet
  facet normal 0 0 1
    outer loop
      vertex 12.1479 -32.575 3
      vertex 0 -8 3
      vertex 12.0408 -32.792 3
    endloop
  endfacet
  facet normal 0 0 1
    outer loop
      vertex 12.2823 -32.3738 3
      vertex 0 -8 3
      vertex 12.1479 -32.575 3
    endloop
  endfacet
  facet normal 0 0 1
    outer loop
      vertex 12.4419 -32.1919 3
      vertex 0 -8 3
      vertex 12.2823 -32.3738 3
    endloop
  endfacet
  facet normal 0 0 1
    outer loop
      vertex 12.6238 -32.0323 3
      vertex 0 -8 3
      vertex 12.4419 -32.1919 3
    endloop
  endfacet
  facet normal 0 0 1
    outer loop
      vertex 12.825 -31.8979 3
      vertex 0 -8 3
      vertex 12.6238 -32.0323 3
    endloop
  endfacet
  facet normal 0 0 1
    outer loop
      vertex 13.042 -31.7908 3
      vertex 0 -8 3
      vertex 12.825 -31.8979 3
    endloop
  endfacet
  facet normal 0 0 1
    outer loop
      vertex 13.2712 -31.713 3
      vertex 0 -8 3
      vertex 13.042 -31.7908 3
    endloop
  endfacet
  facet normal 0 0 1
    outer loop
      vertex 13.5085 -31.6658 3
      vertex 0 -8 3
      vertex 13.2712 -31.713 3
    endloop
  endfacet
  facet normal 0 0 1
    outer loop
      vertex 77.6591 -8.78297 3
      vertex 8 0 3
      vertex 69.3602 -11.6001 3
    endloop
  endfacet
  facet normal 0 0 1
    outer loop
      vertex 86.2547 -7.07319 3
      vertex 8 0 3
      vertex 77.6591 -8.78297 3
    endloop
  endfacet
  facet normal 0 0 1
    outer loop
      vertex 95 -6.5 3
      vertex 8 0 3
      vertex 86.2547 -7.07319 3
    endloop
  endfacet
  facet normal -0 0 1
    outer loop
      vertex 176.25 -115.35 3
      vertex 190 -139 3
      vertex 176.491 -115.334 3
    endloop
  endfacet
  facet normal 0 -0 1
    outer loop
      vertex 182 -147 3
      vertex 190 -139 3
      vertex 176.25 -115.35 3
    endloop
  endfacet
  facet normal 0 0 1
    outer loop
      vertex 190 -139 3
      vertex 182 -147 3
      vertex 189.932 -140.044 3
    endloop
  endfacet
  facet normal 0 0 1
    outer loop
      vertex 189.932 -140.044 3
      vertex 182 -147 3
      vertex 189.727 -141.071 3
    endloop
  endfacet
  facet normal 0 0 1
    outer loop
      vertex 189.391 -142.061 3
      vertex 182 -147 3
      vertex 188.928 -143 3
    endloop
  endfacet
  facet normal 0 0 1
    outer loop
      vertex 188.928 -143 3
      vertex 182 -147 3
      vertex 188.347 -143.87 3
    endloop
  endfacet
  facet normal 0 0 1
    outer loop
      vertex 188.347 -143.87 3
      vertex 182 -147 3
      vertex 187.657 -144.657 3
    endloop
  endfacet
  facet normal 0 0 1
    outer loop
      vertex 186.87 -145.347 3
      vertex 182 -147 3
      vertex 186 -145.928 3
    endloop
  endfacet
  facet normal 0 0 1
    outer loop
      vertex 186 -145.928 3
      vertex 182 -147 3
      vertex 185.061 -146.391 3
    endloop
  endfacet
  facet normal 0 0 1
    outer loop
      vertex 185.061 -146.391 3
      vertex 182 -147 3
      vertex 184.071 -146.727 3
    endloop
  endfacet
  facet normal 0 0 1
    outer loop
      vertex 184.071 -146.727 3
      vertex 182 -147 3
      vertex 183.044 -146.932 3
    endloop
  endfacet
  facet normal 0 0 1
    outer loop
      vertex 187.657 -144.657 3
      vertex 182 -147 3
      vertex 186.87 -145.347 3
    endloop
  endfacet
  facet normal 0 0 1
    outer loop
      vertex 189.727 -141.071 3
      vertex 182 -147 3
      vertex 189.391 -142.061 3
    endloop
  endfacet
  facet normal 0 0 1
    outer loop
      vertex 176.009 -115.334 3
      vertex 182 -147 3
      vertex 176.25 -115.35 3
    endloop
  endfacet
  facet normal 0 0 1
    outer loop
      vertex 175.771 -115.287 3
      vertex 182 -147 3
      vertex 176.009 -115.334 3
    endloop
  endfacet
  facet normal 0 0 1
    outer loop
      vertex 175.542 -115.209 3
      vertex 182 -147 3
      vertex 175.771 -115.287 3
    endloop
  endfacet
  facet normal 0 0 1
    outer loop
      vertex 175.325 -115.102 3
      vertex 182 -147 3
      vertex 175.542 -115.209 3
    endloop
  endfacet
  facet normal 0 0 1
    outer loop
      vertex 175.124 -114.968 3
      vertex 182 -147 3
      vertex 175.325 -115.102 3
    endloop
  endfacet
  facet normal 0 0 1
    outer loop
      vertex 148.155 -114.287 3
      vertex 175.124 -114.968 3
      vertex 174.942 -114.808 3
    endloop
  endfacet
  facet normal 0 0 1
    outer loop
      vertex 148.155 -114.287 3
      vertex 174.942 -114.808 3
      vertex 174.782 -114.626 3
    endloop
  endfacet
  facet normal 0 0 1
    outer loop
      vertex 148.155 -114.287 3
      vertex 174.782 -114.626 3
      vertex 174.648 -114.425 3
    endloop
  endfacet
  facet normal -0 0 1
    outer loop
      vertex 148.155 -114.287 3
      vertex 174.648 -114.425 3
      vertex 174.541 -114.208 3
    endloop
  endfacet
  facet normal 0 0 1
    outer loop
      vertex 148.155 -114.287 3
      vertex 174.541 -114.208 3
      vertex 174.463 -113.979 3
    endloop
  endfacet
  facet normal -0 0 1
    outer loop
      vertex 153.024 -107 3
      vertex 174.541 -112.792 3
      vertex 156.9 -99.1398 3
    endloop
  endfacet
  facet normal 0 0 1
    outer loop
      vertex 174.541 -112.792 3
      vertex 153.024 -107 3
      vertex 174.463 -113.021 3
    endloop
  endfacet
  facet normal 0 0 1
    outer loop
      vertex 174.463 -113.021 3
      vertex 153.024 -107 3
      vertex 174.416 -113.259 3
    endloop
  endfacet
  facet normal 0 0 1
    outer loop
      vertex 174.416 -113.259 3
      vertex 153.024 -107 3
      vertex 174.4 -113.5 3
    endloop
  endfacet
  facet normal 0 0 1
    outer loop
      vertex 174.4 -113.5 3
      vertex 153.024 -107 3
      vertex 174.416 -113.741 3
    endloop
  endfacet
  facet normal 0 0 1
    outer loop
      vertex 174.416 -113.741 3
      vertex 153.024 -107 3
      vertex 174.463 -113.979 3
    endloop
  endfacet
  facet normal 0 0 1
    outer loop
      vertex 148.155 -114.287 3
      vertex 174.463 -113.979 3
      vertex 153.024 -107 3
    endloop
  endfacet
  facet normal 0 0 1
    outer loop
      vertex 175.124 -114.968 3
      vertex 148.155 -114.287 3
      vertex 142.376 -120.876 3
    endloop
  endfacet
  facet normal 0 0 1
    outer loop
      vertex 175.124 -114.968 3
      vertex 142.376 -120.876 3
      vertex 182 -147 3
    endloop
  endfacet
  facet normal -0 0 1
    outer loop
      vertex 135.787 -126.655 3
      vertex 182 -147 3
      vertex 142.376 -120.876 3
    endloop
  endfacet
  facet normal -0 0 1
    outer loop
      vertex 128.5 -131.524 3
      vertex 182 -147 3
      vertex 135.787 -126.655 3
    endloop
  endfacet
  facet normal -0 0 1
    outer loop
      vertex 120.64 -135.4 3
      vertex 182 -147 3
      vertex 128.5 -131.524 3
    endloop
  endfacet
  facet normal -0 0 1
    outer loop
      vertex 112.341 -138.217 3
      vertex 182 -147 3
      vertex 120.64 -135.4 3
    endloop
  endfacet
  facet normal -0 0 1
    outer loop
      vertex 103.745 -139.927 3
      vertex 182 -147 3
      vertex 112.341 -138.217 3
    endloop
  endfacet
  facet normal -0 0 1
    outer loop
      vertex 95 -140.5 3
      vertex 182 -147 3
      vertex 103.745 -139.927 3
    endloop
  endfacet
  facet normal 0 0 1
    outer loop
      vertex 8 -147 3
      vertex 95 -140.5 3
      vertex 86.2547 -139.927 3
    endloop
  endfacet
  facet normal -0 0 1
    outer loop
      vertex 15.3521 -34.425 3
      vertex 33.1001 -47.8602 3
      vertex 15.4592 -34.208 3
    endloop
  endfacet
  facet normal 0 0 1
    outer loop
      vertex 28 -73.5 3
      vertex 15.6 -113.5 3
      vertex 28.5732 -82.2453 3
    endloop
  endfacet
  facet normal 0 0 1
    outer loop
      vertex 28.5732 -82.2453 3
      vertex 15.6 -113.5 3
      vertex 30.283 -90.8409 3
    endloop
  endfacet
  facet normal 0 0 1
    outer loop
      vertex 15.6 -113.5 3
      vertex 33.1001 -99.1398 3
      vertex 30.283 -90.8409 3
    endloop
  endfacet
  facet normal 0 0 1
    outer loop
      vertex 15.6 -113.5 3
      vertex 36.9763 -107 3
      vertex 33.1001 -99.1398 3
    endloop
  endfacet
  facet normal 0 0 1
    outer loop
      vertex 15.5842 -113.741 3
      vertex 36.9763 -107 3
      vertex 15.6 -113.5 3
    endloop
  endfacet
  facet normal 0 0 1
    outer loop
      vertex 15.537 -113.979 3
      vertex 36.9763 -107 3
      vertex 15.5842 -113.741 3
    endloop
  endfacet
  facet normal 0 0 1
    outer loop
      vertex 36.9763 -107 3
      vertex 15.537 -113.979 3
      vertex 41.8453 -114.287 3
    endloop
  endfacet
  facet normal -0 0 1
    outer loop
      vertex 15.4592 -114.208 3
      vertex 41.8453 -114.287 3
      vertex 15.537 -113.979 3
    endloop
  endfacet
  facet normal 0 0 1
    outer loop
      vertex 15.3521 -114.425 3
      vertex 41.8453 -114.287 3
      vertex 15.4592 -114.208 3
    endloop
  endfacet
  facet normal 0 0 1
    outer loop
      vertex 15.2177 -114.626 3
      vertex 41.8453 -114.287 3
      vertex 15.3521 -114.425 3
    endloop
  endfacet
  facet normal 0 0 1
    outer loop
      vertex 15.0581 -114.808 3
      vertex 41.8453 -114.287 3
      vertex 15.2177 -114.626 3
    endloop
  endfacet
  facet normal 0 0 1
    outer loop
      vertex 14.8762 -114.968 3
      vertex 41.8453 -114.287 3
      vertex 15.0581 -114.808 3
    endloop
  endfacet
  facet normal 0 0 1
    outer loop
      vertex 41.8453 -114.287 3
      vertex 14.8762 -114.968 3
      vertex 47.6238 -120.876 3
    endloop
  endfacet
  facet normal 0 0 1
    outer loop
      vertex 8 -147 3
      vertex 47.6238 -120.876 3
      vertex 14.8762 -114.968 3
    endloop
  endfacet
  facet normal 0 0 1
    outer loop
      vertex 54.213 -126.655 3
      vertex 8 -147 3
      vertex 61.5 -131.524 3
    endloop
  endfacet
  facet normal 0 0 1
    outer loop
      vertex 47.6238 -120.876 3
      vertex 8 -147 3
      vertex 54.213 -126.655 3
    endloop
  endfacet
  facet normal 0 0 1
    outer loop
      vertex 8 -147 3
      vertex 14.8762 -114.968 3
      vertex 14.675 -115.102 3
    endloop
  endfacet
  facet normal 0 0 1
    outer loop
      vertex 8 -147 3
      vertex 14.675 -115.102 3
      vertex 14.458 -115.209 3
    endloop
  endfacet
  facet normal 0 0 1
    outer loop
      vertex 8 -147 3
      vertex 14.458 -115.209 3
      vertex 14.2288 -115.287 3
    endloop
  endfacet
  facet normal 0 0 1
    outer loop
      vertex 8 -147 3
      vertex 14.2288 -115.287 3
      vertex 13.9915 -115.334 3
    endloop
  endfacet
  facet normal 0 0 1
    outer loop
      vertex 8 -147 3
      vertex 13.9915 -115.334 3
      vertex 13.75 -115.35 3
    endloop
  endfacet
  facet normal 0 0 1
    outer loop
      vertex 0 -139 3
      vertex 13.75 -115.35 3
      vertex 13.5085 -115.334 3
    endloop
  endfacet
  facet normal 0 0 1
    outer loop
      vertex 0 -139 3
      vertex 13.5085 -115.334 3
      vertex 13.2712 -115.287 3
    endloop
  endfacet
  facet normal 0 0 1
    outer loop
      vertex 0 -139 3
      vertex 13.2712 -115.287 3
      vertex 13.042 -115.209 3
    endloop
  endfacet
  facet normal 0 0 1
    outer loop
      vertex 95 -140.5 3
      vertex 8 -147 3
      vertex 182 -147 3
    endloop
  endfacet
  facet normal 0 0 1
    outer loop
      vertex 77.6591 -138.217 3
      vertex 8 -147 3
      vertex 86.2547 -139.927 3
    endloop
  endfacet
  facet normal 0 0 1
    outer loop
      vertex 69.3602 -135.4 3
      vertex 8 -147 3
      vertex 77.6591 -138.217 3
    endloop
  endfacet
  facet normal 0 0 1
    outer loop
      vertex 61.5 -131.524 3
      vertex 8 -147 3
      vertex 69.3602 -135.4 3
    endloop
  endfacet
  facet normal 0 0 1
    outer loop
      vertex 0 -139 3
      vertex 13.042 -115.209 3
      vertex 12.825 -115.102 3
    endloop
  endfacet
  facet normal 0 0 1
    outer loop
      vertex 0 -139 3
      vertex 12.825 -115.102 3
      vertex 12.6238 -114.968 3
    endloop
  endfacet
  facet normal 0 0 1
    outer loop
      vertex 0 -139 3
      vertex 12.6238 -114.968 3
      vertex 12.4419 -114.808 3
    endloop
  endfacet
  facet normal 0 0 1
    outer loop
      vertex 0 -139 3
      vertex 12.4419 -114.808 3
      vertex 12.2823 -114.626 3
    endloop
  endfacet
  facet normal 0 0 1
    outer loop
      vertex 0 -139 3
      vertex 12.2823 -114.626 3
      vertex 12.1479 -114.425 3
    endloop
  endfacet
  facet normal 0 0 1
    outer loop
      vertex 0 -139 3
      vertex 12.1479 -114.425 3
      vertex 12.0408 -114.208 3
    endloop
  endfacet
  facet normal 0 0 1
    outer loop
      vertex 0 -139 3
      vertex 12.0408 -114.208 3
      vertex 11.963 -113.979 3
    endloop
  endfacet
  facet normal 0 0 1
    outer loop
      vertex 0 -139 3
      vertex 11.963 -113.979 3
      vertex 11.9158 -113.741 3
    endloop
  endfacet
  facet normal 0 0 1
    outer loop
      vertex 0 -139 3
      vertex 11.9158 -113.741 3
      vertex 11.9 -113.5 3
    endloop
  endfacet
  facet normal 0 0 1
    outer loop
      vertex 11.963 -113.021 3
      vertex 0 -139 3
      vertex 11.9158 -113.259 3
    endloop
  endfacet
  facet normal 0 0 1
    outer loop
      vertex 0 -8 3
      vertex 8 0 3
      vertex 6.9558 -0.0684357 3
    endloop
  endfacet
  facet normal 0 0 1
    outer loop
      vertex 11.9158 -113.259 3
      vertex 0 -139 3
      vertex 11.9 -113.5 3
    endloop
  endfacet
  facet normal 0 0 1
    outer loop
      vertex 0 -8 3
      vertex 6.9558 -0.0684357 3
      vertex 5.92944 -0.272598 3
    endloop
  endfacet
  facet normal 0 0 1
    outer loop
      vertex 13.75 -115.35 3
      vertex 0 -139 3
      vertex 8 -147 3
    endloop
  endfacet
  facet normal 0 0 1
    outer loop
      vertex 0 -8 3
      vertex 5.92944 -0.272598 3
      vertex 4.93854 -0.608963 3
    endloop
  endfacet
  facet normal 0 0 1
    outer loop
      vertex 8 -147 3
      vertex 0 -139 3
      vertex 6.9558 -146.932 3
    endloop
  endfacet
  facet normal 0 0 1
    outer loop
      vertex 0 -8 3
      vertex 4.93854 -0.608963 3
      vertex 4 -1.07179 3
    endloop
  endfacet
  facet normal 0 0 1
    outer loop
      vertex 6.9558 -146.932 3
      vertex 0 -139 3
      vertex 5.92944 -146.727 3
    endloop
  endfacet
  facet normal 0 0 1
    outer loop
      vertex 0 -8 3
      vertex 4 -1.07179 3
      vertex 3.12991 -1.65317 3
    endloop
  endfacet
  facet normal 0 0 1
    outer loop
      vertex 5.92944 -146.727 3
      vertex 0 -139 3
      vertex 4.93854 -146.391 3
    endloop
  endfacet
  facet normal 0 0 1
    outer loop
      vertex 0 -8 3
      vertex 3.12991 -1.65317 3
      vertex 2.34314 -2.34314 3
    endloop
  endfacet
  facet normal 0 0 1
    outer loop
      vertex 4.93854 -146.391 3
      vertex 0 -139 3
      vertex 4 -145.928 3
    endloop
  endfacet
  facet normal 0 0 1
    outer loop
      vertex 0 -8 3
      vertex 2.34314 -2.34314 3
      vertex 1.65317 -3.12991 3
    endloop
  endfacet
  facet normal 0 0 1
    outer loop
      vertex 4 -145.928 3
      vertex 0 -139 3
      vertex 3.12991 -145.347 3
    endloop
  endfacet
  facet normal 0 0 1
    outer loop
      vertex 0 -8 3
      vertex 1.65317 -3.12991 3
      vertex 1.07179 -4 3
    endloop
  endfacet
  facet normal 0 0 1
    outer loop
      vertex 3.12991 -145.347 3
      vertex 0 -139 3
      vertex 2.34314 -144.657 3
    endloop
  endfacet
  facet normal 0 0 1
    outer loop
      vertex 0 -8 3
      vertex 1.07179 -4 3
      vertex 0.608963 -4.93854 3
    endloop
  endfacet
  facet normal 0 0 1
    outer loop
      vertex 2.34314 -144.657 3
      vertex 0 -139 3
      vertex 1.65317 -143.87 3
    endloop
  endfacet
  facet normal 0 0 1
    outer loop
      vertex 0 -8 3
      vertex 0.608963 -4.93854 3
      vertex 0.272598 -5.92944 3
    endloop
  endfacet
  facet normal 0 0 1
    outer loop
      vertex 1.65317 -143.87 3
      vertex 0 -139 3
      vertex 1.07179 -143 3
    endloop
  endfacet
  facet normal 0 0 1
    outer loop
      vertex 0 -8 3
      vertex 0.272598 -5.92944 3
      vertex 0.0684357 -6.9558 3
    endloop
  endfacet
  facet normal 0 0 1
    outer loop
      vertex 1.07179 -143 3
      vertex 0 -139 3
      vertex 0.608963 -142.061 3
    endloop
  endfacet
  facet normal 0 0 1
    outer loop
      vertex 0.608963 -142.061 3
      vertex 0 -139 3
      vertex 0.272598 -141.071 3
    endloop
  endfacet
  facet normal 0 0 1
    outer loop
      vertex 0.272598 -141.071 3
      vertex 0 -139 3
      vertex 0.0684357 -140.044 3
    endloop
  endfacet
  facet normal 0.0653807 0.99786 -0
    outer loop
      vertex 95 -140.5 0
      vertex 86.2547 -139.927 3
      vertex 95 -140.5 3
    endloop
  endfacet
  facet normal 0.0653807 0.99786 0
    outer loop
      vertex 86.2547 -139.927 3
      vertex 95 -140.5 0
      vertex 86.2547 -139.927 0
    endloop
  endfacet
  facet normal -0.98078 -0.195115 0
    outer loop
      vertex 161.427 -64.7547 0
      vertex 159.717 -56.1591 3
      vertex 159.717 -56.1591 0
    endloop
  endfacet
  facet normal -0.98078 -0.195115 0
    outer loop
      vertex 159.717 -56.1591 3
      vertex 161.427 -64.7547 0
      vertex 161.427 -64.7547 3
    endloop
  endfacet
  facet normal -0.99786 -0.0653807 0
    outer loop
      vertex 162 -73.5 0
      vertex 161.427 -64.7547 3
      vertex 161.427 -64.7547 0
    endloop
  endfacet
  facet normal -0.99786 -0.0653807 0
    outer loop
      vertex 161.427 -64.7547 3
      vertex 162 -73.5 0
      vertex 162 -73.5 3
    endloop
  endfacet
  facet normal -0.946933 -0.32143 0
    outer loop
      vertex 159.717 -56.1591 0
      vertex 156.9 -47.8602 3
      vertex 156.9 -47.8602 0
    endloop
  endfacet
  facet normal -0.946933 -0.32143 0
    outer loop
      vertex 156.9 -47.8602 3
      vertex 159.717 -56.1591 0
      vertex 159.717 -56.1591 3
    endloop
  endfacet
  facet normal -0.0654045 -0.997859 0
    outer loop
      vertex 95 -6.5 0
      vertex 103.745 -7.07319 3
      vertex 95 -6.5 3
    endloop
  endfacet
  facet normal -0.0654045 -0.997859 -0
    outer loop
      vertex 103.745 -7.07319 3
      vertex 95 -6.5 0
      vertex 103.745 -7.07319 0
    endloop
  endfacet
  facet normal 0.896874 0.442287 0
    outer loop
      vertex 36.9763 -107 3
      vertex 33.1001 -99.1398 0
      vertex 33.1001 -99.1398 3
    endloop
  endfacet
  facet normal 0.896874 0.442287 0
    outer loop
      vertex 33.1001 -99.1398 0
      vertex 36.9763 -107 3
      vertex 36.9763 -107 0
    endloop
  endfacet
  facet normal 0.195115 0.98078 -0
    outer loop
      vertex 86.2547 -139.927 0
      vertex 77.6591 -138.217 3
      vertex 86.2547 -139.927 3
    endloop
  endfacet
  facet normal 0.195115 0.98078 0
    outer loop
      vertex 77.6591 -138.217 3
      vertex 86.2547 -139.927 0
      vertex 77.6591 -138.217 0
    endloop
  endfacet
  facet normal 0.94693 -0.32144 0
    outer loop
      vertex 30.283 -56.1591 3
      vertex 33.1001 -47.8602 0
      vertex 33.1001 -47.8602 3
    endloop
  endfacet
  facet normal 0.94693 -0.32144 0
    outer loop
      vertex 33.1001 -47.8602 0
      vertex 30.283 -56.1591 3
      vertex 30.283 -56.1591 0
    endloop
  endfacet
  facet normal -0.896883 -0.442268 0
    outer loop
      vertex 156.9 -47.8602 0
      vertex 153.024 -40 3
      vertex 153.024 -40 0
    endloop
  endfacet
  facet normal -0.896883 -0.442268 0
    outer loop
      vertex 153.024 -40 3
      vertex 156.9 -47.8602 0
      vertex 156.9 -47.8602 3
    endloop
  endfacet
  facet normal 0.442287 -0.896874 0
    outer loop
      vertex 61.5 -15.4763 0
      vertex 69.3602 -11.6001 3
      vertex 61.5 -15.4763 3
    endloop
  endfacet
  facet normal 0.442287 -0.896874 0
    outer loop
      vertex 69.3602 -11.6001 3
      vertex 61.5 -15.4763 0
      vertex 69.3602 -11.6001 0
    endloop
  endfacet
  facet normal -0.751816 -0.659373 0
    outer loop
      vertex 148.155 -32.713 0
      vertex 142.376 -26.1238 3
      vertex 142.376 -26.1238 0
    endloop
  endfacet
  facet normal -0.751816 -0.659373 0
    outer loop
      vertex 142.376 -26.1238 3
      vertex 148.155 -32.713 0
      vertex 148.155 -32.713 3
    endloop
  endfacet
  facet normal 0.659341 -0.751844 0
    outer loop
      vertex 47.6238 -26.1238 0
      vertex 54.213 -20.3453 3
      vertex 47.6238 -26.1238 3
    endloop
  endfacet
  facet normal 0.659341 -0.751844 0
    outer loop
      vertex 54.213 -20.3453 3
      vertex 47.6238 -26.1238 0
      vertex 54.213 -20.3453 0
    endloop
  endfacet
  facet normal 0.321443 -0.946929 0
    outer loop
      vertex 69.3602 -11.6001 0
      vertex 77.6591 -8.78297 3
      vertex 69.3602 -11.6001 3
    endloop
  endfacet
  facet normal 0.321443 -0.946929 0
    outer loop
      vertex 77.6591 -8.78297 3
      vertex 69.3602 -11.6001 0
      vertex 77.6591 -8.78297 0
    endloop
  endfacet
  facet normal -0.659385 0.751806 0
    outer loop
      vertex 142.376 -120.876 0
      vertex 135.787 -126.655 3
      vertex 142.376 -120.876 3
    endloop
  endfacet
  facet normal -0.659385 0.751806 0
    outer loop
      vertex 135.787 -126.655 3
      vertex 142.376 -120.876 0
      vertex 135.787 -126.655 0
    endloop
  endfacet
  facet normal -0.751806 0.659385 0
    outer loop
      vertex 142.376 -120.876 0
      vertex 148.155 -114.287 3
      vertex 148.155 -114.287 0
    endloop
  endfacet
  facet normal -0.751806 0.659385 0
    outer loop
      vertex 148.155 -114.287 3
      vertex 142.376 -120.876 0
      vertex 142.376 -120.876 3
    endloop
  endfacet
  facet normal 0.751844 -0.659341 0
    outer loop
      vertex 41.8453 -32.713 3
      vertex 47.6238 -26.1238 0
      vertex 47.6238 -26.1238 3
    endloop
  endfacet
  facet normal 0.751844 -0.659341 0
    outer loop
      vertex 47.6238 -26.1238 0
      vertex 41.8453 -32.713 3
      vertex 41.8453 -32.713 0
    endloop
  endfacet
  facet normal 0.831471 0.555569 0
    outer loop
      vertex 41.8453 -114.287 3
      vertex 36.9763 -107 0
      vertex 36.9763 -107 3
    endloop
  endfacet
  facet normal 0.831471 0.555569 0
    outer loop
      vertex 36.9763 -107 0
      vertex 41.8453 -114.287 3
      vertex 41.8453 -114.287 0
    endloop
  endfacet
  facet normal 0.997859 0.0654034 0
    outer loop
      vertex 28.5732 -82.2453 3
      vertex 28 -73.5 0
      vertex 28 -73.5 3
    endloop
  endfacet
  facet normal 0.997859 0.0654034 0
    outer loop
      vertex 28 -73.5 0
      vertex 28.5732 -82.2453 3
      vertex 28.5732 -82.2453 0
    endloop
  endfacet
  facet normal -0.555569 -0.831471 0
    outer loop
      vertex 128.5 -15.4763 0
      vertex 135.787 -20.3453 3
      vertex 128.5 -15.4763 3
    endloop
  endfacet
  facet normal -0.555569 -0.831471 -0
    outer loop
      vertex 135.787 -20.3453 3
      vertex 128.5 -15.4763 0
      vertex 135.787 -20.3453 0
    endloop
  endfacet
  facet normal 0.442268 0.896883 -0
    outer loop
      vertex 69.3602 -135.4 0
      vertex 61.5 -131.524 3
      vertex 69.3602 -135.4 3
    endloop
  endfacet
  facet normal 0.442268 0.896883 0
    outer loop
      vertex 61.5 -131.524 3
      vertex 69.3602 -135.4 0
      vertex 61.5 -131.524 0
    endloop
  endfacet
  facet normal 0.555569 -0.831471 0
    outer loop
      vertex 54.213 -20.3453 0
      vertex 61.5 -15.4763 3
      vertex 54.213 -20.3453 3
    endloop
  endfacet
  facet normal 0.555569 -0.831471 0
    outer loop
      vertex 61.5 -15.4763 3
      vertex 54.213 -20.3453 0
      vertex 61.5 -15.4763 0
    endloop
  endfacet
  facet normal -0.831471 -0.555569 0
    outer loop
      vertex 153.024 -40 0
      vertex 148.155 -32.713 3
      vertex 148.155 -32.713 0
    endloop
  endfacet
  facet normal -0.831471 -0.555569 0
    outer loop
      vertex 148.155 -32.713 3
      vertex 153.024 -40 0
      vertex 153.024 -40 3
    endloop
  endfacet
  facet normal -0.896883 0.442268 0
    outer loop
      vertex 153.024 -107 0
      vertex 156.9 -99.1398 3
      vertex 156.9 -99.1398 0
    endloop
  endfacet
  facet normal -0.896883 0.442268 0
    outer loop
      vertex 156.9 -99.1398 3
      vertex 153.024 -107 0
      vertex 153.024 -107 3
    endloop
  endfacet
  facet normal -0.442277 0.896878 0
    outer loop
      vertex 128.5 -131.524 0
      vertex 120.64 -135.4 3
      vertex 128.5 -131.524 3
    endloop
  endfacet
  facet normal -0.442277 0.896878 0
    outer loop
      vertex 120.64 -135.4 3
      vertex 128.5 -131.524 0
      vertex 120.64 -135.4 0
    endloop
  endfacet
  facet normal 0.751834 0.659352 0
    outer loop
      vertex 47.6238 -120.876 3
      vertex 41.8453 -114.287 0
      vertex 41.8453 -114.287 3
    endloop
  endfacet
  facet normal 0.751834 0.659352 0
    outer loop
      vertex 41.8453 -114.287 0
      vertex 47.6238 -120.876 3
      vertex 47.6238 -120.876 0
    endloop
  endfacet
  facet normal -0.065383 0.99786 0
    outer loop
      vertex 103.745 -139.927 0
      vertex 95 -140.5 3
      vertex 103.745 -139.927 3
    endloop
  endfacet
  facet normal -0.065383 0.99786 0
    outer loop
      vertex 95 -140.5 3
      vertex 103.745 -139.927 0
      vertex 95 -140.5 0
    endloop
  endfacet
  facet normal -0.321439 -0.94693 0
    outer loop
      vertex 112.341 -8.78297 0
      vertex 120.64 -11.6001 3
      vertex 112.341 -8.78297 3
    endloop
  endfacet
  facet normal -0.321439 -0.94693 -0
    outer loop
      vertex 120.64 -11.6001 3
      vertex 112.341 -8.78297 0
      vertex 120.64 -11.6001 0
    endloop
  endfacet
  facet normal -0.659352 -0.751834 0
    outer loop
      vertex 135.787 -20.3453 0
      vertex 142.376 -26.1238 3
      vertex 135.787 -20.3453 3
    endloop
  endfacet
  facet normal -0.659352 -0.751834 -0
    outer loop
      vertex 142.376 -26.1238 3
      vertex 135.787 -20.3453 0
      vertex 142.376 -26.1238 0
    endloop
  endfacet
  facet normal -0.99786 0.0653807 0
    outer loop
      vertex 161.427 -82.2453 0
      vertex 162 -73.5 3
      vertex 162 -73.5 0
    endloop
  endfacet
  facet normal -0.99786 0.0653807 0
    outer loop
      vertex 162 -73.5 3
      vertex 161.427 -82.2453 0
      vertex 161.427 -82.2453 3
    endloop
  endfacet
  facet normal -0.195107 0.980782 0
    outer loop
      vertex 112.341 -138.217 0
      vertex 103.745 -139.927 3
      vertex 112.341 -138.217 3
    endloop
  endfacet
  facet normal -0.195107 0.980782 0
    outer loop
      vertex 103.745 -139.927 3
      vertex 112.341 -138.217 0
      vertex 103.745 -139.927 0
    endloop
  endfacet
  facet normal 0.980785 0.195093 0
    outer loop
      vertex 30.283 -90.8409 3
      vertex 28.5732 -82.2453 0
      vertex 28.5732 -82.2453 3
    endloop
  endfacet
  facet normal 0.980785 0.195093 0
    outer loop
      vertex 28.5732 -82.2453 0
      vertex 30.283 -90.8409 3
      vertex 30.283 -90.8409 0
    endloop
  endfacet
  facet normal 0.555569 0.831471 -0
    outer loop
      vertex 61.5 -131.524 0
      vertex 54.213 -126.655 3
      vertex 61.5 -131.524 3
    endloop
  endfacet
  facet normal 0.555569 0.831471 0
    outer loop
      vertex 54.213 -126.655 3
      vertex 61.5 -131.524 0
      vertex 54.213 -126.655 0
    endloop
  endfacet
  facet normal -0.321426 0.946935 0
    outer loop
      vertex 120.64 -135.4 0
      vertex 112.341 -138.217 3
      vertex 120.64 -135.4 3
    endloop
  endfacet
  facet normal -0.321426 0.946935 0
    outer loop
      vertex 112.341 -138.217 3
      vertex 120.64 -135.4 0
      vertex 112.341 -138.217 0
    endloop
  endfacet
  facet normal -0.555569 0.831471 0
    outer loop
      vertex 135.787 -126.655 0
      vertex 128.5 -131.524 3
      vertex 135.787 -126.655 3
    endloop
  endfacet
  facet normal -0.555569 0.831471 0
    outer loop
      vertex 128.5 -131.524 3
      vertex 135.787 -126.655 0
      vertex 128.5 -131.524 0
    endloop
  endfacet
  facet normal -0.442296 -0.896869 0
    outer loop
      vertex 120.64 -11.6001 0
      vertex 128.5 -15.4763 3
      vertex 120.64 -11.6001 3
    endloop
  endfacet
  facet normal -0.442296 -0.896869 -0
    outer loop
      vertex 128.5 -15.4763 3
      vertex 120.64 -11.6001 0
      vertex 128.5 -15.4763 0
    endloop
  endfacet
  facet normal 0.32143 0.946933 -0
    outer loop
      vertex 77.6591 -138.217 0
      vertex 69.3602 -135.4 3
      vertex 77.6591 -138.217 3
    endloop
  endfacet
  facet normal 0.32143 0.946933 0
    outer loop
      vertex 69.3602 -135.4 3
      vertex 77.6591 -138.217 0
      vertex 69.3602 -135.4 0
    endloop
  endfacet
  facet normal -0.831471 0.555569 0
    outer loop
      vertex 148.155 -114.287 0
      vertex 153.024 -107 3
      vertex 153.024 -107 0
    endloop
  endfacet
  facet normal -0.831471 0.555569 0
    outer loop
      vertex 153.024 -107 3
      vertex 148.155 -114.287 0
      vertex 148.155 -114.287 3
    endloop
  endfacet
  facet normal -0.98078 0.195115 0
    outer loop
      vertex 159.717 -90.8409 0
      vertex 161.427 -82.2453 3
      vertex 161.427 -82.2453 0
    endloop
  endfacet
  facet normal -0.98078 0.195115 0
    outer loop
      vertex 161.427 -82.2453 3
      vertex 159.717 -90.8409 0
      vertex 159.717 -90.8409 3
    endloop
  endfacet
  facet normal -0.946933 0.32143 0
    outer loop
      vertex 156.9 -99.1398 0
      vertex 159.717 -90.8409 3
      vertex 159.717 -90.8409 0
    endloop
  endfacet
  facet normal -0.946933 0.32143 0
    outer loop
      vertex 159.717 -90.8409 3
      vertex 156.9 -99.1398 0
      vertex 156.9 -99.1398 3
    endloop
  endfacet
  facet normal 0.980785 -0.195093 0
    outer loop
      vertex 28.5732 -64.7547 3
      vertex 30.283 -56.1591 0
      vertex 30.283 -56.1591 3
    endloop
  endfacet
  facet normal 0.980785 -0.195093 0
    outer loop
      vertex 30.283 -56.1591 0
      vertex 28.5732 -64.7547 3
      vertex 28.5732 -64.7547 0
    endloop
  endfacet
  facet normal -0.195083 -0.980787 0
    outer loop
      vertex 103.745 -7.07319 0
      vertex 112.341 -8.78297 3
      vertex 103.745 -7.07319 3
    endloop
  endfacet
  facet normal -0.195083 -0.980787 -0
    outer loop
      vertex 112.341 -8.78297 3
      vertex 103.745 -7.07319 0
      vertex 112.341 -8.78297 0
    endloop
  endfacet
  facet normal 0.896874 -0.442287 0
    outer loop
      vertex 33.1001 -47.8602 3
      vertex 36.9763 -40 0
      vertex 36.9763 -40 3
    endloop
  endfacet
  facet normal 0.896874 -0.442287 0
    outer loop
      vertex 36.9763 -40 0
      vertex 33.1001 -47.8602 3
      vertex 33.1001 -47.8602 0
    endloop
  endfacet
  facet normal 0.659373 0.751816 -0
    outer loop
      vertex 54.213 -126.655 0
      vertex 47.6238 -120.876 3
      vertex 54.213 -126.655 3
    endloop
  endfacet
  facet normal 0.659373 0.751816 0
    outer loop
      vertex 47.6238 -120.876 3
      vertex 54.213 -126.655 0
      vertex 47.6238 -120.876 0
    endloop
  endfacet
  facet normal 0.195091 -0.980785 0
    outer loop
      vertex 77.6591 -8.78297 0
      vertex 86.2547 -7.07319 3
      vertex 77.6591 -8.78297 3
    endloop
  endfacet
  facet normal 0.195091 -0.980785 0
    outer loop
      vertex 86.2547 -7.07319 3
      vertex 77.6591 -8.78297 0
      vertex 86.2547 -7.07319 0
    endloop
  endfacet
  facet normal 0.94693 0.32144 0
    outer loop
      vertex 33.1001 -99.1398 3
      vertex 30.283 -90.8409 0
      vertex 30.283 -90.8409 3
    endloop
  endfacet
  facet normal 0.94693 0.32144 0
    outer loop
      vertex 30.283 -90.8409 0
      vertex 33.1001 -99.1398 3
      vertex 33.1001 -99.1398 0
    endloop
  endfacet
  facet normal 0.997859 -0.0654034 0
    outer loop
      vertex 28 -73.5 3
      vertex 28.5732 -64.7547 0
      vertex 28.5732 -64.7547 3
    endloop
  endfacet
  facet normal 0.997859 -0.0654034 0
    outer loop
      vertex 28.5732 -64.7547 0
      vertex 28 -73.5 3
      vertex 28 -73.5 0
    endloop
  endfacet
  facet normal 0.0654023 -0.997859 0
    outer loop
      vertex 86.2547 -7.07319 0
      vertex 95 -6.5 3
      vertex 86.2547 -7.07319 3
    endloop
  endfacet
  facet normal 0.0654023 -0.997859 0
    outer loop
      vertex 95 -6.5 3
      vertex 86.2547 -7.07319 0
      vertex 95 -6.5 0
    endloop
  endfacet
  facet normal 0.831471 -0.555569 0
    outer loop
      vertex 36.9763 -40 3
      vertex 41.8453 -32.713 0
      vertex 41.8453 -32.713 3
    endloop
  endfacet
  facet normal 0.831471 -0.555569 0
    outer loop
      vertex 41.8453 -32.713 0
      vertex 36.9763 -40 3
      vertex 36.9763 -40 0
    endloop
  endfacet
endsolid OpenSCAD_Model
