solid OpenSCAD_Model
  facet normal 0.831609 0.555362 0
    outer loop
      vertex 188.928 143 201.5
      vertex 188.347 143.87 0
      vertex 188.347 143.87 201.5
    endloop
  endfacet
  facet normal 0.831609 0.555362 0
    outer loop
      vertex 188.347 143.87 0
      vertex 188.928 143 201.5
      vertex 188.928 143 0
    endloop
  endfacet
  facet normal 0.0654111 -0.997858 0
    outer loop
      vertex 182 0 0
      vertex 183.044 0.0684357 201.5
      vertex 182 0 201.5
    endloop
  endfacet
  facet normal 0.0654111 -0.997858 0
    outer loop
      vertex 183.044 0.0684357 201.5
      vertex 182 0 0
      vertex 183.044 0.0684357 0
    endloop
  endfacet
  facet normal 0.896897 0.44224 0
    outer loop
      vertex 189.391 142.061 201.5
      vertex 188.928 143 0
      vertex 188.928 143 201.5
    endloop
  endfacet
  facet normal 0.896897 0.44224 0
    outer loop
      vertex 188.928 143 0
      vertex 189.391 142.061 201.5
      vertex 189.391 142.061 0
    endloop
  endfacet
  facet normal 0.659232 -0.751939 0
    outer loop
      vertex 186.87 1.65317 0
      vertex 187.657 2.34314 201.5
      vertex 186.87 1.65317 201.5
    endloop
  endfacet
  facet normal 0.659232 -0.751939 0
    outer loop
      vertex 187.657 2.34314 201.5
      vertex 186.87 1.65317 0
      vertex 187.657 2.34314 0
    endloop
  endfacet
  facet normal -0.980784 -0.195096 0
    outer loop
      vertex 0.272598 5.92944 0
      vertex 0.0684357 6.9558 201.5
      vertex 0.0684357 6.9558 0
    endloop
  endfacet
  facet normal -0.980784 -0.195096 0
    outer loop
      vertex 0.0684357 6.9558 201.5
      vertex 0.272598 5.92944 0
      vertex 0.272598 5.92944 201.5
    endloop
  endfacet
  facet normal -0.195096 -0.980784 0
    outer loop
      vertex 5.92944 0.272598 0
      vertex 6.9558 0.0684357 201.5
      vertex 5.92944 0.272598 201.5
    endloop
  endfacet
  facet normal -0.195096 -0.980784 -0
    outer loop
      vertex 6.9558 0.0684357 201.5
      vertex 5.92944 0.272598 0
      vertex 6.9558 0.0684357 0
    endloop
  endfacet
  facet normal 0.0649964 0.997886 -0
    outer loop
      vertex 183.044 146.932 0
      vertex 182 147 201.5
      vertex 183.044 146.932 201.5
    endloop
  endfacet
  facet normal 0.0649964 0.997886 0
    outer loop
      vertex 182 147 201.5
      vertex 183.044 146.932 0
      vertex 182 147 0
    endloop
  endfacet
  facet normal 0.75183 -0.659357 0
    outer loop
      vertex 187.657 2.34314 201.5
      vertex 188.347 3.12991 0
      vertex 188.347 3.12991 201.5
    endloop
  endfacet
  facet normal 0.75183 -0.659357 0
    outer loop
      vertex 188.347 3.12991 0
      vertex 187.657 2.34314 201.5
      vertex 187.657 2.34314 0
    endloop
  endfacet
  facet normal -0.064984 0.997886 0
    outer loop
      vertex 8 147 0
      vertex 6.9558 146.932 201.5
      vertex 8 147 201.5
    endloop
  endfacet
  facet normal -0.064984 0.997886 0
    outer loop
      vertex 6.9558 146.932 201.5
      vertex 8 147 0
      vertex 6.9558 146.932 0
    endloop
  endfacet
  facet normal 0.321701 -0.946841 0
    outer loop
      vertex 184.071 0.272598 0
      vertex 185.061 0.608963 201.5
      vertex 184.071 0.272598 201.5
    endloop
  endfacet
  facet normal 0.321701 -0.946841 0
    outer loop
      vertex 185.061 0.608963 201.5
      vertex 184.071 0.272598 0
      vertex 185.061 0.608963 0
    endloop
  endfacet
  facet normal 0.44224 0.896897 -0
    outer loop
      vertex 186 145.928 0
      vertex 185.061 146.391 201.5
      vertex 186 145.928 201.5
    endloop
  endfacet
  facet normal 0.44224 0.896897 0
    outer loop
      vertex 185.061 146.391 201.5
      vertex 186 145.928 0
      vertex 185.061 146.391 0
    endloop
  endfacet
  facet normal 0 1 -0
    outer loop
      vertex 182 147 0
      vertex 8 147 201.5
      vertex 182 147 201.5
    endloop
  endfacet
  facet normal 0 1 0
    outer loop
      vertex 8 147 201.5
      vertex 182 147 0
      vertex 8 147 0
    endloop
  endfacet
  facet normal 0 -1 0
    outer loop
      vertex 8 0 0
      vertex 182 0 201.5
      vertex 8 0 201.5
    endloop
  endfacet
  facet normal 0 -1 -0
    outer loop
      vertex 182 0 201.5
      vertex 8 0 0
      vertex 182 0 0
    endloop
  endfacet
  facet normal -0.0653986 -0.997859 0
    outer loop
      vertex 6.9558 0.0684357 0
      vertex 8 0 201.5
      vertex 6.9558 0.0684357 201.5
    endloop
  endfacet
  facet normal -0.0653986 -0.997859 -0
    outer loop
      vertex 8 0 201.5
      vertex 6.9558 0.0684357 0
      vertex 8 0 0
    endloop
  endfacet
  facet normal 0.321388 0.946948 -0
    outer loop
      vertex 185.061 146.391 0
      vertex 184.071 146.727 201.5
      vertex 185.061 146.391 201.5
    endloop
  endfacet
  facet normal 0.321388 0.946948 0
    outer loop
      vertex 184.071 146.727 201.5
      vertex 185.061 146.391 0
      vertex 184.071 146.727 0
    endloop
  endfacet
  facet normal -0.659341 -0.751844 0
    outer loop
      vertex 2.34314 2.34314 0
      vertex 3.12991 1.65317 201.5
      vertex 2.34314 2.34314 201.5
    endloop
  endfacet
  facet normal -0.659341 -0.751844 -0
    outer loop
      vertex 3.12991 1.65317 201.5
      vertex 2.34314 2.34314 0
      vertex 3.12991 1.65317 0
    endloop
  endfacet
  facet normal -0.997859 -0.0653986 0
    outer loop
      vertex 0.0684357 6.9558 0
      vertex 0 8 201.5
      vertex 0 8 0
    endloop
  endfacet
  facet normal -0.997859 -0.0653986 0
    outer loop
      vertex 0 8 201.5
      vertex 0.0684357 6.9558 0
      vertex 0.0684357 6.9558 201.5
    endloop
  endfacet
  facet normal -0.831441 0.555613 0
    outer loop
      vertex 1.07179 143 0
      vertex 1.65317 143.87 201.5
      vertex 1.65317 143.87 0
    endloop
  endfacet
  facet normal -0.831441 0.555613 0
    outer loop
      vertex 1.65317 143.87 201.5
      vertex 1.07179 143 0
      vertex 1.07179 143 201.5
    endloop
  endfacet
  facet normal -1 0 0
    outer loop
      vertex 0 85.6 9.5
      vertex 0 139 0
      vertex 0 85.6 3.9
    endloop
  endfacet
  facet normal -1 0 0
    outer loop
      vertex 0 139 0
      vertex 0 62 3.9
      vertex 0 85.6 3.9
    endloop
  endfacet
  facet normal -1 -0 0
    outer loop
      vertex 0 62 3.9
      vertex 0 8 0
      vertex 0 62 9.5
    endloop
  endfacet
  facet normal -1 0 0
    outer loop
      vertex 0 8 0
      vertex 0 62 3.9
      vertex 0 139 0
    endloop
  endfacet
  facet normal -1 0 0
    outer loop
      vertex 0 139 0
      vertex 0 85.6 9.5
      vertex 0 139 201.5
    endloop
  endfacet
  facet normal -1 0 0
    outer loop
      vertex 0 62 9.5
      vertex 0 139 201.5
      vertex 0 85.6 9.5
    endloop
  endfacet
  facet normal -1 0 0
    outer loop
      vertex 0 8 201.5
      vertex 0 62 9.5
      vertex 0 8 0
    endloop
  endfacet
  facet normal -1 0 0
    outer loop
      vertex 0 62 9.5
      vertex 0 8 201.5
      vertex 0 139 201.5
    endloop
  endfacet
  facet normal 1 0 0
    outer loop
      vertex 190 139 201.5
      vertex 190 98.8 18.2
      vertex 190 139 0
    endloop
  endfacet
  facet normal 1 0 0
    outer loop
      vertex 190 139 201.5
      vertex 190 86.8 18.2
      vertex 190 98.8 18.2
    endloop
  endfacet
  facet normal 1 0 0
    outer loop
      vertex 190 86.8 18.2
      vertex 190 85.6 9.5
      vertex 190 86.8 0
    endloop
  endfacet
  facet normal 1 0 0
    outer loop
      vertex 190 86.8 18.2
      vertex 190 62 9.5
      vertex 190 85.6 9.5
    endloop
  endfacet
  facet normal 1 -0 0
    outer loop
      vertex 190 8 201.5
      vertex 190 86.8 18.2
      vertex 190 139 201.5
    endloop
  endfacet
  facet normal 1 0 0
    outer loop
      vertex 190 8 0
      vertex 190 62 9.5
      vertex 190 8 201.5
    endloop
  endfacet
  facet normal 1 0 0
    outer loop
      vertex 190 86.8 18.2
      vertex 190 8 201.5
      vertex 190 62 9.5
    endloop
  endfacet
  facet normal 1 0 0
    outer loop
      vertex 190 139 0
      vertex 190 98.8 18.2
      vertex 190 98.8 0
    endloop
  endfacet
  facet normal 1 -0 0
    outer loop
      vertex 190 85.6 3.9
      vertex 190 86.8 0
      vertex 190 85.6 9.5
    endloop
  endfacet
  facet normal 1 -0 0
    outer loop
      vertex 190 62 3.9
      vertex 190 86.8 0
      vertex 190 85.6 3.9
    endloop
  endfacet
  facet normal 1 0 0
    outer loop
      vertex 190 62 3.9
      vertex 190 8 0
      vertex 190 86.8 0
    endloop
  endfacet
  facet normal 1 0 0
    outer loop
      vertex 190 62 9.5
      vertex 190 8 0
      vertex 190 62 3.9
    endloop
  endfacet
  facet normal -0.195866 0.980631 0
    outer loop
      vertex 6.9558 146.932 0
      vertex 5.92944 146.727 201.5
      vertex 6.9558 146.932 201.5
    endloop
  endfacet
  facet normal -0.195866 0.980631 0
    outer loop
      vertex 5.92944 146.727 201.5
      vertex 6.9558 146.932 0
      vertex 5.92944 146.727 0
    endloop
  endfacet
  facet normal 0.555613 -0.831441 0
    outer loop
      vertex 186 1.07179 0
      vertex 186.87 1.65317 201.5
      vertex 186 1.07179 201.5
    endloop
  endfacet
  facet normal 0.555613 -0.831441 0
    outer loop
      vertex 186.87 1.65317 201.5
      vertex 186 1.07179 0
      vertex 186.87 1.65317 0
    endloop
  endfacet
  facet normal 0.980631 -0.195866 0
    outer loop
      vertex 189.727 5.92944 201.5
      vertex 189.932 6.9558 0
      vertex 189.932 6.9558 201.5
    endloop
  endfacet
  facet normal 0.980631 -0.195866 0
    outer loop
      vertex 189.932 6.9558 0
      vertex 189.727 5.92944 201.5
      vertex 189.727 5.92944 0
    endloop
  endfacet
  facet normal -0.442281 -0.896876 0
    outer loop
      vertex 4 1.07179 0
      vertex 4.93854 0.608963 201.5
      vertex 4 1.07179 201.5
    endloop
  endfacet
  facet normal -0.442281 -0.896876 -0
    outer loop
      vertex 4.93854 0.608963 201.5
      vertex 4 1.07179 0
      vertex 4.93854 0.608963 0
    endloop
  endfacet
  facet normal 0.980654 0.195749 0
    outer loop
      vertex 189.932 140.044 201.5
      vertex 189.727 141.071 0
      vertex 189.727 141.071 201.5
    endloop
  endfacet
  facet normal 0.980654 0.195749 0
    outer loop
      vertex 189.727 141.071 0
      vertex 189.932 140.044 201.5
      vertex 189.932 140.044 0
    endloop
  endfacet
  facet normal -0.831468 -0.555573 0
    outer loop
      vertex 1.65317 3.12991 0
      vertex 1.07179 4 201.5
      vertex 1.07179 4 0
    endloop
  endfacet
  facet normal -0.831468 -0.555573 0
    outer loop
      vertex 1.07179 4 201.5
      vertex 1.65317 3.12991 0
      vertex 1.65317 3.12991 201.5
    endloop
  endfacet
  facet normal 0.194979 -0.980807 0
    outer loop
      vertex 183.044 0.0684357 0
      vertex 184.071 0.272598 201.5
      vertex 183.044 0.0684357 201.5
    endloop
  endfacet
  facet normal 0.194979 -0.980807 0
    outer loop
      vertex 184.071 0.272598 201.5
      vertex 183.044 0.0684357 0
      vertex 184.071 0.272598 0
    endloop
  endfacet
  facet normal 0.555362 0.831609 -0
    outer loop
      vertex 186.87 145.347 0
      vertex 186 145.928 201.5
      vertex 186.87 145.347 201.5
    endloop
  endfacet
  facet normal 0.555362 0.831609 0
    outer loop
      vertex 186 145.928 201.5
      vertex 186.87 145.347 0
      vertex 186 145.928 0
    endloop
  endfacet
  facet normal -0.997858 0.0654111 0
    outer loop
      vertex 0 139 0
      vertex 0.0684357 140.044 201.5
      vertex 0.0684357 140.044 0
    endloop
  endfacet
  facet normal -0.997858 0.0654111 0
    outer loop
      vertex 0.0684357 140.044 201.5
      vertex 0 139 0
      vertex 0 139 201.5
    endloop
  endfacet
  facet normal 0.442107 -0.896962 0
    outer loop
      vertex 185.061 0.608963 0
      vertex 186 1.07179 201.5
      vertex 185.061 0.608963 201.5
    endloop
  endfacet
  facet normal 0.442107 -0.896962 0
    outer loop
      vertex 186 1.07179 201.5
      vertex 185.061 0.608963 0
      vertex 186 1.07179 0
    endloop
  endfacet
  facet normal -0.321439 -0.94693 0
    outer loop
      vertex 4.93854 0.608963 0
      vertex 5.92944 0.272598 201.5
      vertex 4.93854 0.608963 201.5
    endloop
  endfacet
  facet normal -0.321439 -0.94693 -0
    outer loop
      vertex 5.92944 0.272598 201.5
      vertex 4.93854 0.608963 0
      vertex 5.92944 0.272598 0
    endloop
  endfacet
  facet normal -0.555573 -0.831468 0
    outer loop
      vertex 3.12991 1.65317 0
      vertex 4 1.07179 201.5
      vertex 3.12991 1.65317 201.5
    endloop
  endfacet
  facet normal -0.555573 -0.831468 -0
    outer loop
      vertex 4 1.07179 201.5
      vertex 3.12991 1.65317 0
      vertex 4 1.07179 0
    endloop
  endfacet
  facet normal -0.442414 0.896811 0
    outer loop
      vertex 4.93854 146.391 0
      vertex 4 145.928 201.5
      vertex 4.93854 146.391 201.5
    endloop
  endfacet
  facet normal -0.442414 0.896811 0
    outer loop
      vertex 4 145.928 201.5
      vertex 4.93854 146.391 0
      vertex 4 145.928 0
    endloop
  endfacet
  facet normal -0.321126 0.947036 0
    outer loop
      vertex 5.92944 146.727 0
      vertex 4.93854 146.391 201.5
      vertex 5.92944 146.727 201.5
    endloop
  endfacet
  facet normal -0.321126 0.947036 0
    outer loop
      vertex 4.93854 146.391 201.5
      vertex 5.92944 146.727 0
      vertex 4.93854 146.391 0
    endloop
  endfacet
  facet normal -0.751939 0.659232 0
    outer loop
      vertex 1.65317 143.87 0
      vertex 2.34314 144.657 201.5
      vertex 2.34314 144.657 0
    endloop
  endfacet
  facet normal -0.751939 0.659232 0
    outer loop
      vertex 2.34314 144.657 201.5
      vertex 1.65317 143.87 0
      vertex 1.65317 143.87 201.5
    endloop
  endfacet
  facet normal 0.195749 0.980654 -0
    outer loop
      vertex 184.071 146.727 0
      vertex 183.044 146.932 201.5
      vertex 184.071 146.727 201.5
    endloop
  endfacet
  facet normal 0.195749 0.980654 0
    outer loop
      vertex 183.044 146.932 201.5
      vertex 184.071 146.727 0
      vertex 183.044 146.932 0
    endloop
  endfacet
  facet normal 0.751925 0.659248 0
    outer loop
      vertex 188.347 143.87 201.5
      vertex 187.657 144.657 0
      vertex 187.657 144.657 201.5
    endloop
  endfacet
  facet normal 0.751925 0.659248 0
    outer loop
      vertex 187.657 144.657 0
      vertex 188.347 143.87 201.5
      vertex 188.347 143.87 0
    endloop
  endfacet
  facet normal 0.997886 0.0649964 0
    outer loop
      vertex 190 139 201.5
      vertex 189.932 140.044 0
      vertex 189.932 140.044 201.5
    endloop
  endfacet
  facet normal 0.997886 0.0649964 0
    outer loop
      vertex 189.932 140.044 0
      vertex 190 139 201.5
      vertex 190 139 0
    endloop
  endfacet
  facet normal 0.659248 0.751925 -0
    outer loop
      vertex 187.657 144.657 0
      vertex 186.87 145.347 201.5
      vertex 187.657 144.657 201.5
    endloop
  endfacet
  facet normal 0.659248 0.751925 0
    outer loop
      vertex 186.87 145.347 201.5
      vertex 187.657 144.657 0
      vertex 186.87 145.347 0
    endloop
  endfacet
  facet normal -0.896876 -0.442281 0
    outer loop
      vertex 1.07179 4 0
      vertex 0.608963 4.93854 201.5
      vertex 0.608963 4.93854 0
    endloop
  endfacet
  facet normal -0.896876 -0.442281 0
    outer loop
      vertex 0.608963 4.93854 201.5
      vertex 1.07179 4 0
      vertex 1.07179 4 201.5
    endloop
  endfacet
  facet normal -0.94693 -0.321439 0
    outer loop
      vertex 0.608963 4.93854 0
      vertex 0.272598 5.92944 201.5
      vertex 0.272598 5.92944 0
    endloop
  endfacet
  facet normal -0.94693 -0.321439 0
    outer loop
      vertex 0.272598 5.92944 201.5
      vertex 0.608963 4.93854 0
      vertex 0.608963 4.93854 201.5
    endloop
  endfacet
  facet normal -0.555322 0.831635 0
    outer loop
      vertex 4 145.928 0
      vertex 3.12991 145.347 201.5
      vertex 4 145.928 201.5
    endloop
  endfacet
  facet normal -0.555322 0.831635 0
    outer loop
      vertex 3.12991 145.347 201.5
      vertex 4 145.928 0
      vertex 3.12991 145.347 0
    endloop
  endfacet
  facet normal -0.946841 0.321701 0
    outer loop
      vertex 0.272598 141.071 0
      vertex 0.608963 142.061 201.5
      vertex 0.608963 142.061 0
    endloop
  endfacet
  facet normal -0.946841 0.321701 0
    outer loop
      vertex 0.608963 142.061 201.5
      vertex 0.272598 141.071 0
      vertex 0.272598 141.071 201.5
    endloop
  endfacet
  facet normal -0.896962 0.442107 0
    outer loop
      vertex 0.608963 142.061 0
      vertex 1.07179 143 201.5
      vertex 1.07179 143 0
    endloop
  endfacet
  facet normal -0.896962 0.442107 0
    outer loop
      vertex 1.07179 143 201.5
      vertex 0.608963 142.061 0
      vertex 0.608963 142.061 201.5
    endloop
  endfacet
  facet normal 0 0 1
    outer loop
      vertex 24.5 144 201.5
      vertex 15.1506 113.125 201.5
      vertex 24.5 3 201.5
    endloop
  endfacet
  facet normal 0 0 1
    outer loop
      vertex 24.5 3 201.5
      vertex 15.1876 33.6893 201.5
      vertex 15.2 33.5 201.5
    endloop
  endfacet
  facet normal -0 0 1
    outer loop
      vertex 15.1506 33.8753 201.5
      vertex 24.5 3 201.5
      vertex 15.1506 113.125 201.5
    endloop
  endfacet
  facet normal 0 0 1
    outer loop
      vertex 24.5 3 201.5
      vertex 15.1506 33.8753 201.5
      vertex 15.1876 33.6893 201.5
    endloop
  endfacet
  facet normal -0 0 1
    outer loop
      vertex 15.0896 112.945 201.5
      vertex 15.1506 33.8753 201.5
      vertex 15.1506 113.125 201.5
    endloop
  endfacet
  facet normal 0 0 1
    outer loop
      vertex 15.0896 112.945 201.5
      vertex 15.0896 34.0549 201.5
      vertex 15.1506 33.8753 201.5
    endloop
  endfacet
  facet normal -0 0 1
    outer loop
      vertex 15.0057 112.775 201.5
      vertex 15.0896 34.0549 201.5
      vertex 15.0896 112.945 201.5
    endloop
  endfacet
  facet normal 0 0 1
    outer loop
      vertex 15.0057 112.775 201.5
      vertex 15.0057 34.225 201.5
      vertex 15.0896 34.0549 201.5
    endloop
  endfacet
  facet normal -0 0 1
    outer loop
      vertex 14.9004 112.617 201.5
      vertex 15.0057 34.225 201.5
      vertex 15.0057 112.775 201.5
    endloop
  endfacet
  facet normal 0 0 1
    outer loop
      vertex 14.9004 112.617 201.5
      vertex 14.9004 34.3827 201.5
      vertex 15.0057 34.225 201.5
    endloop
  endfacet
  facet normal -0 0 1
    outer loop
      vertex 14.7753 112.475 201.5
      vertex 14.9004 34.3827 201.5
      vertex 14.9004 112.617 201.5
    endloop
  endfacet
  facet normal 0 0 1
    outer loop
      vertex 14.7753 112.475 201.5
      vertex 14.7753 34.5253 201.5
      vertex 14.9004 34.3827 201.5
    endloop
  endfacet
  facet normal -0 0 1
    outer loop
      vertex 14.6327 112.35 201.5
      vertex 14.7753 34.5253 201.5
      vertex 14.7753 112.475 201.5
    endloop
  endfacet
  facet normal 0 0 1
    outer loop
      vertex 14.6327 112.35 201.5
      vertex 14.6327 34.6504 201.5
      vertex 14.7753 34.5253 201.5
    endloop
  endfacet
  facet normal -0 0 1
    outer loop
      vertex 14.475 112.244 201.5
      vertex 14.6327 34.6504 201.5
      vertex 14.6327 112.35 201.5
    endloop
  endfacet
  facet normal 0 0 1
    outer loop
      vertex 14.475 112.244 201.5
      vertex 14.475 34.7557 201.5
      vertex 14.6327 34.6504 201.5
    endloop
  endfacet
  facet normal -0 0 1
    outer loop
      vertex 14.3049 112.16 201.5
      vertex 14.475 34.7557 201.5
      vertex 14.475 112.244 201.5
    endloop
  endfacet
  facet normal 0 0 1
    outer loop
      vertex 14.3049 112.16 201.5
      vertex 14.3049 34.8396 201.5
      vertex 14.475 34.7557 201.5
    endloop
  endfacet
  facet normal -0 0 1
    outer loop
      vertex 14.1253 112.099 201.5
      vertex 14.3049 34.8396 201.5
      vertex 14.3049 112.16 201.5
    endloop
  endfacet
  facet normal 0 0 1
    outer loop
      vertex 14.1253 112.099 201.5
      vertex 14.1253 34.9006 201.5
      vertex 14.3049 34.8396 201.5
    endloop
  endfacet
  facet normal -0 0 1
    outer loop
      vertex 13.9393 112.062 201.5
      vertex 14.1253 34.9006 201.5
      vertex 14.1253 112.099 201.5
    endloop
  endfacet
  facet normal 0 0 1
    outer loop
      vertex 13.9393 112.062 201.5
      vertex 13.9393 34.9376 201.5
      vertex 14.1253 34.9006 201.5
    endloop
  endfacet
  facet normal -0 0 1
    outer loop
      vertex 13.75 112.05 201.5
      vertex 13.9393 34.9376 201.5
      vertex 13.9393 112.062 201.5
    endloop
  endfacet
  facet normal 0 0 1
    outer loop
      vertex 13.75 112.05 201.5
      vertex 13.75 34.95 201.5
      vertex 13.9393 34.9376 201.5
    endloop
  endfacet
  facet normal 0 0 1
    outer loop
      vertex 13.5607 112.062 201.5
      vertex 13.75 34.95 201.5
      vertex 13.75 112.05 201.5
    endloop
  endfacet
  facet normal 0 0 1
    outer loop
      vertex 13.5607 112.062 201.5
      vertex 13.5607 34.9376 201.5
      vertex 13.75 34.95 201.5
    endloop
  endfacet
  facet normal 0 0 1
    outer loop
      vertex 13.3747 112.099 201.5
      vertex 13.5607 34.9376 201.5
      vertex 13.5607 112.062 201.5
    endloop
  endfacet
  facet normal 0 0 1
    outer loop
      vertex 13.3747 112.099 201.5
      vertex 13.3747 34.9006 201.5
      vertex 13.5607 34.9376 201.5
    endloop
  endfacet
  facet normal 0 0 1
    outer loop
      vertex 13.1951 112.16 201.5
      vertex 13.3747 34.9006 201.5
      vertex 13.3747 112.099 201.5
    endloop
  endfacet
  facet normal 0 0 1
    outer loop
      vertex 13.1951 112.16 201.5
      vertex 13.1951 34.8396 201.5
      vertex 13.3747 34.9006 201.5
    endloop
  endfacet
  facet normal 0 0 1
    outer loop
      vertex 13.025 112.244 201.5
      vertex 13.1951 34.8396 201.5
      vertex 13.1951 112.16 201.5
    endloop
  endfacet
  facet normal 0 0 1
    outer loop
      vertex 13.025 112.244 201.5
      vertex 13.025 34.7557 201.5
      vertex 13.1951 34.8396 201.5
    endloop
  endfacet
  facet normal 0 0 1
    outer loop
      vertex 12.8673 112.35 201.5
      vertex 13.025 34.7557 201.5
      vertex 13.025 112.244 201.5
    endloop
  endfacet
  facet normal 0 0 1
    outer loop
      vertex 12.8673 112.35 201.5
      vertex 12.8673 34.6504 201.5
      vertex 13.025 34.7557 201.5
    endloop
  endfacet
  facet normal 0 0 1
    outer loop
      vertex 12.7247 112.475 201.5
      vertex 12.8673 34.6504 201.5
      vertex 12.8673 112.35 201.5
    endloop
  endfacet
  facet normal 0 0 1
    outer loop
      vertex 12.7247 112.475 201.5
      vertex 12.7247 34.5253 201.5
      vertex 12.8673 34.6504 201.5
    endloop
  endfacet
  facet normal 0 0 1
    outer loop
      vertex 12.5996 112.617 201.5
      vertex 12.7247 34.5253 201.5
      vertex 12.7247 112.475 201.5
    endloop
  endfacet
  facet normal 0 0 1
    outer loop
      vertex 12.5996 112.617 201.5
      vertex 12.5996 34.3827 201.5
      vertex 12.7247 34.5253 201.5
    endloop
  endfacet
  facet normal 0 0 1
    outer loop
      vertex 12.4943 112.775 201.5
      vertex 12.5996 34.3827 201.5
      vertex 12.5996 112.617 201.5
    endloop
  endfacet
  facet normal 0 0 1
    outer loop
      vertex 12.4943 112.775 201.5
      vertex 12.4943 34.225 201.5
      vertex 12.5996 34.3827 201.5
    endloop
  endfacet
  facet normal 0 0 1
    outer loop
      vertex 12.4104 112.945 201.5
      vertex 12.4943 34.225 201.5
      vertex 12.4943 112.775 201.5
    endloop
  endfacet
  facet normal 0 0 1
    outer loop
      vertex 12.4104 112.945 201.5
      vertex 12.4104 34.0549 201.5
      vertex 12.4943 34.225 201.5
    endloop
  endfacet
  facet normal 0 0 1
    outer loop
      vertex 12.3494 113.125 201.5
      vertex 12.4104 34.0549 201.5
      vertex 12.4104 112.945 201.5
    endloop
  endfacet
  facet normal 0 0 1
    outer loop
      vertex 12.3494 113.125 201.5
      vertex 12.3494 33.8753 201.5
      vertex 12.4104 34.0549 201.5
    endloop
  endfacet
  facet normal 0 0 1
    outer loop
      vertex 0 139 201.5
      vertex 12.3494 113.125 201.5
      vertex 12.3124 113.311 201.5
    endloop
  endfacet
  facet normal 0 0 1
    outer loop
      vertex 12.3494 113.125 201.5
      vertex 0 139 201.5
      vertex 12.3494 33.8753 201.5
    endloop
  endfacet
  facet normal 0 0 1
    outer loop
      vertex 0 139 201.5
      vertex 12.3124 113.311 201.5
      vertex 12.3 113.5 201.5
    endloop
  endfacet
  facet normal 0 0 1
    outer loop
      vertex 0 8 201.5
      vertex 12.3494 33.8753 201.5
      vertex 0 139 201.5
    endloop
  endfacet
  facet normal 0 0 1
    outer loop
      vertex 190 139 201.5
      vertex 177.651 113.125 201.5
      vertex 190 8 201.5
    endloop
  endfacet
  facet normal 0 0 1
    outer loop
      vertex 190 8 201.5
      vertex 177.688 33.6893 201.5
      vertex 177.7 33.5 201.5
    endloop
  endfacet
  facet normal -0 0 1
    outer loop
      vertex 177.651 33.8753 201.5
      vertex 190 8 201.5
      vertex 177.651 113.125 201.5
    endloop
  endfacet
  facet normal 0 0 1
    outer loop
      vertex 190 8 201.5
      vertex 177.651 33.8753 201.5
      vertex 177.688 33.6893 201.5
    endloop
  endfacet
  facet normal -0 0 1
    outer loop
      vertex 177.59 112.945 201.5
      vertex 177.651 33.8753 201.5
      vertex 177.651 113.125 201.5
    endloop
  endfacet
  facet normal 0 0 1
    outer loop
      vertex 177.59 112.945 201.5
      vertex 177.59 34.0549 201.5
      vertex 177.651 33.8753 201.5
    endloop
  endfacet
  facet normal -0 0 1
    outer loop
      vertex 177.506 112.775 201.5
      vertex 177.59 34.0549 201.5
      vertex 177.59 112.945 201.5
    endloop
  endfacet
  facet normal 0 0 1
    outer loop
      vertex 177.506 112.775 201.5
      vertex 177.506 34.225 201.5
      vertex 177.59 34.0549 201.5
    endloop
  endfacet
  facet normal -0 0 1
    outer loop
      vertex 177.4 112.617 201.5
      vertex 177.506 34.225 201.5
      vertex 177.506 112.775 201.5
    endloop
  endfacet
  facet normal 0 0 1
    outer loop
      vertex 177.4 112.617 201.5
      vertex 177.4 34.3827 201.5
      vertex 177.506 34.225 201.5
    endloop
  endfacet
  facet normal -0 0 1
    outer loop
      vertex 177.275 112.475 201.5
      vertex 177.4 34.3827 201.5
      vertex 177.4 112.617 201.5
    endloop
  endfacet
  facet normal 0 0 1
    outer loop
      vertex 177.275 112.475 201.5
      vertex 177.275 34.5253 201.5
      vertex 177.4 34.3827 201.5
    endloop
  endfacet
  facet normal -0 0 1
    outer loop
      vertex 177.133 112.35 201.5
      vertex 177.275 34.5253 201.5
      vertex 177.275 112.475 201.5
    endloop
  endfacet
  facet normal 0 0 1
    outer loop
      vertex 177.133 112.35 201.5
      vertex 177.133 34.6504 201.5
      vertex 177.275 34.5253 201.5
    endloop
  endfacet
  facet normal -0 0 1
    outer loop
      vertex 176.975 112.244 201.5
      vertex 177.133 34.6504 201.5
      vertex 177.133 112.35 201.5
    endloop
  endfacet
  facet normal 0 0 1
    outer loop
      vertex 176.975 112.244 201.5
      vertex 176.975 34.7557 201.5
      vertex 177.133 34.6504 201.5
    endloop
  endfacet
  facet normal -0 0 1
    outer loop
      vertex 176.805 112.16 201.5
      vertex 176.975 34.7557 201.5
      vertex 176.975 112.244 201.5
    endloop
  endfacet
  facet normal 0 0 1
    outer loop
      vertex 176.805 112.16 201.5
      vertex 176.805 34.8396 201.5
      vertex 176.975 34.7557 201.5
    endloop
  endfacet
  facet normal -0 0 1
    outer loop
      vertex 176.625 112.099 201.5
      vertex 176.805 34.8396 201.5
      vertex 176.805 112.16 201.5
    endloop
  endfacet
  facet normal 0 0 1
    outer loop
      vertex 176.625 112.099 201.5
      vertex 176.625 34.9006 201.5
      vertex 176.805 34.8396 201.5
    endloop
  endfacet
  facet normal -0 0 1
    outer loop
      vertex 176.439 112.062 201.5
      vertex 176.625 34.9006 201.5
      vertex 176.625 112.099 201.5
    endloop
  endfacet
  facet normal 0 0 1
    outer loop
      vertex 176.439 112.062 201.5
      vertex 176.439 34.9376 201.5
      vertex 176.625 34.9006 201.5
    endloop
  endfacet
  facet normal -0 0 1
    outer loop
      vertex 176.25 112.05 201.5
      vertex 176.439 34.9376 201.5
      vertex 176.439 112.062 201.5
    endloop
  endfacet
  facet normal 0 0 1
    outer loop
      vertex 176.25 112.05 201.5
      vertex 176.25 34.95 201.5
      vertex 176.439 34.9376 201.5
    endloop
  endfacet
  facet normal 0 0 1
    outer loop
      vertex 176.061 112.062 201.5
      vertex 176.25 34.95 201.5
      vertex 176.25 112.05 201.5
    endloop
  endfacet
  facet normal 0 0 1
    outer loop
      vertex 176.061 112.062 201.5
      vertex 176.061 34.9376 201.5
      vertex 176.25 34.95 201.5
    endloop
  endfacet
  facet normal 0 0 1
    outer loop
      vertex 175.875 112.099 201.5
      vertex 176.061 34.9376 201.5
      vertex 176.061 112.062 201.5
    endloop
  endfacet
  facet normal 0 0 1
    outer loop
      vertex 175.875 112.099 201.5
      vertex 175.875 34.9006 201.5
      vertex 176.061 34.9376 201.5
    endloop
  endfacet
  facet normal 0 0 1
    outer loop
      vertex 175.695 112.16 201.5
      vertex 175.875 34.9006 201.5
      vertex 175.875 112.099 201.5
    endloop
  endfacet
  facet normal 0 0 1
    outer loop
      vertex 175.695 112.16 201.5
      vertex 175.695 34.8396 201.5
      vertex 175.875 34.9006 201.5
    endloop
  endfacet
  facet normal 0 0 1
    outer loop
      vertex 175.525 112.244 201.5
      vertex 175.695 34.8396 201.5
      vertex 175.695 112.16 201.5
    endloop
  endfacet
  facet normal 0 0 1
    outer loop
      vertex 175.525 112.244 201.5
      vertex 175.525 34.7557 201.5
      vertex 175.695 34.8396 201.5
    endloop
  endfacet
  facet normal 0 0 1
    outer loop
      vertex 175.367 112.35 201.5
      vertex 175.525 34.7557 201.5
      vertex 175.525 112.244 201.5
    endloop
  endfacet
  facet normal 0 0 1
    outer loop
      vertex 175.367 112.35 201.5
      vertex 175.367 34.6504 201.5
      vertex 175.525 34.7557 201.5
    endloop
  endfacet
  facet normal 0 0 1
    outer loop
      vertex 175.225 112.475 201.5
      vertex 175.367 34.6504 201.5
      vertex 175.367 112.35 201.5
    endloop
  endfacet
  facet normal 0 0 1
    outer loop
      vertex 175.225 112.475 201.5
      vertex 175.225 34.5253 201.5
      vertex 175.367 34.6504 201.5
    endloop
  endfacet
  facet normal 0 0 1
    outer loop
      vertex 175.1 112.617 201.5
      vertex 175.225 34.5253 201.5
      vertex 175.225 112.475 201.5
    endloop
  endfacet
  facet normal 0 0 1
    outer loop
      vertex 175.1 112.617 201.5
      vertex 175.1 34.3827 201.5
      vertex 175.225 34.5253 201.5
    endloop
  endfacet
  facet normal 0 0 1
    outer loop
      vertex 174.994 112.775 201.5
      vertex 175.1 34.3827 201.5
      vertex 175.1 112.617 201.5
    endloop
  endfacet
  facet normal 0 0 1
    outer loop
      vertex 174.994 112.775 201.5
      vertex 174.994 34.225 201.5
      vertex 175.1 34.3827 201.5
    endloop
  endfacet
  facet normal 0 0 1
    outer loop
      vertex 174.91 112.945 201.5
      vertex 174.994 34.225 201.5
      vertex 174.994 112.775 201.5
    endloop
  endfacet
  facet normal 0 0 1
    outer loop
      vertex 174.91 112.945 201.5
      vertex 174.91 34.0549 201.5
      vertex 174.994 34.225 201.5
    endloop
  endfacet
  facet normal 0 0 1
    outer loop
      vertex 174.849 113.125 201.5
      vertex 174.91 34.0549 201.5
      vertex 174.91 112.945 201.5
    endloop
  endfacet
  facet normal 0 0 1
    outer loop
      vertex 174.849 113.125 201.5
      vertex 174.849 33.8753 201.5
      vertex 174.91 34.0549 201.5
    endloop
  endfacet
  facet normal 0 0 1
    outer loop
      vertex 165.5 144 201.5
      vertex 174.849 113.125 201.5
      vertex 174.812 113.311 201.5
    endloop
  endfacet
  facet normal 0 0 1
    outer loop
      vertex 174.849 113.125 201.5
      vertex 165.5 144 201.5
      vertex 174.849 33.8753 201.5
    endloop
  endfacet
  facet normal 0 0 1
    outer loop
      vertex 165.5 144 201.5
      vertex 174.812 113.311 201.5
      vertex 174.8 113.5 201.5
    endloop
  endfacet
  facet normal 0 0 1
    outer loop
      vertex 165.5 3 201.5
      vertex 174.849 33.8753 201.5
      vertex 165.5 144 201.5
    endloop
  endfacet
  facet normal 0 0 1
    outer loop
      vertex 182 147 201.5
      vertex 190 139 201.5
      vertex 189.932 140.044 201.5
    endloop
  endfacet
  facet normal 0 0 1
    outer loop
      vertex 177.688 113.311 201.5
      vertex 190 139 201.5
      vertex 177.7 113.5 201.5
    endloop
  endfacet
  facet normal 0 0 1
    outer loop
      vertex 182 147 201.5
      vertex 189.932 140.044 201.5
      vertex 189.727 141.071 201.5
    endloop
  endfacet
  facet normal 0 0 1
    outer loop
      vertex 177.651 113.125 201.5
      vertex 190 139 201.5
      vertex 177.688 113.311 201.5
    endloop
  endfacet
  facet normal 0 0 1
    outer loop
      vertex 182 147 201.5
      vertex 189.727 141.071 201.5
      vertex 189.391 142.061 201.5
    endloop
  endfacet
  facet normal -0 0 1
    outer loop
      vertex 177.688 33.3107 201.5
      vertex 190 8 201.5
      vertex 177.7 33.5 201.5
    endloop
  endfacet
  facet normal 0 0 1
    outer loop
      vertex 182 147 201.5
      vertex 189.391 142.061 201.5
      vertex 188.928 143 201.5
    endloop
  endfacet
  facet normal -0 0 1
    outer loop
      vertex 177.651 33.1247 201.5
      vertex 190 8 201.5
      vertex 177.688 33.3107 201.5
    endloop
  endfacet
  facet normal 0 0 1
    outer loop
      vertex 182 147 201.5
      vertex 188.928 143 201.5
      vertex 188.347 143.87 201.5
    endloop
  endfacet
  facet normal -0 0 1
    outer loop
      vertex 177.59 32.9451 201.5
      vertex 190 8 201.5
      vertex 177.651 33.1247 201.5
    endloop
  endfacet
  facet normal 0 0 1
    outer loop
      vertex 182 147 201.5
      vertex 188.347 143.87 201.5
      vertex 187.657 144.657 201.5
    endloop
  endfacet
  facet normal -0 0 1
    outer loop
      vertex 177.506 32.775 201.5
      vertex 190 8 201.5
      vertex 177.59 32.9451 201.5
    endloop
  endfacet
  facet normal 0 0 1
    outer loop
      vertex 182 147 201.5
      vertex 187.657 144.657 201.5
      vertex 186.87 145.347 201.5
    endloop
  endfacet
  facet normal -0 0 1
    outer loop
      vertex 177.4 32.6173 201.5
      vertex 190 8 201.5
      vertex 177.506 32.775 201.5
    endloop
  endfacet
  facet normal 0 0 1
    outer loop
      vertex 182 147 201.5
      vertex 186.87 145.347 201.5
      vertex 186 145.928 201.5
    endloop
  endfacet
  facet normal -0 0 1
    outer loop
      vertex 177.275 32.4747 201.5
      vertex 190 8 201.5
      vertex 177.4 32.6173 201.5
    endloop
  endfacet
  facet normal 0 0 1
    outer loop
      vertex 182 147 201.5
      vertex 186 145.928 201.5
      vertex 185.061 146.391 201.5
    endloop
  endfacet
  facet normal -0 0 1
    outer loop
      vertex 177.133 32.3496 201.5
      vertex 190 8 201.5
      vertex 177.275 32.4747 201.5
    endloop
  endfacet
  facet normal 0 0 1
    outer loop
      vertex 182 147 201.5
      vertex 185.061 146.391 201.5
      vertex 184.071 146.727 201.5
    endloop
  endfacet
  facet normal -0 0 1
    outer loop
      vertex 176.975 32.2443 201.5
      vertex 190 8 201.5
      vertex 177.133 32.3496 201.5
    endloop
  endfacet
  facet normal 0 0 1
    outer loop
      vertex 182 147 201.5
      vertex 184.071 146.727 201.5
      vertex 183.044 146.932 201.5
    endloop
  endfacet
  facet normal -0 0 1
    outer loop
      vertex 176.805 32.1604 201.5
      vertex 190 8 201.5
      vertex 176.975 32.2443 201.5
    endloop
  endfacet
  facet normal 0 0 1
    outer loop
      vertex 190 139 201.5
      vertex 182 147 201.5
      vertex 165.5 144 201.5
    endloop
  endfacet
  facet normal -0 0 1
    outer loop
      vertex 176.625 32.0994 201.5
      vertex 190 8 201.5
      vertex 176.805 32.1604 201.5
    endloop
  endfacet
  facet normal -0 0 1
    outer loop
      vertex 176.439 32.0624 201.5
      vertex 190 8 201.5
      vertex 176.625 32.0994 201.5
    endloop
  endfacet
  facet normal 0 0 1
    outer loop
      vertex 190 139 201.5
      vertex 177.688 113.689 201.5
      vertex 177.7 113.5 201.5
    endloop
  endfacet
  facet normal 0 0 1
    outer loop
      vertex 190 139 201.5
      vertex 177.651 113.875 201.5
      vertex 177.688 113.689 201.5
    endloop
  endfacet
  facet normal 0 0 1
    outer loop
      vertex 190 139 201.5
      vertex 177.59 114.055 201.5
      vertex 177.651 113.875 201.5
    endloop
  endfacet
  facet normal 0 0 1
    outer loop
      vertex 190 139 201.5
      vertex 177.506 114.225 201.5
      vertex 177.59 114.055 201.5
    endloop
  endfacet
  facet normal 0 0 1
    outer loop
      vertex 190 139 201.5
      vertex 177.4 114.383 201.5
      vertex 177.506 114.225 201.5
    endloop
  endfacet
  facet normal 0 0 1
    outer loop
      vertex 190 139 201.5
      vertex 177.275 114.525 201.5
      vertex 177.4 114.383 201.5
    endloop
  endfacet
  facet normal 0 0 1
    outer loop
      vertex 190 139 201.5
      vertex 177.133 114.65 201.5
      vertex 177.275 114.525 201.5
    endloop
  endfacet
  facet normal 0 0 1
    outer loop
      vertex 190 139 201.5
      vertex 176.975 114.756 201.5
      vertex 177.133 114.65 201.5
    endloop
  endfacet
  facet normal 0 0 1
    outer loop
      vertex 190 139 201.5
      vertex 176.805 114.84 201.5
      vertex 176.975 114.756 201.5
    endloop
  endfacet
  facet normal 0 0 1
    outer loop
      vertex 190 139 201.5
      vertex 176.625 114.901 201.5
      vertex 176.805 114.84 201.5
    endloop
  endfacet
  facet normal 0 0 1
    outer loop
      vertex 190 139 201.5
      vertex 176.439 114.938 201.5
      vertex 176.625 114.901 201.5
    endloop
  endfacet
  facet normal 0 0 1
    outer loop
      vertex 190 139 201.5
      vertex 176.25 114.95 201.5
      vertex 176.439 114.938 201.5
    endloop
  endfacet
  facet normal 0 0 1
    outer loop
      vertex 190 139 201.5
      vertex 165.5 144 201.5
      vertex 176.25 114.95 201.5
    endloop
  endfacet
  facet normal 0 0 1
    outer loop
      vertex 176.25 114.95 201.5
      vertex 165.5 144 201.5
      vertex 176.061 114.938 201.5
    endloop
  endfacet
  facet normal 0 0 1
    outer loop
      vertex 176.061 114.938 201.5
      vertex 165.5 144 201.5
      vertex 175.875 114.901 201.5
    endloop
  endfacet
  facet normal 0 0 1
    outer loop
      vertex 175.875 114.901 201.5
      vertex 165.5 144 201.5
      vertex 175.695 114.84 201.5
    endloop
  endfacet
  facet normal 0 0 1
    outer loop
      vertex 175.695 114.84 201.5
      vertex 165.5 144 201.5
      vertex 175.525 114.756 201.5
    endloop
  endfacet
  facet normal 0 0 1
    outer loop
      vertex 175.525 114.756 201.5
      vertex 165.5 144 201.5
      vertex 175.367 114.65 201.5
    endloop
  endfacet
  facet normal 0 0 1
    outer loop
      vertex 175.367 114.65 201.5
      vertex 165.5 144 201.5
      vertex 175.225 114.525 201.5
    endloop
  endfacet
  facet normal 0 0 1
    outer loop
      vertex 175.225 114.525 201.5
      vertex 165.5 144 201.5
      vertex 175.1 114.383 201.5
    endloop
  endfacet
  facet normal 0 0 1
    outer loop
      vertex 175.1 114.383 201.5
      vertex 165.5 144 201.5
      vertex 174.994 114.225 201.5
    endloop
  endfacet
  facet normal 0 0 1
    outer loop
      vertex 174.994 114.225 201.5
      vertex 165.5 144 201.5
      vertex 174.91 114.055 201.5
    endloop
  endfacet
  facet normal 0 0 1
    outer loop
      vertex 174.849 33.8753 201.5
      vertex 165.5 3 201.5
      vertex 174.812 33.6893 201.5
    endloop
  endfacet
  facet normal 0 0 1
    outer loop
      vertex 174.812 113.689 201.5
      vertex 165.5 144 201.5
      vertex 174.8 113.5 201.5
    endloop
  endfacet
  facet normal 0 0 1
    outer loop
      vertex 174.849 113.875 201.5
      vertex 165.5 144 201.5
      vertex 174.812 113.689 201.5
    endloop
  endfacet
  facet normal 0 0 1
    outer loop
      vertex 174.91 114.055 201.5
      vertex 165.5 144 201.5
      vertex 174.849 113.875 201.5
    endloop
  endfacet
  facet normal 0 0 1
    outer loop
      vertex 182 147 201.5
      vertex 24.5 144 201.5
      vertex 165.5 144 201.5
    endloop
  endfacet
  facet normal 0 0 1
    outer loop
      vertex 15.1876 113.311 201.5
      vertex 24.5 144 201.5
      vertex 15.2 113.5 201.5
    endloop
  endfacet
  facet normal 0 0 1
    outer loop
      vertex 24.5 144 201.5
      vertex 15.1876 113.689 201.5
      vertex 15.2 113.5 201.5
    endloop
  endfacet
  facet normal 0 0 1
    outer loop
      vertex 24.5 144 201.5
      vertex 15.1506 113.875 201.5
      vertex 15.1876 113.689 201.5
    endloop
  endfacet
  facet normal 0 0 1
    outer loop
      vertex 24.5 144 201.5
      vertex 15.0896 114.055 201.5
      vertex 15.1506 113.875 201.5
    endloop
  endfacet
  facet normal 0 0 1
    outer loop
      vertex 24.5 144 201.5
      vertex 15.0057 114.225 201.5
      vertex 15.0896 114.055 201.5
    endloop
  endfacet
  facet normal 0 0 1
    outer loop
      vertex 24.5 144 201.5
      vertex 14.9004 114.383 201.5
      vertex 15.0057 114.225 201.5
    endloop
  endfacet
  facet normal 0 0 1
    outer loop
      vertex 24.5 144 201.5
      vertex 14.7753 114.525 201.5
      vertex 14.9004 114.383 201.5
    endloop
  endfacet
  facet normal 0 0 1
    outer loop
      vertex 24.5 144 201.5
      vertex 14.6327 114.65 201.5
      vertex 14.7753 114.525 201.5
    endloop
  endfacet
  facet normal 0 0 1
    outer loop
      vertex 24.5 144 201.5
      vertex 14.475 114.756 201.5
      vertex 14.6327 114.65 201.5
    endloop
  endfacet
  facet normal 0 0 1
    outer loop
      vertex 24.5 144 201.5
      vertex 14.3049 114.84 201.5
      vertex 14.475 114.756 201.5
    endloop
  endfacet
  facet normal 0 0 1
    outer loop
      vertex 24.5 144 201.5
      vertex 14.1253 114.901 201.5
      vertex 14.3049 114.84 201.5
    endloop
  endfacet
  facet normal 0 0 1
    outer loop
      vertex 24.5 144 201.5
      vertex 13.9393 114.938 201.5
      vertex 14.1253 114.901 201.5
    endloop
  endfacet
  facet normal 0 0 1
    outer loop
      vertex 24.5 144 201.5
      vertex 13.75 114.95 201.5
      vertex 13.9393 114.938 201.5
    endloop
  endfacet
  facet normal -0 0 1
    outer loop
      vertex 0 139 201.5
      vertex 13.75 114.95 201.5
      vertex 24.5 144 201.5
    endloop
  endfacet
  facet normal 0 0 1
    outer loop
      vertex 13.75 114.95 201.5
      vertex 0 139 201.5
      vertex 13.5607 114.938 201.5
    endloop
  endfacet
  facet normal 0 0 1
    outer loop
      vertex 13.5607 114.938 201.5
      vertex 0 139 201.5
      vertex 13.3747 114.901 201.5
    endloop
  endfacet
  facet normal 0 0 1
    outer loop
      vertex 13.3747 114.901 201.5
      vertex 0 139 201.5
      vertex 13.1951 114.84 201.5
    endloop
  endfacet
  facet normal 0 0 1
    outer loop
      vertex 13.1951 114.84 201.5
      vertex 0 139 201.5
      vertex 13.025 114.756 201.5
    endloop
  endfacet
  facet normal 0 0 1
    outer loop
      vertex 13.025 114.756 201.5
      vertex 0 139 201.5
      vertex 12.8673 114.65 201.5
    endloop
  endfacet
  facet normal 0 0 1
    outer loop
      vertex 12.8673 114.65 201.5
      vertex 0 139 201.5
      vertex 12.7247 114.525 201.5
    endloop
  endfacet
  facet normal 0 0 1
    outer loop
      vertex 12.7247 114.525 201.5
      vertex 0 139 201.5
      vertex 12.5996 114.383 201.5
    endloop
  endfacet
  facet normal 0 0 1
    outer loop
      vertex 12.5996 114.383 201.5
      vertex 0 139 201.5
      vertex 12.4943 114.225 201.5
    endloop
  endfacet
  facet normal 0 0 1
    outer loop
      vertex 12.3124 113.689 201.5
      vertex 0 139 201.5
      vertex 12.3 113.5 201.5
    endloop
  endfacet
  facet normal 0 0 1
    outer loop
      vertex 12.3494 113.875 201.5
      vertex 0 139 201.5
      vertex 12.3124 113.689 201.5
    endloop
  endfacet
  facet normal 0 0 1
    outer loop
      vertex 12.4104 114.055 201.5
      vertex 0 139 201.5
      vertex 12.3494 113.875 201.5
    endloop
  endfacet
  facet normal 0 0 1
    outer loop
      vertex 12.4943 114.225 201.5
      vertex 0 139 201.5
      vertex 12.4104 114.055 201.5
    endloop
  endfacet
  facet normal 0 0 1
    outer loop
      vertex 0 139 201.5
      vertex 24.5 144 201.5
      vertex 8 147 201.5
    endloop
  endfacet
  facet normal -0 0 1
    outer loop
      vertex 8 147 201.5
      vertex 24.5 144 201.5
      vertex 182 147 201.5
    endloop
  endfacet
  facet normal -0 0 1
    outer loop
      vertex 176.25 32.05 201.5
      vertex 190 8 201.5
      vertex 176.439 32.0624 201.5
    endloop
  endfacet
  facet normal 0 0 1
    outer loop
      vertex 165.5 3 201.5
      vertex 190 8 201.5
      vertex 176.25 32.05 201.5
    endloop
  endfacet
  facet normal 0 -0 1
    outer loop
      vertex 182 0 201.5
      vertex 190 8 201.5
      vertex 165.5 3 201.5
    endloop
  endfacet
  facet normal 0 0 1
    outer loop
      vertex 189.932 6.9558 201.5
      vertex 182 0 201.5
      vertex 189.727 5.92944 201.5
    endloop
  endfacet
  facet normal 0 0 1
    outer loop
      vertex 189.391 4.93854 201.5
      vertex 182 0 201.5
      vertex 188.928 4 201.5
    endloop
  endfacet
  facet normal 0 0 1
    outer loop
      vertex 188.928 4 201.5
      vertex 182 0 201.5
      vertex 188.347 3.12991 201.5
    endloop
  endfacet
  facet normal 0 0 1
    outer loop
      vertex 188.347 3.12991 201.5
      vertex 182 0 201.5
      vertex 187.657 2.34314 201.5
    endloop
  endfacet
  facet normal 0 0 1
    outer loop
      vertex 186.87 1.65317 201.5
      vertex 182 0 201.5
      vertex 186 1.07179 201.5
    endloop
  endfacet
  facet normal 0 0 1
    outer loop
      vertex 186 1.07179 201.5
      vertex 182 0 201.5
      vertex 185.061 0.608963 201.5
    endloop
  endfacet
  facet normal 0 0 1
    outer loop
      vertex 185.061 0.608963 201.5
      vertex 182 0 201.5
      vertex 184.071 0.272598 201.5
    endloop
  endfacet
  facet normal 0 0 1
    outer loop
      vertex 184.071 0.272598 201.5
      vertex 182 0 201.5
      vertex 183.044 0.0684357 201.5
    endloop
  endfacet
  facet normal 0 0 1
    outer loop
      vertex 187.657 2.34314 201.5
      vertex 182 0 201.5
      vertex 186.87 1.65317 201.5
    endloop
  endfacet
  facet normal 0 0 1
    outer loop
      vertex 189.727 5.92944 201.5
      vertex 182 0 201.5
      vertex 189.391 4.93854 201.5
    endloop
  endfacet
  facet normal 0 0 1
    outer loop
      vertex 165.5 3 201.5
      vertex 176.25 32.05 201.5
      vertex 176.061 32.0624 201.5
    endloop
  endfacet
  facet normal 0 0 1
    outer loop
      vertex 165.5 3 201.5
      vertex 176.061 32.0624 201.5
      vertex 175.875 32.0994 201.5
    endloop
  endfacet
  facet normal 0 0 1
    outer loop
      vertex 165.5 3 201.5
      vertex 175.875 32.0994 201.5
      vertex 175.695 32.1604 201.5
    endloop
  endfacet
  facet normal 0 0 1
    outer loop
      vertex 165.5 3 201.5
      vertex 175.695 32.1604 201.5
      vertex 175.525 32.2443 201.5
    endloop
  endfacet
  facet normal 0 0 1
    outer loop
      vertex 165.5 3 201.5
      vertex 175.525 32.2443 201.5
      vertex 175.367 32.3496 201.5
    endloop
  endfacet
  facet normal 0 0 1
    outer loop
      vertex 165.5 3 201.5
      vertex 175.367 32.3496 201.5
      vertex 175.225 32.4747 201.5
    endloop
  endfacet
  facet normal 0 0 1
    outer loop
      vertex 165.5 3 201.5
      vertex 175.225 32.4747 201.5
      vertex 175.1 32.6173 201.5
    endloop
  endfacet
  facet normal 0 0 1
    outer loop
      vertex 165.5 3 201.5
      vertex 175.1 32.6173 201.5
      vertex 174.994 32.775 201.5
    endloop
  endfacet
  facet normal 0 0 1
    outer loop
      vertex 165.5 3 201.5
      vertex 174.994 32.775 201.5
      vertex 174.91 32.9451 201.5
    endloop
  endfacet
  facet normal 0 0 1
    outer loop
      vertex 165.5 3 201.5
      vertex 174.91 32.9451 201.5
      vertex 174.849 33.1247 201.5
    endloop
  endfacet
  facet normal 0 0 1
    outer loop
      vertex 174.812 33.6893 201.5
      vertex 165.5 3 201.5
      vertex 174.8 33.5 201.5
    endloop
  endfacet
  facet normal 0 0 1
    outer loop
      vertex 174.8 33.5 201.5
      vertex 165.5 3 201.5
      vertex 174.812 33.3107 201.5
    endloop
  endfacet
  facet normal 0 0 1
    outer loop
      vertex 165.5 3 201.5
      vertex 174.849 33.1247 201.5
      vertex 174.812 33.3107 201.5
    endloop
  endfacet
  facet normal 0 0 1
    outer loop
      vertex 190 8 201.5
      vertex 182 0 201.5
      vertex 189.932 6.9558 201.5
    endloop
  endfacet
  facet normal -0 0 1
    outer loop
      vertex 24.5 3 201.5
      vertex 182 0 201.5
      vertex 165.5 3 201.5
    endloop
  endfacet
  facet normal 0 0 1
    outer loop
      vertex 15.1506 113.125 201.5
      vertex 24.5 144 201.5
      vertex 15.1876 113.311 201.5
    endloop
  endfacet
  facet normal -0 0 1
    outer loop
      vertex 15.1876 33.3107 201.5
      vertex 24.5 3 201.5
      vertex 15.2 33.5 201.5
    endloop
  endfacet
  facet normal -0 0 1
    outer loop
      vertex 15.1506 33.1247 201.5
      vertex 24.5 3 201.5
      vertex 15.1876 33.3107 201.5
    endloop
  endfacet
  facet normal -0 0 1
    outer loop
      vertex 15.0896 32.9451 201.5
      vertex 24.5 3 201.5
      vertex 15.1506 33.1247 201.5
    endloop
  endfacet
  facet normal -0 0 1
    outer loop
      vertex 15.0057 32.775 201.5
      vertex 24.5 3 201.5
      vertex 15.0896 32.9451 201.5
    endloop
  endfacet
  facet normal -0 0 1
    outer loop
      vertex 14.9004 32.6173 201.5
      vertex 24.5 3 201.5
      vertex 15.0057 32.775 201.5
    endloop
  endfacet
  facet normal -0 0 1
    outer loop
      vertex 14.7753 32.4747 201.5
      vertex 24.5 3 201.5
      vertex 14.9004 32.6173 201.5
    endloop
  endfacet
  facet normal -0 0 1
    outer loop
      vertex 14.6327 32.3496 201.5
      vertex 24.5 3 201.5
      vertex 14.7753 32.4747 201.5
    endloop
  endfacet
  facet normal -0 0 1
    outer loop
      vertex 14.475 32.2443 201.5
      vertex 24.5 3 201.5
      vertex 14.6327 32.3496 201.5
    endloop
  endfacet
  facet normal -0 0 1
    outer loop
      vertex 14.3049 32.1604 201.5
      vertex 24.5 3 201.5
      vertex 14.475 32.2443 201.5
    endloop
  endfacet
  facet normal -0 0 1
    outer loop
      vertex 14.1253 32.0994 201.5
      vertex 24.5 3 201.5
      vertex 14.3049 32.1604 201.5
    endloop
  endfacet
  facet normal -0 0 1
    outer loop
      vertex 13.9393 32.0624 201.5
      vertex 24.5 3 201.5
      vertex 14.1253 32.0994 201.5
    endloop
  endfacet
  facet normal -0 0 1
    outer loop
      vertex 13.75 32.05 201.5
      vertex 24.5 3 201.5
      vertex 13.9393 32.0624 201.5
    endloop
  endfacet
  facet normal 0 0 1
    outer loop
      vertex 0 8 201.5
      vertex 13.75 32.05 201.5
      vertex 13.5607 32.0624 201.5
    endloop
  endfacet
  facet normal 0 0 1
    outer loop
      vertex 0 8 201.5
      vertex 13.5607 32.0624 201.5
      vertex 13.3747 32.0994 201.5
    endloop
  endfacet
  facet normal 0 0 1
    outer loop
      vertex 0 8 201.5
      vertex 13.3747 32.0994 201.5
      vertex 13.1951 32.1604 201.5
    endloop
  endfacet
  facet normal 0 0 1
    outer loop
      vertex 0 8 201.5
      vertex 13.1951 32.1604 201.5
      vertex 13.025 32.2443 201.5
    endloop
  endfacet
  facet normal 0 0 1
    outer loop
      vertex 0 8 201.5
      vertex 13.025 32.2443 201.5
      vertex 12.8673 32.3496 201.5
    endloop
  endfacet
  facet normal 0 0 1
    outer loop
      vertex 0 8 201.5
      vertex 12.8673 32.3496 201.5
      vertex 12.7247 32.4747 201.5
    endloop
  endfacet
  facet normal 0 0 1
    outer loop
      vertex 0 8 201.5
      vertex 12.7247 32.4747 201.5
      vertex 12.5996 32.6173 201.5
    endloop
  endfacet
  facet normal 0 0 1
    outer loop
      vertex 0 8 201.5
      vertex 12.5996 32.6173 201.5
      vertex 12.4943 32.775 201.5
    endloop
  endfacet
  facet normal 0 0 1
    outer loop
      vertex 0 8 201.5
      vertex 12.4943 32.775 201.5
      vertex 12.4104 32.9451 201.5
    endloop
  endfacet
  facet normal 0 0 1
    outer loop
      vertex 24.5 3 201.5
      vertex 8 0 201.5
      vertex 182 0 201.5
    endloop
  endfacet
  facet normal 0 0 1
    outer loop
      vertex 13.75 32.05 201.5
      vertex 0 8 201.5
      vertex 24.5 3 201.5
    endloop
  endfacet
  facet normal 0 0 1
    outer loop
      vertex 0 8 201.5
      vertex 12.4104 32.9451 201.5
      vertex 12.3494 33.1247 201.5
    endloop
  endfacet
  facet normal 0 0 1
    outer loop
      vertex 0 8 201.5
      vertex 12.3494 33.1247 201.5
      vertex 12.3124 33.3107 201.5
    endloop
  endfacet
  facet normal 0 0 1
    outer loop
      vertex 0 8 201.5
      vertex 12.3124 33.3107 201.5
      vertex 12.3 33.5 201.5
    endloop
  endfacet
  facet normal 0 0 1
    outer loop
      vertex 12.3494 33.8753 201.5
      vertex 0 8 201.5
      vertex 12.3124 33.6893 201.5
    endloop
  endfacet
  facet normal 0 0 1
    outer loop
      vertex 0 139 201.5
      vertex 8 147 201.5
      vertex 6.9558 146.932 201.5
    endloop
  endfacet
  facet normal 0 0 1
    outer loop
      vertex 12.3124 33.6893 201.5
      vertex 0 8 201.5
      vertex 12.3 33.5 201.5
    endloop
  endfacet
  facet normal 0 0 1
    outer loop
      vertex 0 139 201.5
      vertex 6.9558 146.932 201.5
      vertex 5.92944 146.727 201.5
    endloop
  endfacet
  facet normal 0 0 1
    outer loop
      vertex 24.5 3 201.5
      vertex 0 8 201.5
      vertex 8 0 201.5
    endloop
  endfacet
  facet normal 0 0 1
    outer loop
      vertex 0 139 201.5
      vertex 5.92944 146.727 201.5
      vertex 4.93854 146.391 201.5
    endloop
  endfacet
  facet normal 0 0 1
    outer loop
      vertex 8 0 201.5
      vertex 0 8 201.5
      vertex 6.9558 0.0684357 201.5
    endloop
  endfacet
  facet normal 0 0 1
    outer loop
      vertex 0 139 201.5
      vertex 4.93854 146.391 201.5
      vertex 4 145.928 201.5
    endloop
  endfacet
  facet normal 0 0 1
    outer loop
      vertex 6.9558 0.0684357 201.5
      vertex 0 8 201.5
      vertex 5.92944 0.272598 201.5
    endloop
  endfacet
  facet normal 0 0 1
    outer loop
      vertex 0 139 201.5
      vertex 4 145.928 201.5
      vertex 3.12991 145.347 201.5
    endloop
  endfacet
  facet normal 0 0 1
    outer loop
      vertex 5.92944 0.272598 201.5
      vertex 0 8 201.5
      vertex 4.93854 0.608963 201.5
    endloop
  endfacet
  facet normal 0 0 1
    outer loop
      vertex 0 139 201.5
      vertex 3.12991 145.347 201.5
      vertex 2.34314 144.657 201.5
    endloop
  endfacet
  facet normal 0 0 1
    outer loop
      vertex 4.93854 0.608963 201.5
      vertex 0 8 201.5
      vertex 4 1.07179 201.5
    endloop
  endfacet
  facet normal 0 0 1
    outer loop
      vertex 0 139 201.5
      vertex 2.34314 144.657 201.5
      vertex 1.65317 143.87 201.5
    endloop
  endfacet
  facet normal 0 0 1
    outer loop
      vertex 4 1.07179 201.5
      vertex 0 8 201.5
      vertex 3.12991 1.65317 201.5
    endloop
  endfacet
  facet normal 0 0 1
    outer loop
      vertex 0 139 201.5
      vertex 1.65317 143.87 201.5
      vertex 1.07179 143 201.5
    endloop
  endfacet
  facet normal 0 0 1
    outer loop
      vertex 3.12991 1.65317 201.5
      vertex 0 8 201.5
      vertex 2.34314 2.34314 201.5
    endloop
  endfacet
  facet normal 0 0 1
    outer loop
      vertex 0 139 201.5
      vertex 1.07179 143 201.5
      vertex 0.608963 142.061 201.5
    endloop
  endfacet
  facet normal 0 0 1
    outer loop
      vertex 2.34314 2.34314 201.5
      vertex 0 8 201.5
      vertex 1.65317 3.12991 201.5
    endloop
  endfacet
  facet normal 0 0 1
    outer loop
      vertex 0 139 201.5
      vertex 0.608963 142.061 201.5
      vertex 0.272598 141.071 201.5
    endloop
  endfacet
  facet normal 0 0 1
    outer loop
      vertex 1.65317 3.12991 201.5
      vertex 0 8 201.5
      vertex 1.07179 4 201.5
    endloop
  endfacet
  facet normal 0 0 1
    outer loop
      vertex 0 139 201.5
      vertex 0.272598 141.071 201.5
      vertex 0.0684357 140.044 201.5
    endloop
  endfacet
  facet normal 0 0 1
    outer loop
      vertex 1.07179 4 201.5
      vertex 0 8 201.5
      vertex 0.608963 4.93854 201.5
    endloop
  endfacet
  facet normal 0 0 1
    outer loop
      vertex 0.608963 4.93854 201.5
      vertex 0 8 201.5
      vertex 0.272598 5.92944 201.5
    endloop
  endfacet
  facet normal 0 0 1
    outer loop
      vertex 0.272598 5.92944 201.5
      vertex 0 8 201.5
      vertex 0.0684357 6.9558 201.5
    endloop
  endfacet
  facet normal 0.946948 0.321388 0
    outer loop
      vertex 189.727 141.071 201.5
      vertex 189.391 142.061 0
      vertex 189.391 142.061 201.5
    endloop
  endfacet
  facet normal 0.946948 0.321388 0
    outer loop
      vertex 189.391 142.061 0
      vertex 189.727 141.071 201.5
      vertex 189.727 141.071 0
    endloop
  endfacet
  facet normal -0.751844 -0.659341 0
    outer loop
      vertex 2.34314 2.34314 0
      vertex 1.65317 3.12991 201.5
      vertex 1.65317 3.12991 0
    endloop
  endfacet
  facet normal -0.751844 -0.659341 0
    outer loop
      vertex 1.65317 3.12991 201.5
      vertex 2.34314 2.34314 0
      vertex 2.34314 2.34314 201.5
    endloop
  endfacet
  facet normal 0.896811 -0.442414 0
    outer loop
      vertex 188.928 4 201.5
      vertex 189.391 4.93854 0
      vertex 189.391 4.93854 201.5
    endloop
  endfacet
  facet normal 0.896811 -0.442414 0
    outer loop
      vertex 189.391 4.93854 0
      vertex 188.928 4 201.5
      vertex 188.928 4 0
    endloop
  endfacet
  facet normal 0.947036 -0.321126 0
    outer loop
      vertex 189.391 4.93854 201.5
      vertex 189.727 5.92944 0
      vertex 189.727 5.92944 201.5
    endloop
  endfacet
  facet normal 0.947036 -0.321126 0
    outer loop
      vertex 189.727 5.92944 0
      vertex 189.391 4.93854 201.5
      vertex 189.391 4.93854 0
    endloop
  endfacet
  facet normal 0.997886 -0.064984 0
    outer loop
      vertex 189.932 6.9558 201.5
      vertex 190 8 0
      vertex 190 8 201.5
    endloop
  endfacet
  facet normal 0.997886 -0.064984 0
    outer loop
      vertex 190 8 0
      vertex 189.932 6.9558 201.5
      vertex 189.932 6.9558 0
    endloop
  endfacet
  facet normal -0.980807 0.194979 0
    outer loop
      vertex 0.0684357 140.044 0
      vertex 0.272598 141.071 201.5
      vertex 0.272598 141.071 0
    endloop
  endfacet
  facet normal -0.980807 0.194979 0
    outer loop
      vertex 0.272598 141.071 201.5
      vertex 0.0684357 140.044 0
      vertex 0.0684357 140.044 201.5
    endloop
  endfacet
  facet normal -0.659357 0.75183 0
    outer loop
      vertex 3.12991 145.347 0
      vertex 2.34314 144.657 201.5
      vertex 3.12991 145.347 201.5
    endloop
  endfacet
  facet normal -0.659357 0.75183 0
    outer loop
      vertex 2.34314 144.657 201.5
      vertex 3.12991 145.347 0
      vertex 2.34314 144.657 0
    endloop
  endfacet
  facet normal 0.831635 -0.555322 0
    outer loop
      vertex 188.347 3.12991 201.5
      vertex 188.928 4 0
      vertex 188.928 4 201.5
    endloop
  endfacet
  facet normal 0.831635 -0.555322 0
    outer loop
      vertex 188.928 4 0
      vertex 188.347 3.12991 201.5
      vertex 188.347 3.12991 0
    endloop
  endfacet
  facet normal 0 0 -1
    outer loop
      vertex 164 128 0
      vertex 187 130 0
      vertex 187 128 0
    endloop
  endfacet
  facet normal -0 0 -1
    outer loop
      vertex 187 130 0
      vertex 164 128 0
      vertex 164 130 0
    endloop
  endfacet
  facet normal 0 0 -1
    outer loop
      vertex 170.3 115 0
      vertex 187 117 0
      vertex 187 115 0
    endloop
  endfacet
  facet normal -0 0 -1
    outer loop
      vertex 187 117 0
      vertex 170.3 115 0
      vertex 170.3 117 0
    endloop
  endfacet
  facet normal 0 0 -1
    outer loop
      vertex 170.3 92 0
      vertex 187 94 0
      vertex 187 92 0
    endloop
  endfacet
  facet normal -0 0 -1
    outer loop
      vertex 187 94 0
      vertex 170.3 92 0
      vertex 170.3 94 0
    endloop
  endfacet
  facet normal 0 0 -1
    outer loop
      vertex 170.3 53 0
      vertex 187 55 0
      vertex 187 53 0
    endloop
  endfacet
  facet normal -0 0 -1
    outer loop
      vertex 187 55 0
      vertex 170.3 53 0
      vertex 170.3 55 0
    endloop
  endfacet
  facet normal 0 0 -1
    outer loop
      vertex 170.3 30 0
      vertex 187 32 0
      vertex 187 30 0
    endloop
  endfacet
  facet normal -0 0 -1
    outer loop
      vertex 187 32 0
      vertex 170.3 30 0
      vertex 170.3 32 0
    endloop
  endfacet
  facet normal 0 0 -1
    outer loop
      vertex 179 16 0
      vertex 187 20 0
      vertex 187 8 0
    endloop
  endfacet
  facet normal 0 0 -1
    outer loop
      vertex 164 20 0
      vertex 179 16 0
      vertex 164 16 0
    endloop
  endfacet
  facet normal 0 0 -1
    outer loop
      vertex 179 16 0
      vertex 164 20 0
      vertex 187 20 0
    endloop
  endfacet
  facet normal 0 0 -1
    outer loop
      vertex 187 53 0
      vertex 190 86.8 0
      vertex 190 8 0
    endloop
  endfacet
  facet normal 0 0 -1
    outer loop
      vertex 187 92 0
      vertex 190 86.8 0
      vertex 187 55 0
    endloop
  endfacet
  facet normal 0 0 -1
    outer loop
      vertex 187 8 0
      vertex 190 8 0
      vertex 189.932 6.9558 0
    endloop
  endfacet
  facet normal 0 0 -1
    outer loop
      vertex 190 86.8 0
      vertex 187 92 0
      vertex 190 98.8 0
    endloop
  endfacet
  facet normal 0 0 -1
    outer loop
      vertex 186.957 7.34737 0
      vertex 189.932 6.9558 0
      vertex 189.727 5.92944 0
    endloop
  endfacet
  facet normal 0 0 -1
    outer loop
      vertex 187 94 0
      vertex 190 98.8 0
      vertex 187 92 0
    endloop
  endfacet
  facet normal 0 0 -1
    outer loop
      vertex 186.83 6.7059 0
      vertex 189.727 5.92944 0
      vertex 189.391 4.93854 0
    endloop
  endfacet
  facet normal 0 0 -1
    outer loop
      vertex 187 115 0
      vertex 190 98.8 0
      vertex 187 94 0
    endloop
  endfacet
  facet normal 0 0 -1
    outer loop
      vertex 186.619 6.08658 0
      vertex 189.391 4.93854 0
      vertex 188.928 4 0
    endloop
  endfacet
  facet normal 0 0 -1
    outer loop
      vertex 187 117 0
      vertex 190 98.8 0
      vertex 187 115 0
    endloop
  endfacet
  facet normal 0 0 -1
    outer loop
      vertex 186.33 5.5 0
      vertex 188.928 4 0
      vertex 188.347 3.12991 0
    endloop
  endfacet
  facet normal 0 0 -1
    outer loop
      vertex 190 98.8 0
      vertex 187 117 0
      vertex 190 139 0
    endloop
  endfacet
  facet normal 0 0 -1
    outer loop
      vertex 185.967 4.95619 0
      vertex 188.347 3.12991 0
      vertex 187.657 2.34314 0
    endloop
  endfacet
  facet normal 0 0 -1
    outer loop
      vertex 190 86.8 0
      vertex 187 53 0
      vertex 187 55 0
    endloop
  endfacet
  facet normal 0 0 -1
    outer loop
      vertex 190 8 0
      vertex 187 8 0
      vertex 187 20 0
    endloop
  endfacet
  facet normal 0 0 -1
    outer loop
      vertex 189.932 6.9558 0
      vertex 186.957 7.34737 0
      vertex 187 8 0
    endloop
  endfacet
  facet normal 0 0 -1
    outer loop
      vertex 185.536 4.46446 0
      vertex 187.657 2.34314 0
      vertex 186.87 1.65317 0
    endloop
  endfacet
  facet normal 0 0 -1
    outer loop
      vertex 189.727 5.92944 0
      vertex 186.83 6.7059 0
      vertex 186.957 7.34737 0
    endloop
  endfacet
  facet normal 0 0 -1
    outer loop
      vertex 189.391 4.93854 0
      vertex 186.619 6.08658 0
      vertex 186.83 6.7059 0
    endloop
  endfacet
  facet normal 0 0 -1
    outer loop
      vertex 188.928 4 0
      vertex 186.33 5.5 0
      vertex 186.619 6.08658 0
    endloop
  endfacet
  facet normal 0 0 -1
    outer loop
      vertex 185.044 4.03323 0
      vertex 186.87 1.65317 0
      vertex 186 1.07179 0
    endloop
  endfacet
  facet normal 0 0 -1
    outer loop
      vertex 188.347 3.12991 0
      vertex 185.967 4.95619 0
      vertex 186.33 5.5 0
    endloop
  endfacet
  facet normal 0 0 -1
    outer loop
      vertex 187.657 2.34314 0
      vertex 185.536 4.46446 0
      vertex 185.967 4.95619 0
    endloop
  endfacet
  facet normal 0 0 -1
    outer loop
      vertex 184.5 3.66988 0
      vertex 186 1.07179 0
      vertex 185.061 0.608963 0
    endloop
  endfacet
  facet normal 0 0 -1
    outer loop
      vertex 186.87 1.65317 0
      vertex 185.044 4.03323 0
      vertex 185.536 4.46446 0
    endloop
  endfacet
  facet normal 0 0 -1
    outer loop
      vertex 186 1.07179 0
      vertex 184.5 3.66988 0
      vertex 185.044 4.03323 0
    endloop
  endfacet
  facet normal 0 0 -1
    outer loop
      vertex 183.913 3.3806 0
      vertex 185.061 0.608963 0
      vertex 184.071 0.272598 0
    endloop
  endfacet
  facet normal 0 0 -1
    outer loop
      vertex 185.061 0.608963 0
      vertex 183.913 3.3806 0
      vertex 184.5 3.66988 0
    endloop
  endfacet
  facet normal 0 0 -1
    outer loop
      vertex 184.071 0.272598 0
      vertex 183.294 3.17036 0
      vertex 183.913 3.3806 0
    endloop
  endfacet
  facet normal 0 0 -1
    outer loop
      vertex 183.044 0.0684357 0
      vertex 183.294 3.17036 0
      vertex 184.071 0.272598 0
    endloop
  endfacet
  facet normal 0 0 -1
    outer loop
      vertex 183.044 0.0684357 0
      vertex 182.653 3.04277 0
      vertex 183.294 3.17036 0
    endloop
  endfacet
  facet normal 0 0 -1
    outer loop
      vertex 182 0 0
      vertex 182.653 3.04277 0
      vertex 183.044 0.0684357 0
    endloop
  endfacet
  facet normal 0 0 -1
    outer loop
      vertex 182 0 0
      vertex 182 3 0
      vertex 182.653 3.04277 0
    endloop
  endfacet
  facet normal 0 0 -1
    outer loop
      vertex 8 0 0
      vertex 182 3 0
      vertex 182 0 0
    endloop
  endfacet
  facet normal 0 0 -1
    outer loop
      vertex 8 0 0
      vertex 8 3 0
      vertex 182 3 0
    endloop
  endfacet
  facet normal 0 0 -1
    outer loop
      vertex 8 0 0
      vertex 7.34737 3.04277 0
      vertex 8 3 0
    endloop
  endfacet
  facet normal 0 0 -1
    outer loop
      vertex 6.9558 0.0684357 0
      vertex 7.34737 3.04277 0
      vertex 8 0 0
    endloop
  endfacet
  facet normal 0 0 -1
    outer loop
      vertex 6.9558 0.0684357 0
      vertex 6.7059 3.17036 0
      vertex 7.34737 3.04277 0
    endloop
  endfacet
  facet normal 0 0 -1
    outer loop
      vertex 5.92944 0.272598 0
      vertex 6.7059 3.17036 0
      vertex 6.9558 0.0684357 0
    endloop
  endfacet
  facet normal -0 0 -1
    outer loop
      vertex 6.7059 3.17036 0
      vertex 5.92944 0.272598 0
      vertex 6.08658 3.3806 0
    endloop
  endfacet
  facet normal 0 0 -1
    outer loop
      vertex 4.93854 0.608963 0
      vertex 6.08658 3.3806 0
      vertex 5.92944 0.272598 0
    endloop
  endfacet
  facet normal -0 0 -1
    outer loop
      vertex 6.08658 3.3806 0
      vertex 4.93854 0.608963 0
      vertex 5.5 3.66988 0
    endloop
  endfacet
  facet normal 0 0 -1
    outer loop
      vertex 4 1.07179 0
      vertex 5.5 3.66988 0
      vertex 4.93854 0.608963 0
    endloop
  endfacet
  facet normal -0 0 -1
    outer loop
      vertex 5.5 3.66988 0
      vertex 4 1.07179 0
      vertex 4.95619 4.03323 0
    endloop
  endfacet
  facet normal 0 0 -1
    outer loop
      vertex 3.12991 1.65317 0
      vertex 4.95619 4.03323 0
      vertex 4 1.07179 0
    endloop
  endfacet
  facet normal -0 0 -1
    outer loop
      vertex 4.95619 4.03323 0
      vertex 3.12991 1.65317 0
      vertex 4.46446 4.46446 0
    endloop
  endfacet
  facet normal 0 0 -1
    outer loop
      vertex 2.34314 2.34314 0
      vertex 4.46446 4.46446 0
      vertex 3.12991 1.65317 0
    endloop
  endfacet
  facet normal -0 0 -1
    outer loop
      vertex 4.46446 4.46446 0
      vertex 2.34314 2.34314 0
      vertex 4.03323 4.95619 0
    endloop
  endfacet
  facet normal 0 0 -1
    outer loop
      vertex 1.65317 3.12991 0
      vertex 4.03323 4.95619 0
      vertex 2.34314 2.34314 0
    endloop
  endfacet
  facet normal -0 0 -1
    outer loop
      vertex 4.03323 4.95619 0
      vertex 1.65317 3.12991 0
      vertex 3.66988 5.5 0
    endloop
  endfacet
  facet normal 0 0 -1
    outer loop
      vertex 1.07179 4 0
      vertex 3.66988 5.5 0
      vertex 1.65317 3.12991 0
    endloop
  endfacet
  facet normal -0 0 -1
    outer loop
      vertex 3.66988 5.5 0
      vertex 1.07179 4 0
      vertex 3.3806 6.08658 0
    endloop
  endfacet
  facet normal 0 0 -1
    outer loop
      vertex 0 8 0
      vertex 3 20 0
      vertex 3 8 0
    endloop
  endfacet
  facet normal -0 0 -1
    outer loop
      vertex 3 20 0
      vertex 0 8 0
      vertex 3 30 0
    endloop
  endfacet
  facet normal -0 0 -1
    outer loop
      vertex 3 30 0
      vertex 0 8 0
      vertex 3 32 0
    endloop
  endfacet
  facet normal -0 0 -1
    outer loop
      vertex 3 32 0
      vertex 0 8 0
      vertex 3 53 0
    endloop
  endfacet
  facet normal -0 0 -1
    outer loop
      vertex 3 53 0
      vertex 0 8 0
      vertex 3 55 0
    endloop
  endfacet
  facet normal -0 0 -1
    outer loop
      vertex 3 55 0
      vertex 0 8 0
      vertex 3 92 0
    endloop
  endfacet
  facet normal 0 0 -1
    outer loop
      vertex 0 139 0
      vertex 3 92 0
      vertex 0 8 0
    endloop
  endfacet
  facet normal 0 0 -1
    outer loop
      vertex 3 92 0
      vertex 0 139 0
      vertex 3 94 0
    endloop
  endfacet
  facet normal 0 0 -1
    outer loop
      vertex 3 94 0
      vertex 0 139 0
      vertex 3 115 0
    endloop
  endfacet
  facet normal 0 0 -1
    outer loop
      vertex 3 115 0
      vertex 0 139 0
      vertex 3 117 0
    endloop
  endfacet
  facet normal 0 0 -1
    outer loop
      vertex 3 117 0
      vertex 0 139 0
      vertex 3 128 0
    endloop
  endfacet
  facet normal -0 0 -1
    outer loop
      vertex 3.3806 6.08658 0
      vertex 0.608963 4.93854 0
      vertex 3.17036 6.7059 0
    endloop
  endfacet
  facet normal 0 0 -1
    outer loop
      vertex 0.608963 4.93854 0
      vertex 3.3806 6.08658 0
      vertex 1.07179 4 0
    endloop
  endfacet
  facet normal 0 0 -1
    outer loop
      vertex 190 86.8 0
      vertex 198 98.8 0
      vertex 198 86.8 0
    endloop
  endfacet
  facet normal -0 0 -1
    outer loop
      vertex 198 98.8 0
      vertex 190 86.8 0
      vertex 190 98.8 0
    endloop
  endfacet
  facet normal 0 0 -1
    outer loop
      vertex 190 8 0
      vertex 187 20 0
      vertex 187 30 0
    endloop
  endfacet
  facet normal 0 0 -1
    outer loop
      vertex 190 8 0
      vertex 187 30 0
      vertex 187 32 0
    endloop
  endfacet
  facet normal 0 0 -1
    outer loop
      vertex 190 8 0
      vertex 187 32 0
      vertex 187 53 0
    endloop
  endfacet
  facet normal 0 0 -1
    outer loop
      vertex 187 128 0
      vertex 190 139 0
      vertex 187 117 0
    endloop
  endfacet
  facet normal 0 0 -1
    outer loop
      vertex 187 130 0
      vertex 190 139 0
      vertex 187 128 0
    endloop
  endfacet
  facet normal 0 0 -1
    outer loop
      vertex 187 139 0
      vertex 190 139 0
      vertex 187 130 0
    endloop
  endfacet
  facet normal 0 0 -1
    outer loop
      vertex 190 139 0
      vertex 187 139 0
      vertex 189.932 140.044 0
    endloop
  endfacet
  facet normal 0 0 -1
    outer loop
      vertex 186.957 139.653 0
      vertex 189.932 140.044 0
      vertex 187 139 0
    endloop
  endfacet
  facet normal -0 0 -1
    outer loop
      vertex 189.932 140.044 0
      vertex 186.957 139.653 0
      vertex 189.727 141.071 0
    endloop
  endfacet
  facet normal 0 0 -1
    outer loop
      vertex 186.83 140.294 0
      vertex 189.727 141.071 0
      vertex 186.957 139.653 0
    endloop
  endfacet
  facet normal -0 0 -1
    outer loop
      vertex 189.727 141.071 0
      vertex 186.83 140.294 0
      vertex 189.391 142.061 0
    endloop
  endfacet
  facet normal 0 0 -1
    outer loop
      vertex 186.619 140.913 0
      vertex 189.391 142.061 0
      vertex 186.83 140.294 0
    endloop
  endfacet
  facet normal -0 0 -1
    outer loop
      vertex 189.391 142.061 0
      vertex 186.619 140.913 0
      vertex 188.928 143 0
    endloop
  endfacet
  facet normal 0 0 -1
    outer loop
      vertex 186.33 141.5 0
      vertex 188.928 143 0
      vertex 186.619 140.913 0
    endloop
  endfacet
  facet normal -0 0 -1
    outer loop
      vertex 188.928 143 0
      vertex 186.33 141.5 0
      vertex 188.347 143.87 0
    endloop
  endfacet
  facet normal 0 0 -1
    outer loop
      vertex 185.967 142.044 0
      vertex 188.347 143.87 0
      vertex 186.33 141.5 0
    endloop
  endfacet
  facet normal -0 0 -1
    outer loop
      vertex 188.347 143.87 0
      vertex 185.967 142.044 0
      vertex 187.657 144.657 0
    endloop
  endfacet
  facet normal 0 0 -1
    outer loop
      vertex 185.536 142.536 0
      vertex 187.657 144.657 0
      vertex 185.967 142.044 0
    endloop
  endfacet
  facet normal -0 0 -1
    outer loop
      vertex 187.657 144.657 0
      vertex 185.536 142.536 0
      vertex 186.87 145.347 0
    endloop
  endfacet
  facet normal 0 0 -1
    outer loop
      vertex 185.044 142.967 0
      vertex 186.87 145.347 0
      vertex 185.536 142.536 0
    endloop
  endfacet
  facet normal -0 0 -1
    outer loop
      vertex 186.87 145.347 0
      vertex 185.044 142.967 0
      vertex 186 145.928 0
    endloop
  endfacet
  facet normal 0 0 -1
    outer loop
      vertex 184.5 143.33 0
      vertex 186 145.928 0
      vertex 185.044 142.967 0
    endloop
  endfacet
  facet normal -0 0 -1
    outer loop
      vertex 186 145.928 0
      vertex 184.5 143.33 0
      vertex 185.061 146.391 0
    endloop
  endfacet
  facet normal 0 0 -1
    outer loop
      vertex 183.913 143.619 0
      vertex 185.061 146.391 0
      vertex 184.5 143.33 0
    endloop
  endfacet
  facet normal -0 0 -1
    outer loop
      vertex 185.061 146.391 0
      vertex 183.913 143.619 0
      vertex 184.071 146.727 0
    endloop
  endfacet
  facet normal 0 0 -1
    outer loop
      vertex 183.294 143.83 0
      vertex 184.071 146.727 0
      vertex 183.913 143.619 0
    endloop
  endfacet
  facet normal 0 0 -1
    outer loop
      vertex 183.294 143.83 0
      vertex 183.044 146.932 0
      vertex 184.071 146.727 0
    endloop
  endfacet
  facet normal 0 0 -1
    outer loop
      vertex 182.653 143.957 0
      vertex 183.044 146.932 0
      vertex 183.294 143.83 0
    endloop
  endfacet
  facet normal 0 0 -1
    outer loop
      vertex 182 144 0
      vertex 183.044 146.932 0
      vertex 182.653 143.957 0
    endloop
  endfacet
  facet normal 0 0 -1
    outer loop
      vertex 182 144 0
      vertex 182 147 0
      vertex 183.044 146.932 0
    endloop
  endfacet
  facet normal 0 0 -1
    outer loop
      vertex 8 144 0
      vertex 182 147 0
      vertex 182 144 0
    endloop
  endfacet
  facet normal 0 0 -1
    outer loop
      vertex 8 144 0
      vertex 8 147 0
      vertex 182 147 0
    endloop
  endfacet
  facet normal 0 0 -1
    outer loop
      vertex 7.34737 143.957 0
      vertex 8 147 0
      vertex 8 144 0
    endloop
  endfacet
  facet normal 0 0 -1
    outer loop
      vertex 7.34737 143.957 0
      vertex 6.9558 146.932 0
      vertex 8 147 0
    endloop
  endfacet
  facet normal 0 0 -1
    outer loop
      vertex 6.7059 143.83 0
      vertex 6.9558 146.932 0
      vertex 7.34737 143.957 0
    endloop
  endfacet
  facet normal 0 0 -1
    outer loop
      vertex 5.92944 146.727 0
      vertex 6.7059 143.83 0
      vertex 6.08658 143.619 0
    endloop
  endfacet
  facet normal 0 0 -1
    outer loop
      vertex 6.7059 143.83 0
      vertex 5.92944 146.727 0
      vertex 6.9558 146.932 0
    endloop
  endfacet
  facet normal 0 0 -1
    outer loop
      vertex 4.93854 146.391 0
      vertex 6.08658 143.619 0
      vertex 5.5 143.33 0
    endloop
  endfacet
  facet normal 0 0 -1
    outer loop
      vertex 4 145.928 0
      vertex 5.5 143.33 0
      vertex 4.95619 142.967 0
    endloop
  endfacet
  facet normal 0 0 -1
    outer loop
      vertex 6.08658 143.619 0
      vertex 4.93854 146.391 0
      vertex 5.92944 146.727 0
    endloop
  endfacet
  facet normal 0 0 -1
    outer loop
      vertex 3.12991 145.347 0
      vertex 4.95619 142.967 0
      vertex 4.46446 142.536 0
    endloop
  endfacet
  facet normal 0 0 -1
    outer loop
      vertex 2.34314 144.657 0
      vertex 4.46446 142.536 0
      vertex 4.03323 142.044 0
    endloop
  endfacet
  facet normal 0 0 -1
    outer loop
      vertex 5.5 143.33 0
      vertex 4 145.928 0
      vertex 4.93854 146.391 0
    endloop
  endfacet
  facet normal 0 0 -1
    outer loop
      vertex 1.65317 143.87 0
      vertex 4.03323 142.044 0
      vertex 3.66988 141.5 0
    endloop
  endfacet
  facet normal 0 0 -1
    outer loop
      vertex 1.07179 143 0
      vertex 3.66988 141.5 0
      vertex 3.3806 140.913 0
    endloop
  endfacet
  facet normal 0 0 -1
    outer loop
      vertex 0.608963 142.061 0
      vertex 3.3806 140.913 0
      vertex 3.17036 140.294 0
    endloop
  endfacet
  facet normal 0 0 -1
    outer loop
      vertex 4.95619 142.967 0
      vertex 3.12991 145.347 0
      vertex 4 145.928 0
    endloop
  endfacet
  facet normal 0 0 -1
    outer loop
      vertex 0.272598 141.071 0
      vertex 3.17036 140.294 0
      vertex 3.04277 139.653 0
    endloop
  endfacet
  facet normal 0 0 -1
    outer loop
      vertex 0.0684357 140.044 0
      vertex 3.04277 139.653 0
      vertex 3 139 0
    endloop
  endfacet
  facet normal 0 0 -1
    outer loop
      vertex 4.46446 142.536 0
      vertex 2.34314 144.657 0
      vertex 3.12991 145.347 0
    endloop
  endfacet
  facet normal 0 0 -1
    outer loop
      vertex 3 128 0
      vertex 0 139 0
      vertex 3 130 0
    endloop
  endfacet
  facet normal 0 0 -1
    outer loop
      vertex 0.272598 5.92944 0
      vertex 3.17036 6.7059 0
      vertex 0.608963 4.93854 0
    endloop
  endfacet
  facet normal 0 0 -1
    outer loop
      vertex 3 130 0
      vertex 0 139 0
      vertex 3 139 0
    endloop
  endfacet
  facet normal -0 0 -1
    outer loop
      vertex 3.17036 6.7059 0
      vertex 0.272598 5.92944 0
      vertex 3.04277 7.34737 0
    endloop
  endfacet
  facet normal 0 -0 -1
    outer loop
      vertex 0.0684357 140.044 0
      vertex 3 139 0
      vertex 0 139 0
    endloop
  endfacet
  facet normal 0 0 -1
    outer loop
      vertex 0.0684357 6.9558 0
      vertex 3.04277 7.34737 0
      vertex 0.272598 5.92944 0
    endloop
  endfacet
  facet normal 0 0 -1
    outer loop
      vertex 4.03323 142.044 0
      vertex 1.65317 143.87 0
      vertex 2.34314 144.657 0
    endloop
  endfacet
  facet normal -0 0 -1
    outer loop
      vertex 3.04277 7.34737 0
      vertex 0.0684357 6.9558 0
      vertex 3 8 0
    endloop
  endfacet
  facet normal 0 0 -1
    outer loop
      vertex 3.66988 141.5 0
      vertex 1.07179 143 0
      vertex 1.65317 143.87 0
    endloop
  endfacet
  facet normal -0 0 -1
    outer loop
      vertex 3 8 0
      vertex 0.0684357 6.9558 0
      vertex 0 8 0
    endloop
  endfacet
  facet normal 0 0 -1
    outer loop
      vertex 3.3806 140.913 0
      vertex 0.608963 142.061 0
      vertex 1.07179 143 0
    endloop
  endfacet
  facet normal 0 0 -1
    outer loop
      vertex 3.17036 140.294 0
      vertex 0.272598 141.071 0
      vertex 0.608963 142.061 0
    endloop
  endfacet
  facet normal 0 0 -1
    outer loop
      vertex 3.04277 139.653 0
      vertex 0.0684357 140.044 0
      vertex 0.272598 141.071 0
    endloop
  endfacet
  facet normal 0 0 -1
    outer loop
      vertex 11 16 0
      vertex 26 20 0
      vertex 26 16 0
    endloop
  endfacet
  facet normal 0 0 -1
    outer loop
      vertex 11 16 0
      vertex 3 20 0
      vertex 26 20 0
    endloop
  endfacet
  facet normal 0 0 -1
    outer loop
      vertex 3 20 0
      vertex 11 16 0
      vertex 3 8 0
    endloop
  endfacet
  facet normal 0 0 -1
    outer loop
      vertex 3 30 0
      vertex 19.7 32 0
      vertex 19.7 30 0
    endloop
  endfacet
  facet normal -0 0 -1
    outer loop
      vertex 19.7 32 0
      vertex 3 30 0
      vertex 3 32 0
    endloop
  endfacet
  facet normal 0 0 -1
    outer loop
      vertex 3 53 0
      vertex 19.7 55 0
      vertex 19.7 53 0
    endloop
  endfacet
  facet normal -0 0 -1
    outer loop
      vertex 19.7 55 0
      vertex 3 53 0
      vertex 3 55 0
    endloop
  endfacet
  facet normal 0 0 -1
    outer loop
      vertex 3 92 0
      vertex 19.7 94 0
      vertex 19.7 92 0
    endloop
  endfacet
  facet normal -0 0 -1
    outer loop
      vertex 19.7 94 0
      vertex 3 92 0
      vertex 3 94 0
    endloop
  endfacet
  facet normal 0 0 -1
    outer loop
      vertex 3 115 0
      vertex 19.7 117 0
      vertex 19.7 115 0
    endloop
  endfacet
  facet normal -0 0 -1
    outer loop
      vertex 19.7 117 0
      vertex 3 115 0
      vertex 3 117 0
    endloop
  endfacet
  facet normal 0 0 -1
    outer loop
      vertex 3 128 0
      vertex 26 130 0
      vertex 26 128 0
    endloop
  endfacet
  facet normal -0 0 -1
    outer loop
      vertex 26 130 0
      vertex 3 128 0
      vertex 3 130 0
    endloop
  endfacet
  facet normal -0.946572 0.322493 0
    outer loop
      vertex 186.619 6.08658 0
      vertex 186.83 6.7059 140.17
      vertex 186.83 6.7059 0
    endloop
  endfacet
  facet normal -0.946572 0.322493 0
    outer loop
      vertex 186.83 6.7059 140.17
      vertex 186.619 6.08658 0
      vertex 186.619 6.08658 140.381
    endloop
  endfacet
  facet normal -0.321601 0.946875 0
    outer loop
      vertex 183.294 3.17036 0
      vertex 183.913 3.3806 155.587
      vertex 183.913 3.3806 0
    endloop
  endfacet
  facet normal -0.321601 0.946875 0
    outer loop
      vertex 183.913 3.3806 155.587
      vertex 183.294 3.17036 0
      vertex 183.294 3.17036 156.206
    endloop
  endfacet
  facet normal -0.195219 0.98076 0
    outer loop
      vertex 182.653 3.04277 0
      vertex 183.294 3.17036 156.206
      vertex 183.294 3.17036 0
    endloop
  endfacet
  facet normal -0.195219 0.98076 0
    outer loop
      vertex 183.294 3.17036 156.206
      vertex 182.653 3.04277 0
      vertex 182.653 3.04277 156.847
    endloop
  endfacet
  facet normal 0.442302 0.896866 0
    outer loop
      vertex 6.08658 3.3806 155.587
      vertex 5.84447 3.5 142.844
      vertex 5.84447 3.5 155.344
    endloop
  endfacet
  facet normal 0.442302 0.896866 -0
    outer loop
      vertex 6.08658 3.3806 0
      vertex 5.84447 3.5 142.844
      vertex 6.08658 3.3806 155.587
    endloop
  endfacet
  facet normal 0.442302 0.896866 -1.29557e-09
    outer loop
      vertex 6.08658 3.3806 0
      vertex 5.5 3.66988 142.5
      vertex 5.84447 3.5 142.844
    endloop
  endfacet
  facet normal 0.442302 0.896866 0
    outer loop
      vertex 5.5 3.66988 142.5
      vertex 6.08658 3.3806 0
      vertex 5.5 3.66988 0
    endloop
  endfacet
  facet normal 0.321452 0.946926 -0
    outer loop
      vertex 6.7059 3.17036 0
      vertex 6.08658 3.3806 155.587
      vertex 6.7059 3.17036 156.206
    endloop
  endfacet
  facet normal 0.321452 0.946926 0
    outer loop
      vertex 6.08658 3.3806 155.587
      vertex 6.7059 3.17036 0
      vertex 6.08658 3.3806 0
    endloop
  endfacet
  facet normal -0.0653577 0.997862 0
    outer loop
      vertex 182 3 0
      vertex 182.653 3.04277 156.847
      vertex 182.653 3.04277 0
    endloop
  endfacet
  facet normal -0.0653577 0.997862 0
    outer loop
      vertex 182.653 3.04277 156.847
      vertex 182 3 0
      vertex 182 3 157.5
    endloop
  endfacet
  facet normal -0.658937 -0.752198 0
    outer loop
      vertex 185.044 142.967 0
      vertex 185.536 142.536 141.464
      vertex 185.044 142.967 141.956
    endloop
  endfacet
  facet normal -0.658937 -0.752198 -0
    outer loop
      vertex 185.536 142.536 141.464
      vertex 185.044 142.967 0
      vertex 185.536 142.536 0
    endloop
  endfacet
  facet normal 0 1 -0
    outer loop
      vertex 165.5 3 174
      vertex 24.5 3 201.5
      vertex 165.5 3 201.5
    endloop
  endfacet
  facet normal 0 1 0
    outer loop
      vertex 165.5 3 174
      vertex 24.5 3 174
      vertex 24.5 3 201.5
    endloop
  endfacet
  facet normal 0 1 0
    outer loop
      vertex 182 3 157.5
      vertex 24.5 3 174
      vertex 165.5 3 174
    endloop
  endfacet
  facet normal 0 1 0
    outer loop
      vertex 182 3 157.5
      vertex 8 3 157.5
      vertex 24.5 3 174
    endloop
  endfacet
  facet normal 0 1 -0
    outer loop
      vertex 182 3 0
      vertex 8 3 157.5
      vertex 182 3 157.5
    endloop
  endfacet
  facet normal 0 1 0
    outer loop
      vertex 8 3 157.5
      vertex 182 3 0
      vertex 8 3 0
    endloop
  endfacet
  facet normal 0.195081 0.980787 -0
    outer loop
      vertex 7.34737 3.04277 0
      vertex 6.7059 3.17036 156.206
      vertex 7.34737 3.04277 156.847
    endloop
  endfacet
  facet normal 0.195081 0.980787 0
    outer loop
      vertex 6.7059 3.17036 156.206
      vertex 7.34737 3.04277 0
      vertex 6.7059 3.17036 0
    endloop
  endfacet
  facet normal 0.555557 0.831478 -0
    outer loop
      vertex 5.5 3.66988 0
      vertex 4.95619 4.03323 141.956
      vertex 5.5 3.66988 142.5
    endloop
  endfacet
  facet normal 0.555557 0.831478 0
    outer loop
      vertex 4.95619 4.03323 141.956
      vertex 5.5 3.66988 0
      vertex 4.95619 4.03323 0
    endloop
  endfacet
  facet normal 0.555187 -0.831725 0
    outer loop
      vertex 5.5 143.33 0
      vertex 4.95619 142.967 141.956
      vertex 4.95619 142.967 0
    endloop
  endfacet
  facet normal 0.555187 -0.831725 0
    outer loop
      vertex 4.95619 142.967 141.956
      vertex 5.5 143.33 0
      vertex 5.5 143.33 142.5
    endloop
  endfacet
  facet normal -0.980932 -0.19435 -0
    outer loop
      vertex 186.957 139.653 140.043
      vertex 186.83 140.294 0
      vertex 186.957 139.653 0
    endloop
  endfacet
  facet normal -0.980932 -0.19435 0
    outer loop
      vertex 186.83 140.294 0
      vertex 186.957 139.653 140.043
      vertex 186.83 140.294 140.17
    endloop
  endfacet
  facet normal -0.439807 -0.898093 0
    outer loop
      vertex 183.913 143.619 155.587
      vertex 184.156 143.5 142.844
      vertex 184.156 143.5 155.344
    endloop
  endfacet
  facet normal -0.439807 -0.898093 0
    outer loop
      vertex 183.913 143.619 0
      vertex 184.156 143.5 142.844
      vertex 183.913 143.619 155.587
    endloop
  endfacet
  facet normal -0.443033 -0.896505 6.81186e-06
    outer loop
      vertex 183.913 143.619 0
      vertex 184.5 143.33 142.5
      vertex 184.156 143.5 142.844
    endloop
  endfacet
  facet normal -0.441703 -0.897161 -0
    outer loop
      vertex 184.5 143.33 142.5
      vertex 183.913 143.619 0
      vertex 184.5 143.33 0
    endloop
  endfacet
  facet normal -1 0 0
    outer loop
      vertex 187 32 0
      vertex 187 53 152.5
      vertex 187 53 0
    endloop
  endfacet
  facet normal -1 -0 0
    outer loop
      vertex 187 53 152.5
      vertex 187 32 0
      vertex 187 32 152.5
    endloop
  endfacet
  facet normal -1 0 0
    outer loop
      vertex 187 20 0
      vertex 187 30 152.5
      vertex 187 30 0
    endloop
  endfacet
  facet normal -1 -0 0
    outer loop
      vertex 187 30 152.5
      vertex 187 20 0
      vertex 187 20 152.5
    endloop
  endfacet
  facet normal -1 0 0
    outer loop
      vertex 187 85.6 9.5
      vertex 187 70 10
      vertex 187 82 10
    endloop
  endfacet
  facet normal -1 0 0
    outer loop
      vertex 187 70 10
      vertex 187 68 10
      vertex 187 70 152.5
    endloop
  endfacet
  facet normal -1 0 0
    outer loop
      vertex 187 62 9.5
      vertex 187 70 10
      vertex 187 85.6 9.5
    endloop
  endfacet
  facet normal -1 -0 0
    outer loop
      vertex 187 70 10
      vertex 187 62 9.5
      vertex 187 68 10
    endloop
  endfacet
  facet normal -1 -0 0
    outer loop
      vertex 187 68 10
      vertex 187 62 9.5
      vertex 187 66 10
    endloop
  endfacet
  facet normal -1 0 0
    outer loop
      vertex 187 55 152.5
      vertex 187 66 10
      vertex 187 62 9.5
    endloop
  endfacet
  facet normal -1 0 0
    outer loop
      vertex 187 55 152.5
      vertex 187 62 9.5
      vertex 187 55 0
    endloop
  endfacet
  facet normal -1 0 0
    outer loop
      vertex 187 66 10
      vertex 187 55 152.5
      vertex 187 66 152.5
    endloop
  endfacet
  facet normal -1 0 0
    outer loop
      vertex 187 85.6 9.5
      vertex 187 92 0
      vertex 187 85.6 3.9
    endloop
  endfacet
  facet normal -1 0 0
    outer loop
      vertex 187 92 0
      vertex 187 62 3.9
      vertex 187 85.6 3.9
    endloop
  endfacet
  facet normal -1 -0 0
    outer loop
      vertex 187 62 3.9
      vertex 187 55 0
      vertex 187 62 9.5
    endloop
  endfacet
  facet normal -1 0 0
    outer loop
      vertex 187 55 0
      vertex 187 62 3.9
      vertex 187 92 0
    endloop
  endfacet
  facet normal -1 0 0
    outer loop
      vertex 187 92 0
      vertex 187 85.6 9.5
      vertex 187 92 152.5
    endloop
  endfacet
  facet normal -1 0 0
    outer loop
      vertex 187 82 10
      vertex 187 92 152.5
      vertex 187 85.6 9.5
    endloop
  endfacet
  facet normal -1 -0 0
    outer loop
      vertex 187 92 152.5
      vertex 187 82 10
      vertex 187 82 152.5
    endloop
  endfacet
  facet normal -1 -0 0
    outer loop
      vertex 187 70 152.5
      vertex 187 68 10
      vertex 187 68 152.5
    endloop
  endfacet
  facet normal -1 0 0
    outer loop
      vertex 187 94 0
      vertex 187 115 152.5
      vertex 187 115 0
    endloop
  endfacet
  facet normal -1 -0 0
    outer loop
      vertex 187 115 152.5
      vertex 187 94 0
      vertex 187 94 152.5
    endloop
  endfacet
  facet normal -1 0 0
    outer loop
      vertex 187 117 0
      vertex 187 128 152.5
      vertex 187 128 0
    endloop
  endfacet
  facet normal -1 -0 0
    outer loop
      vertex 187 128 152.5
      vertex 187 117 0
      vertex 187 117 152.5
    endloop
  endfacet
  facet normal -1 0 0
    outer loop
      vertex 187 139 0
      vertex 187 135.5 140
      vertex 187 139 140
    endloop
  endfacet
  facet normal -1 0 0
    outer loop
      vertex 187 130 0
      vertex 187 135.5 140
      vertex 187 139 0
    endloop
  endfacet
  facet normal -1 0 0
    outer loop
      vertex 187 130 152.5
      vertex 187 135.5 140
      vertex 187 130 0
    endloop
  endfacet
  facet normal -1 0 0
    outer loop
      vertex 187 135.5 140
      vertex 187 130 152.5
      vertex 187 135.5 152.5
    endloop
  endfacet
  facet normal 1 -0 0
    outer loop
      vertex 3 32 152.5
      vertex 3 53 0
      vertex 3 53 152.5
    endloop
  endfacet
  facet normal 1 0 0
    outer loop
      vertex 3 53 0
      vertex 3 32 152.5
      vertex 3 32 0
    endloop
  endfacet
  facet normal 1 -0 0
    outer loop
      vertex 3 20 152.5
      vertex 3 30 0
      vertex 3 30 152.5
    endloop
  endfacet
  facet normal 1 0 0
    outer loop
      vertex 3 30 0
      vertex 3 20 152.5
      vertex 3 20 0
    endloop
  endfacet
  facet normal 1 0 0
    outer loop
      vertex 3 70 152.5
      vertex 3 68 152.5
      vertex 3 70 10
    endloop
  endfacet
  facet normal 1 0 0
    outer loop
      vertex 3 92 152.5
      vertex 3 85.6 9.5
      vertex 3 92 0
    endloop
  endfacet
  facet normal 1 0 0
    outer loop
      vertex 3 82 10
      vertex 3 92 152.5
      vertex 3 82 152.5
    endloop
  endfacet
  facet normal 1 0 0
    outer loop
      vertex 3 92 152.5
      vertex 3 82 10
      vertex 3 85.6 9.5
    endloop
  endfacet
  facet normal 1 -0 0
    outer loop
      vertex 3 70 10
      vertex 3 85.6 9.5
      vertex 3 82 10
    endloop
  endfacet
  facet normal 1 0 0
    outer loop
      vertex 3 68 10
      vertex 3 70 10
      vertex 3 68 152.5
    endloop
  endfacet
  facet normal 1 0 0
    outer loop
      vertex 3 62 9.5
      vertex 3 70 10
      vertex 3 68 10
    endloop
  endfacet
  facet normal 1 0 0
    outer loop
      vertex 3 62 9.5
      vertex 3 68 10
      vertex 3 66 10
    endloop
  endfacet
  facet normal 1 0 0
    outer loop
      vertex 3 70 10
      vertex 3 62 9.5
      vertex 3 85.6 9.5
    endloop
  endfacet
  facet normal 1 -0 0
    outer loop
      vertex 3 85.6 3.9
      vertex 3 92 0
      vertex 3 85.6 9.5
    endloop
  endfacet
  facet normal 1 -0 0
    outer loop
      vertex 3 62 3.9
      vertex 3 92 0
      vertex 3 85.6 3.9
    endloop
  endfacet
  facet normal 1 0 0
    outer loop
      vertex 3 62 3.9
      vertex 3 55 0
      vertex 3 92 0
    endloop
  endfacet
  facet normal 1 0 0
    outer loop
      vertex 3 62 9.5
      vertex 3 55 0
      vertex 3 62 3.9
    endloop
  endfacet
  facet normal 1 -0 0
    outer loop
      vertex 3 55 152.5
      vertex 3 66 10
      vertex 3 66 152.5
    endloop
  endfacet
  facet normal 1 0 0
    outer loop
      vertex 3 55 0
      vertex 3 62 9.5
      vertex 3 55 152.5
    endloop
  endfacet
  facet normal 1 0 0
    outer loop
      vertex 3 66 10
      vertex 3 55 152.5
      vertex 3 62 9.5
    endloop
  endfacet
  facet normal 1 -0 0
    outer loop
      vertex 3 94 152.5
      vertex 3 115 0
      vertex 3 115 152.5
    endloop
  endfacet
  facet normal 1 0 0
    outer loop
      vertex 3 115 0
      vertex 3 94 152.5
      vertex 3 94 0
    endloop
  endfacet
  facet normal 1 -0 0
    outer loop
      vertex 3 117 152.5
      vertex 3 128 0
      vertex 3 128 152.5
    endloop
  endfacet
  facet normal 1 0 0
    outer loop
      vertex 3 128 0
      vertex 3 117 152.5
      vertex 3 117 0
    endloop
  endfacet
  facet normal 1 0 0
    outer loop
      vertex 3 135.5 152.5
      vertex 3 130 152.5
      vertex 3 135.5 140
    endloop
  endfacet
  facet normal 1 -0 0
    outer loop
      vertex 3 135.5 140
      vertex 3 139 0
      vertex 3 139 140
    endloop
  endfacet
  facet normal 1 0 0
    outer loop
      vertex 3 130 0
      vertex 3 135.5 140
      vertex 3 130 152.5
    endloop
  endfacet
  facet normal 1 0 0
    outer loop
      vertex 3 135.5 140
      vertex 3 130 0
      vertex 3 139 0
    endloop
  endfacet
  facet normal 0.946875 -0.321601 0
    outer loop
      vertex 3.17036 140.294 140.17
      vertex 3.3806 140.913 0
      vertex 3.3806 140.913 140.381
    endloop
  endfacet
  facet normal 0.946875 -0.321601 0
    outer loop
      vertex 3.3806 140.913 0
      vertex 3.17036 140.294 140.17
      vertex 3.17036 140.294 0
    endloop
  endfacet
  facet normal 0.0653946 0.997859 -0
    outer loop
      vertex 8 3 0
      vertex 7.34737 3.04277 156.847
      vertex 8 3 157.5
    endloop
  endfacet
  facet normal 0.0653946 0.997859 0
    outer loop
      vertex 7.34737 3.04277 156.847
      vertex 8 3 0
      vertex 7.34737 3.04277 0
    endloop
  endfacet
  facet normal -0.946521 -0.322643 -0
    outer loop
      vertex 186.83 140.294 140.17
      vertex 186.619 140.913 0
      vertex 186.83 140.294 0
    endloop
  endfacet
  facet normal -0.946521 -0.322643 0
    outer loop
      vertex 186.619 140.913 0
      vertex 186.83 140.294 140.17
      vertex 186.619 140.913 140.381
    endloop
  endfacet
  facet normal 0.896866 0.442302 -0
    outer loop
      vertex 3.66988 5.5 0
      vertex 3.3806 6.08658 140.381
      vertex 3.66988 5.5 140.67
    endloop
  endfacet
  facet normal 0.896866 0.442302 0
    outer loop
      vertex 3.3806 6.08658 140.381
      vertex 3.66988 5.5 0
      vertex 3.3806 6.08658 0
    endloop
  endfacet
  facet normal 0 -1 0
    outer loop
      vertex 24.5 144 174
      vertex 165.5 144 201.5
      vertex 24.5 144 201.5
    endloop
  endfacet
  facet normal 0 -1 0
    outer loop
      vertex 24.5 144 174
      vertex 165.5 144 174
      vertex 165.5 144 201.5
    endloop
  endfacet
  facet normal 0 -1 0
    outer loop
      vertex 8 144 157.5
      vertex 165.5 144 174
      vertex 24.5 144 174
    endloop
  endfacet
  facet normal 0 -1 0
    outer loop
      vertex 8 144 157.5
      vertex 182 144 157.5
      vertex 165.5 144 174
    endloop
  endfacet
  facet normal 0 -1 0
    outer loop
      vertex 8 144 0
      vertex 182 144 157.5
      vertex 8 144 157.5
    endloop
  endfacet
  facet normal 0 -1 -0
    outer loop
      vertex 182 144 157.5
      vertex 8 144 0
      vertex 182 144 0
    endloop
  endfacet
  facet normal -0.997836 0.0657447 0
    outer loop
      vertex 186.957 7.34737 0
      vertex 187 8 140
      vertex 187 8 0
    endloop
  endfacet
  facet normal -0.997836 0.0657447 0
    outer loop
      vertex 187 8 140
      vertex 186.957 7.34737 0
      vertex 186.957 7.34737 140.043
    endloop
  endfacet
  facet normal 0.980787 0.195081 -0
    outer loop
      vertex 3.17036 6.7059 0
      vertex 3.04277 7.34737 140.043
      vertex 3.17036 6.7059 140.17
    endloop
  endfacet
  facet normal 0.980787 0.195081 0
    outer loop
      vertex 3.04277 7.34737 140.043
      vertex 3.17036 6.7059 0
      vertex 3.04277 7.34737 0
    endloop
  endfacet
  facet normal 0.751844 0.659341 -0
    outer loop
      vertex 4.46446 4.46446 0
      vertex 4.03323 4.95619 141.033
      vertex 4.46446 4.46446 141.464
    endloop
  endfacet
  facet normal 0.751844 0.659341 0
    outer loop
      vertex 4.03323 4.95619 141.033
      vertex 4.46446 4.46446 0
      vertex 4.03323 4.95619 0
    endloop
  endfacet
  facet normal 0.322493 -0.946572 0
    outer loop
      vertex 6.7059 143.83 0
      vertex 6.08658 143.619 155.587
      vertex 6.08658 143.619 0
    endloop
  endfacet
  facet normal 0.322493 -0.946572 0
    outer loop
      vertex 6.08658 143.619 155.587
      vertex 6.7059 143.83 0
      vertex 6.7059 143.83 156.206
    endloop
  endfacet
  facet normal 0.997862 -0.0653577 0
    outer loop
      vertex 3 139 140
      vertex 3.04277 139.653 0
      vertex 3.04277 139.653 140.043
    endloop
  endfacet
  facet normal 0.997862 -0.0653577 0
    outer loop
      vertex 3.04277 139.653 0
      vertex 3 139 140
      vertex 3 139 0
    endloop
  endfacet
  facet normal 0.659142 -0.752018 0
    outer loop
      vertex 4.95619 142.967 0
      vertex 4.46446 142.536 141.464
      vertex 4.46446 142.536 0
    endloop
  endfacet
  facet normal 0.659142 -0.752018 0
    outer loop
      vertex 4.46446 142.536 141.464
      vertex 4.95619 142.967 0
      vertex 4.95619 142.967 141.956
    endloop
  endfacet
  facet normal 0.0657447 -0.997836 0
    outer loop
      vertex 8 144 0
      vertex 7.34737 143.957 156.847
      vertex 7.34737 143.957 0
    endloop
  endfacet
  facet normal 0.0657447 -0.997836 0
    outer loop
      vertex 7.34737 143.957 156.847
      vertex 8 144 0
      vertex 8 144 157.5
    endloop
  endfacet
  facet normal -0.19435 -0.980932 0
    outer loop
      vertex 182.653 143.957 0
      vertex 183.294 143.83 156.206
      vertex 182.653 143.957 156.847
    endloop
  endfacet
  facet normal -0.19435 -0.980932 -0
    outer loop
      vertex 183.294 143.83 156.206
      vertex 182.653 143.957 0
      vertex 183.294 143.83 0
    endloop
  endfacet
  facet normal 0.194213 -0.980959 0
    outer loop
      vertex 7.34737 143.957 0
      vertex 6.7059 143.83 156.206
      vertex 6.7059 143.83 0
    endloop
  endfacet
  facet normal 0.194213 -0.980959 0
    outer loop
      vertex 6.7059 143.83 156.206
      vertex 7.34737 143.957 0
      vertex 7.34737 143.957 156.847
    endloop
  endfacet
  facet normal 0.98076 -0.195219 0
    outer loop
      vertex 3.04277 139.653 140.043
      vertex 3.17036 140.294 0
      vertex 3.17036 140.294 140.17
    endloop
  endfacet
  facet normal 0.98076 -0.195219 0
    outer loop
      vertex 3.17036 140.294 0
      vertex 3.04277 139.653 140.043
      vertex 3.04277 139.653 0
    endloop
  endfacet
  facet normal -0.897161 -0.441703 -0
    outer loop
      vertex 186.619 140.913 140.381
      vertex 186.33 141.5 0
      vertex 186.619 140.913 0
    endloop
  endfacet
  facet normal -0.897161 -0.441703 0
    outer loop
      vertex 186.33 141.5 0
      vertex 186.619 140.913 140.381
      vertex 186.33 141.5 140.67
    endloop
  endfacet
  facet normal 0.752023 -0.659136 0
    outer loop
      vertex 4.03323 142.044 141.033
      vertex 4.46446 142.536 0
      vertex 4.46446 142.536 141.464
    endloop
  endfacet
  facet normal 0.752023 -0.659136 0
    outer loop
      vertex 4.46446 142.536 0
      vertex 4.03323 142.044 141.033
      vertex 4.03323 142.044 0
    endloop
  endfacet
  facet normal -0.322643 -0.946521 0
    outer loop
      vertex 183.294 143.83 0
      vertex 183.913 143.619 155.587
      vertex 183.294 143.83 156.206
    endloop
  endfacet
  facet normal -0.322643 -0.946521 -0
    outer loop
      vertex 183.913 143.619 155.587
      vertex 183.294 143.83 0
      vertex 183.913 143.619 0
    endloop
  endfacet
  facet normal 0.831568 -0.555423 0
    outer loop
      vertex 3.66988 141.5 140.67
      vertex 4.03323 142.044 0
      vertex 4.03323 142.044 141.033
    endloop
  endfacet
  facet normal 0.831568 -0.555423 0
    outer loop
      vertex 4.03323 142.044 0
      vertex 3.66988 141.5 140.67
      vertex 3.66988 141.5 0
    endloop
  endfacet
  facet normal -0.980959 0.194213 0
    outer loop
      vertex 186.83 6.7059 0
      vertex 186.957 7.34737 140.043
      vertex 186.957 7.34737 0
    endloop
  endfacet
  facet normal -0.980959 0.194213 0
    outer loop
      vertex 186.957 7.34737 140.043
      vertex 186.83 6.7059 0
      vertex 186.83 6.7059 140.17
    endloop
  endfacet
  facet normal 0.441109 -0.897453 0
    outer loop
      vertex 5.84447 143.5 142.844
      vertex 6.08658 143.619 155.587
      vertex 5.84447 143.5 155.344
    endloop
  endfacet
  facet normal 0.441957 -0.897036 0
    outer loop
      vertex 6.08658 143.619 0
      vertex 5.5 143.33 142.5
      vertex 5.5 143.33 0
    endloop
  endfacet
  facet normal 0.44255 -0.896744 3.03416e-06
    outer loop
      vertex 5.5 143.33 142.5
      vertex 6.08658 143.619 0
      vertex 5.84447 143.5 142.844
    endloop
  endfacet
  facet normal 0.441109 -0.897453 0
    outer loop
      vertex 5.84447 143.5 142.844
      vertex 6.08658 143.619 0
      vertex 6.08658 143.619 155.587
    endloop
  endfacet
  facet normal -0.555053 -0.831815 0
    outer loop
      vertex 184.5 143.33 0
      vertex 185.044 142.967 141.956
      vertex 184.5 143.33 142.5
    endloop
  endfacet
  facet normal -0.555053 -0.831815 -0
    outer loop
      vertex 185.044 142.967 141.956
      vertex 184.5 143.33 0
      vertex 185.044 142.967 0
    endloop
  endfacet
  facet normal 0.896992 -0.442047 0
    outer loop
      vertex 3.3806 140.913 140.381
      vertex 3.66988 141.5 0
      vertex 3.66988 141.5 140.67
    endloop
  endfacet
  facet normal 0.896992 -0.442047 0
    outer loop
      vertex 3.66988 141.5 0
      vertex 3.3806 140.913 140.381
      vertex 3.3806 140.913 0
    endloop
  endfacet
  facet normal -0.659136 0.752023 0
    outer loop
      vertex 185.044 4.03323 0
      vertex 185.536 4.46446 141.464
      vertex 185.536 4.46446 0
    endloop
  endfacet
  facet normal -0.659136 0.752023 0
    outer loop
      vertex 185.536 4.46446 141.464
      vertex 185.044 4.03323 0
      vertex 185.044 4.03323 141.956
    endloop
  endfacet
  facet normal -0.555423 0.831568 0
    outer loop
      vertex 184.5 3.66988 0
      vertex 185.044 4.03323 141.956
      vertex 185.044 4.03323 0
    endloop
  endfacet
  facet normal -0.555423 0.831568 0
    outer loop
      vertex 185.044 4.03323 141.956
      vertex 184.5 3.66988 0
      vertex 184.5 3.66988 142.5
    endloop
  endfacet
  facet normal -0.0657076 -0.997839 0
    outer loop
      vertex 182 144 0
      vertex 182.653 143.957 156.847
      vertex 182 144 157.5
    endloop
  endfacet
  facet normal -0.0657076 -0.997839 -0
    outer loop
      vertex 182.653 143.957 156.847
      vertex 182 144 0
      vertex 182.653 143.957 0
    endloop
  endfacet
  facet normal -0.997839 -0.0657076 -0
    outer loop
      vertex 187 139 140
      vertex 186.957 139.653 0
      vertex 187 139 0
    endloop
  endfacet
  facet normal -0.997839 -0.0657076 0
    outer loop
      vertex 186.957 139.653 0
      vertex 187 139 140
      vertex 186.957 139.653 140.043
    endloop
  endfacet
  facet normal -0.752198 -0.658937 -0
    outer loop
      vertex 185.967 142.044 141.033
      vertex 185.536 142.536 0
      vertex 185.967 142.044 0
    endloop
  endfacet
  facet normal -0.752198 -0.658937 0
    outer loop
      vertex 185.536 142.536 0
      vertex 185.967 142.044 141.033
      vertex 185.536 142.536 141.464
    endloop
  endfacet
  facet normal 0.946926 0.321452 -0
    outer loop
      vertex 3.3806 6.08658 0
      vertex 3.17036 6.7059 140.17
      vertex 3.3806 6.08658 140.381
    endloop
  endfacet
  facet normal 0.946926 0.321452 0
    outer loop
      vertex 3.17036 6.7059 140.17
      vertex 3.3806 6.08658 0
      vertex 3.17036 6.7059 0
    endloop
  endfacet
  facet normal 0.997859 0.0653946 -0
    outer loop
      vertex 3.04277 7.34737 0
      vertex 3 8 140
      vertex 3.04277 7.34737 140.043
    endloop
  endfacet
  facet normal 0.997859 0.0653946 0
    outer loop
      vertex 3 8 140
      vertex 3.04277 7.34737 0
      vertex 3 8 0
    endloop
  endfacet
  facet normal -0.831815 -0.555053 -0
    outer loop
      vertex 186.33 141.5 140.67
      vertex 185.967 142.044 0
      vertex 186.33 141.5 0
    endloop
  endfacet
  facet normal -0.831815 -0.555053 0
    outer loop
      vertex 185.967 142.044 0
      vertex 186.33 141.5 140.67
      vertex 185.967 142.044 141.033
    endloop
  endfacet
  facet normal 0.831478 0.555557 -0
    outer loop
      vertex 4.03323 4.95619 0
      vertex 3.66988 5.5 140.67
      vertex 4.03323 4.95619 141.033
    endloop
  endfacet
  facet normal 0.831478 0.555557 0
    outer loop
      vertex 3.66988 5.5 140.67
      vertex 4.03323 4.95619 0
      vertex 3.66988 5.5 0
    endloop
  endfacet
  facet normal 0.659341 0.751844 -0
    outer loop
      vertex 4.95619 4.03323 0
      vertex 4.46446 4.46446 141.464
      vertex 4.95619 4.03323 141.956
    endloop
  endfacet
  facet normal 0.659341 0.751844 0
    outer loop
      vertex 4.46446 4.46446 141.464
      vertex 4.95619 4.03323 0
      vertex 4.46446 4.46446 0
    endloop
  endfacet
  facet normal -0.752018 0.659142 0
    outer loop
      vertex 185.536 4.46446 0
      vertex 185.967 4.95619 141.033
      vertex 185.967 4.95619 0
    endloop
  endfacet
  facet normal -0.752018 0.659142 0
    outer loop
      vertex 185.967 4.95619 141.033
      vertex 185.536 4.46446 0
      vertex 185.536 4.46446 141.464
    endloop
  endfacet
  facet normal -0.831725 0.555187 0
    outer loop
      vertex 185.967 4.95619 0
      vertex 186.33 5.5 140.67
      vertex 186.33 5.5 0
    endloop
  endfacet
  facet normal -0.831725 0.555187 0
    outer loop
      vertex 186.33 5.5 140.67
      vertex 185.967 4.95619 0
      vertex 185.967 4.95619 141.033
    endloop
  endfacet
  facet normal -0.897036 0.441957 0
    outer loop
      vertex 186.33 5.5 0
      vertex 186.619 6.08658 140.381
      vertex 186.619 6.08658 0
    endloop
  endfacet
  facet normal -0.897036 0.441957 0
    outer loop
      vertex 186.619 6.08658 140.381
      vertex 186.33 5.5 0
      vertex 186.33 5.5 140.67
    endloop
  endfacet
  facet normal -0.440998 0.897508 0
    outer loop
      vertex 184.156 3.5 142.844
      vertex 183.913 3.3806 155.587
      vertex 184.156 3.5 155.344
    endloop
  endfacet
  facet normal -0.442047 0.896992 0
    outer loop
      vertex 183.913 3.3806 0
      vertex 184.5 3.66988 142.5
      vertex 184.5 3.66988 0
    endloop
  endfacet
  facet normal -0.442785 0.896628 3.77509e-06
    outer loop
      vertex 184.5 3.66988 142.5
      vertex 183.913 3.3806 0
      vertex 184.156 3.5 142.844
    endloop
  endfacet
  facet normal -0.440998 0.897508 0
    outer loop
      vertex 184.156 3.5 142.844
      vertex 183.913 3.3806 0
      vertex 183.913 3.3806 155.587
    endloop
  endfacet
  facet normal 1 -0 0
    outer loop
      vertex 33 3.5 174
      vertex 33 11.5 170
      vertex 33 11.5 174
    endloop
  endfacet
  facet normal 1 0 0
    outer loop
      vertex 33 11.5 170
      vertex 33 3.5 174
      vertex 33 3.5 170
    endloop
  endfacet
  facet normal 0 1 -0
    outer loop
      vertex 33 11.5 170
      vertex 24.5 11.5 174
      vertex 33 11.5 174
    endloop
  endfacet
  facet normal 0 1 0
    outer loop
      vertex 33 11.5 170
      vertex 6.5 11.5 156
      vertex 24.5 11.5 174
    endloop
  endfacet
  facet normal -0 1 0
    outer loop
      vertex 6.5 11.5 156
      vertex 33 11.5 170
      vertex 6.5 11.5 143.5
    endloop
  endfacet
  facet normal 0.707107 0 -0.707107
    outer loop
      vertex 33 3.5 170
      vertex 6.5 11.5 143.5
      vertex 33 11.5 170
    endloop
  endfacet
  facet normal 0.707012 5.70102e-05 -0.707201
    outer loop
      vertex 4.95619 4.03323 141.956
      vertex 6.5 11.5 143.5
      vertex 5.84447 3.5 142.844
    endloop
  endfacet
  facet normal 0.707224 -0.000233833 -0.70699
    outer loop
      vertex 6.5 11.5 143.5
      vertex 3.04277 7.34737 140.043
      vertex 3 8 140
    endloop
  endfacet
  facet normal 0.706772 0.000517646 -0.707441
    outer loop
      vertex 6.5 11.5 143.5
      vertex 3.17036 6.7059 140.17
      vertex 3.04277 7.34737 140.043
    endloop
  endfacet
  facet normal 0.707552 -0.000565058 -0.706662
    outer loop
      vertex 6.5 11.5 143.5
      vertex 3.3806 6.08658 140.381
      vertex 3.17036 6.7059 140.17
    endloop
  endfacet
  facet normal 0.706924 0.000157822 -0.707289
    outer loop
      vertex 6.5 11.5 143.5
      vertex 3.66988 5.5 140.67
      vertex 3.3806 6.08658 140.381
    endloop
  endfacet
  facet normal 0.706901 0.00018009 -0.707313
    outer loop
      vertex 6.5 11.5 143.5
      vertex 4.03323 4.95619 141.033
      vertex 3.66988 5.5 140.67
    endloop
  endfacet
  facet normal 0.706985 0.000116831 -0.707229
    outer loop
      vertex 6.5 11.5 143.5
      vertex 4.46446 4.46446 141.464
      vertex 4.03323 4.95619 141.033
    endloop
  endfacet
  facet normal 0.707278 -5.271e-05 -0.706936
    outer loop
      vertex 6.5 11.5 143.5
      vertex 4.95619 4.03323 141.956
      vertex 4.46446 4.46446 141.464
    endloop
  endfacet
  facet normal 0.707113 4.05393e-05 -0.707101
    outer loop
      vertex 6.5 11.5 143.5
      vertex 33 3.5 170
      vertex 5.84447 3.5 142.844
    endloop
  endfacet
  facet normal 0.70489 -0.0069464 -0.709283
    outer loop
      vertex 4.95619 4.03323 141.956
      vertex 5.84447 3.5 142.844
      vertex 5.5 3.66988 142.5
    endloop
  endfacet
  facet normal -0 0 1
    outer loop
      vertex 24.5 11.5 174
      vertex 33 3.5 174
      vertex 33 11.5 174
    endloop
  endfacet
  facet normal 0 0 1
    outer loop
      vertex 33 3.5 174
      vertex 24.5 11.5 174
      vertex 24.5 3.5 174
    endloop
  endfacet
  facet normal 0 -1 0
    outer loop
      vertex 24.5 3.5 174
      vertex 33 3.5 170
      vertex 33 3.5 174
    endloop
  endfacet
  facet normal 0 -1 0
    outer loop
      vertex 5.84447 3.5 155.344
      vertex 33 3.5 170
      vertex 24.5 3.5 174
    endloop
  endfacet
  facet normal 0 -1 0
    outer loop
      vertex 33 3.5 170
      vertex 5.84447 3.5 155.344
      vertex 5.84447 3.5 142.844
    endloop
  endfacet
  facet normal 0 1 -0
    outer loop
      vertex 33 143.5 170
      vertex 24.5 143.5 174
      vertex 33 143.5 174
    endloop
  endfacet
  facet normal 0 1 0
    outer loop
      vertex 33 143.5 170
      vertex 5.84447 143.5 155.344
      vertex 24.5 143.5 174
    endloop
  endfacet
  facet normal -0 1 0
    outer loop
      vertex 5.84447 143.5 155.344
      vertex 33 143.5 170
      vertex 5.84447 143.5 142.844
    endloop
  endfacet
  facet normal 0.707113 0 -0.707101
    outer loop
      vertex 33 135.5 170
      vertex 5.84447 143.5 142.844
      vertex 33 143.5 170
    endloop
  endfacet
  facet normal 0.707107 -4.15425e-05 -0.707107
    outer loop
      vertex 3 135.5 140
      vertex 5.84447 143.5 142.844
      vertex 33 135.5 170
    endloop
  endfacet
  facet normal 0.707048 0 -0.707165
    outer loop
      vertex 3 139 140
      vertex 5.84447 143.5 142.844
      vertex 3 135.5 140
    endloop
  endfacet
  facet normal 0.706963 0.000108022 -0.707251
    outer loop
      vertex 4.95619 142.967 141.956
      vertex 5.84447 143.5 142.844
      vertex 3 139 140
    endloop
  endfacet
  facet normal 0.704878 0.00698611 -0.709294
    outer loop
      vertex 5.84447 143.5 142.844
      vertex 4.95619 142.967 141.956
      vertex 5.5 143.33 142.5
    endloop
  endfacet
  facet normal 0.707474 -0.00039664 -0.706739
    outer loop
      vertex 4.95619 142.967 141.956
      vertex 3 139 140
      vertex 4.46446 142.536 141.464
    endloop
  endfacet
  facet normal 0.706849 0.00012177 -0.707365
    outer loop
      vertex 4.46446 142.536 141.464
      vertex 3 139 140
      vertex 4.03323 142.044 141.033
    endloop
  endfacet
  facet normal 0.706495 0.000361769 -0.707718
    outer loop
      vertex 4.03323 142.044 141.033
      vertex 3 139 140
      vertex 3.66988 141.5 140.67
    endloop
  endfacet
  facet normal 0.709653 -0.000867633 -0.704551
    outer loop
      vertex 3.3806 140.913 140.381
      vertex 3 139 140
      vertex 3.17036 140.294 140.17
    endloop
  endfacet
  facet normal 0.703713 0.000693698 -0.710484
    outer loop
      vertex 3.17036 140.294 140.17
      vertex 3 139 140
      vertex 3.04277 139.653 140.043
    endloop
  endfacet
  facet normal 0.70628 0.000476875 -0.707933
    outer loop
      vertex 3.66988 141.5 140.67
      vertex 3 139 140
      vertex 3.3806 140.913 140.381
    endloop
  endfacet
  facet normal 1 -0 0
    outer loop
      vertex 33 135.5 174
      vertex 33 143.5 170
      vertex 33 143.5 174
    endloop
  endfacet
  facet normal 1 0 0
    outer loop
      vertex 33 143.5 170
      vertex 33 135.5 174
      vertex 33 135.5 170
    endloop
  endfacet
  facet normal -0 0 1
    outer loop
      vertex 24.5 143.5 174
      vertex 33 135.5 174
      vertex 33 143.5 174
    endloop
  endfacet
  facet normal 0 0 1
    outer loop
      vertex 33 135.5 174
      vertex 24.5 143.5 174
      vertex 24.5 135.5 174
    endloop
  endfacet
  facet normal 0 -1 0
    outer loop
      vertex 24.5 135.5 174
      vertex 33 135.5 170
      vertex 33 135.5 174
    endloop
  endfacet
  facet normal 0 -1 0
    outer loop
      vertex 3 135.5 152.5
      vertex 33 135.5 170
      vertex 24.5 135.5 174
    endloop
  endfacet
  facet normal 0 -1 0
    outer loop
      vertex 33 135.5 170
      vertex 3 135.5 152.5
      vertex 3 135.5 140
    endloop
  endfacet
  facet normal 0.707107 0 -0.707107
    outer loop
      vertex 8 3 157.5
      vertex 24.5 3.5 174
      vertex 24.5 3 174
    endloop
  endfacet
  facet normal 0.707355 0.00148184 -0.706857
    outer loop
      vertex 5.84447 3.5 155.344
      vertex 8 3 157.5
      vertex 7.34737 3.04277 156.847
    endloop
  endfacet
  facet normal 0.706303 -0.00537141 -0.70789
    outer loop
      vertex 5.84447 3.5 155.344
      vertex 7.34737 3.04277 156.847
      vertex 6.7059 3.17036 156.206
    endloop
  endfacet
  facet normal 0.703492 -0.0193803 -0.710438
    outer loop
      vertex 5.84447 3.5 155.344
      vertex 6.7059 3.17036 156.206
      vertex 6.08658 3.3806 155.587
    endloop
  endfacet
  facet normal 0.707116 -0.000587873 -0.707098
    outer loop
      vertex 8 3 157.5
      vertex 5.84447 3.5 155.344
      vertex 24.5 3.5 174
    endloop
  endfacet
  facet normal 0.707107 0 -0.707107
    outer loop
      vertex 24.5 143.5 174
      vertex 8 144 157.5
      vertex 24.5 144 174
    endloop
  endfacet
  facet normal 0.707116 0.000587873 -0.707098
    outer loop
      vertex 5.84447 143.5 155.344
      vertex 8 144 157.5
      vertex 24.5 143.5 174
    endloop
  endfacet
  facet normal 0.707355 -0.00148498 -0.706857
    outer loop
      vertex 8 144 157.5
      vertex 5.84447 143.5 155.344
      vertex 7.34737 143.957 156.847
    endloop
  endfacet
  facet normal 0.706309 0.00533254 -0.707883
    outer loop
      vertex 7.34737 143.957 156.847
      vertex 5.84447 143.5 155.344
      vertex 6.7059 143.83 156.206
    endloop
  endfacet
  facet normal 0.703412 0.0197523 -0.710508
    outer loop
      vertex 6.7059 143.83 156.206
      vertex 5.84447 143.5 155.344
      vertex 6.08658 143.619 155.587
    endloop
  endfacet
  facet normal 0.707107 0 -0.707107
    outer loop
      vertex 24.5 135.5 174
      vertex 10.5 130 160
      vertex 3 135.5 152.5
    endloop
  endfacet
  facet normal 0.707107 0 -0.707107
    outer loop
      vertex 24.5 135.5 174
      vertex 10.5 128 160
      vertex 10.5 130 160
    endloop
  endfacet
  facet normal 0.707107 0 -0.707107
    outer loop
      vertex 10.5 128 160
      vertex 10.5 117 160
      vertex 3 128 152.5
    endloop
  endfacet
  facet normal 0.707107 0 -0.707107
    outer loop
      vertex 24.5 135.5 174
      vertex 10.5 117 160
      vertex 10.5 128 160
    endloop
  endfacet
  facet normal 0.707107 0 -0.707107
    outer loop
      vertex 24.5 135.5 174
      vertex 10.5 115 160
      vertex 10.5 117 160
    endloop
  endfacet
  facet normal 0.707107 0 -0.707107
    outer loop
      vertex 10.5 115 160
      vertex 10.5 94 160
      vertex 3 115 152.5
    endloop
  endfacet
  facet normal 0.707107 0 -0.707107
    outer loop
      vertex 24.5 135.5 174
      vertex 10.5 94 160
      vertex 10.5 115 160
    endloop
  endfacet
  facet normal 0.707107 0 -0.707107
    outer loop
      vertex 13.5 85 163
      vertex 10.5 94 160
      vertex 24.5 135.5 174
    endloop
  endfacet
  facet normal 0.707107 -2.69159e-13 -0.707107
    outer loop
      vertex 13.49 85 162.99
      vertex 10.5 92 160
      vertex 13.5 85 163
    endloop
  endfacet
  facet normal 0.707107 0 -0.707107
    outer loop
      vertex 10.5 94 160
      vertex 13.5 85 163
      vertex 10.5 92 160
    endloop
  endfacet
  facet normal 0.707107 0 -0.707107
    outer loop
      vertex 24.5 135.5 174
      vertex 13.5 78 163
      vertex 13.5 85 163
    endloop
  endfacet
  facet normal 0.707107 0 -0.707107
    outer loop
      vertex 13.5 78 163
      vertex 10.5 77.5 160
      vertex 10.5 78 160
    endloop
  endfacet
  facet normal 0.707107 0 -0.707107
    outer loop
      vertex 10.5 68 160
      vertex 10.5 77.5 160
      vertex 13.5 78 163
    endloop
  endfacet
  facet normal 0.707107 0 -0.707107
    outer loop
      vertex 10.5 77.5 160
      vertex 10.5 68 160
      vertex 3 70 152.5
    endloop
  endfacet
  facet normal 0.707107 0 -0.707107
    outer loop
      vertex 13.5 78 163
      vertex 10.5 66 160
      vertex 10.5 68 160
    endloop
  endfacet
  facet normal 0.707107 0 -0.707107
    outer loop
      vertex 10.5 66 160
      vertex 10.5 55 160
      vertex 3 66 152.5
    endloop
  endfacet
  facet normal 0.707107 0 -0.707107
    outer loop
      vertex 13.5 78 163
      vertex 10.5 55 160
      vertex 10.5 66 160
    endloop
  endfacet
  facet normal 0.707107 0 -0.707107
    outer loop
      vertex 24.5 11.5 174
      vertex 13.5 78 163
      vertex 24.5 135.5 174
    endloop
  endfacet
  facet normal 0.707107 0 -0.707107
    outer loop
      vertex 13.5 78 163
      vertex 24.5 11.5 174
      vertex 10.5 55 160
    endloop
  endfacet
  facet normal 0.707107 0 -0.707107
    outer loop
      vertex 10.5 53 160
      vertex 10.5 32 160
      vertex 3 53 152.5
    endloop
  endfacet
  facet normal 0.707107 0 -0.707107
    outer loop
      vertex 10.5 55 160
      vertex 24.5 11.5 174
      vertex 10.5 53 160
    endloop
  endfacet
  facet normal 0.707107 0 -0.707107
    outer loop
      vertex 10.5 53 160
      vertex 24.5 11.5 174
      vertex 10.5 32 160
    endloop
  endfacet
  facet normal 0.707107 -2.69159e-13 -0.707107
    outer loop
      vertex 13.49 23 162.99
      vertex 10.5 30 160
      vertex 13.5 23 163
    endloop
  endfacet
  facet normal 0.707107 0 -0.707107
    outer loop
      vertex 13.5 23 163
      vertex 10.5 32 160
      vertex 24.5 11.5 174
    endloop
  endfacet
  facet normal 0.707107 0 -0.707107
    outer loop
      vertex 10.5 32 160
      vertex 13.5 23 163
      vertex 10.5 30 160
    endloop
  endfacet
  facet normal 0.707107 0 -0.707107
    outer loop
      vertex 13.5 16 163
      vertex 10.5 15.5 160
      vertex 10.5 16 160
    endloop
  endfacet
  facet normal 0.707107 0 -0.707107
    outer loop
      vertex 13.5 23 163
      vertex 24.5 11.5 174
      vertex 13.5 16 163
    endloop
  endfacet
  facet normal 0.707107 0 -0.707107
    outer loop
      vertex 6.5 11.5 156
      vertex 13.5 16 163
      vertex 24.5 11.5 174
    endloop
  endfacet
  facet normal 0.707107 0 -0.707107
    outer loop
      vertex 13.5 16 163
      vertex 6.5 11.5 156
      vertex 10.5 15.5 160
    endloop
  endfacet
  facet normal 0.707107 0 -0.707107
    outer loop
      vertex 3 135.5 152.5
      vertex 10.5 130 160
      vertex 3 130 152.5
    endloop
  endfacet
  facet normal 0.707107 0 -0.707107
    outer loop
      vertex 3 128 152.5
      vertex 10.5 117 160
      vertex 3 117 152.5
    endloop
  endfacet
  facet normal 0.707107 0 -0.707107
    outer loop
      vertex 3 115 152.5
      vertex 10.5 94 160
      vertex 3 94 152.5
    endloop
  endfacet
  facet normal 0.707107 0 -0.707107
    outer loop
      vertex 10.5 82 160
      vertex 10.5 92 160
      vertex 13.49 85 162.99
    endloop
  endfacet
  facet normal 0.707107 0 -0.707107
    outer loop
      vertex 10.5 92 160
      vertex 10.5 82 160
      vertex 3 92 152.5
    endloop
  endfacet
  facet normal 0.707107 0 -0.707107
    outer loop
      vertex 3 92 152.5
      vertex 10.5 82 160
      vertex 3 82 152.5
    endloop
  endfacet
  facet normal 0.707107 0 -0.707107
    outer loop
      vertex 3 70 152.5
      vertex 10.5 68 160
      vertex 3 68 152.5
    endloop
  endfacet
  facet normal 0.707107 0 -0.707107
    outer loop
      vertex 3 66 152.5
      vertex 10.5 55 160
      vertex 3 55 152.5
    endloop
  endfacet
  facet normal 0.707107 0 -0.707107
    outer loop
      vertex 3 53 152.5
      vertex 10.5 32 160
      vertex 3 32 152.5
    endloop
  endfacet
  facet normal 0.707107 0 -0.707107
    outer loop
      vertex 10.5 20 160
      vertex 10.5 30 160
      vertex 13.49 23 162.99
    endloop
  endfacet
  facet normal 0.707107 0 -0.707107
    outer loop
      vertex 10.5 30 160
      vertex 10.5 20 160
      vertex 3 30 152.5
    endloop
  endfacet
  facet normal 0.707107 0 -0.707107
    outer loop
      vertex 3 30 152.5
      vertex 10.5 20 160
      vertex 3 20 152.5
    endloop
  endfacet
  facet normal 1 0 0
    outer loop
      vertex 24.5 144 201.5
      vertex 24.5 143.5 174
      vertex 24.5 144 174
    endloop
  endfacet
  facet normal 1 0 0
    outer loop
      vertex 24.5 144 201.5
      vertex 24.5 135.5 174
      vertex 24.5 143.5 174
    endloop
  endfacet
  facet normal 1 0 0
    outer loop
      vertex 24.5 144 201.5
      vertex 24.5 11.5 174
      vertex 24.5 135.5 174
    endloop
  endfacet
  facet normal 1 -0 0
    outer loop
      vertex 24.5 3 201.5
      vertex 24.5 11.5 174
      vertex 24.5 144 201.5
    endloop
  endfacet
  facet normal 1 0 0
    outer loop
      vertex 24.5 11.5 174
      vertex 24.5 3 201.5
      vertex 24.5 3.5 174
    endloop
  endfacet
  facet normal 1 0 0
    outer loop
      vertex 24.5 3.5 174
      vertex 24.5 3 201.5
      vertex 24.5 3 174
    endloop
  endfacet
  facet normal -1 0 0
    outer loop
      vertex 157 3.5 170
      vertex 157 11.5 174
      vertex 157 11.5 170
    endloop
  endfacet
  facet normal -1 -0 0
    outer loop
      vertex 157 11.5 174
      vertex 157 3.5 170
      vertex 157 3.5 174
    endloop
  endfacet
  facet normal 0 1 0
    outer loop
      vertex 165.5 11.5 174
      vertex 157 11.5 170
      vertex 157 11.5 174
    endloop
  endfacet
  facet normal 0 1 0
    outer loop
      vertex 183.5 11.5 156
      vertex 157 11.5 170
      vertex 165.5 11.5 174
    endloop
  endfacet
  facet normal 0 1 0
    outer loop
      vertex 157 11.5 170
      vertex 183.5 11.5 156
      vertex 183.5 11.5 143.5
    endloop
  endfacet
  facet normal -0.707107 0 -0.707107
    outer loop
      vertex 186.957 7.34737 140.043
      vertex 183.5 11.5 143.5
      vertex 187 8 140
    endloop
  endfacet
  facet normal -0.707107 0 -0.707107
    outer loop
      vertex 186.83 6.7059 140.17
      vertex 183.5 11.5 143.5
      vertex 186.957 7.34737 140.043
    endloop
  endfacet
  facet normal -0.707107 0 -0.707107
    outer loop
      vertex 186.619 6.08658 140.381
      vertex 183.5 11.5 143.5
      vertex 186.83 6.7059 140.17
    endloop
  endfacet
  facet normal -0.707107 0 -0.707107
    outer loop
      vertex 186.33 5.5 140.67
      vertex 183.5 11.5 143.5
      vertex 186.619 6.08658 140.381
    endloop
  endfacet
  facet normal -0.707107 0 -0.707107
    outer loop
      vertex 185.967 4.95619 141.033
      vertex 183.5 11.5 143.5
      vertex 186.33 5.5 140.67
    endloop
  endfacet
  facet normal -0.707107 0 -0.707107
    outer loop
      vertex 185.536 4.46446 141.464
      vertex 183.5 11.5 143.5
      vertex 185.967 4.95619 141.033
    endloop
  endfacet
  facet normal -0.707107 0 -0.707107
    outer loop
      vertex 185.044 4.03323 141.956
      vertex 183.5 11.5 143.5
      vertex 185.536 4.46446 141.464
    endloop
  endfacet
  facet normal -0.707107 0 -0.707107
    outer loop
      vertex 183.5 11.5 143.5
      vertex 185.044 4.03323 141.956
      vertex 184.156 3.5 142.844
    endloop
  endfacet
  facet normal -0.707107 0 -0.707107
    outer loop
      vertex 184.156 3.5 142.844
      vertex 185.044 4.03323 141.956
      vertex 184.5 3.66988 142.5
    endloop
  endfacet
  facet normal -0.707107 0 -0.707107
    outer loop
      vertex 157 3.5 170
      vertex 183.5 11.5 143.5
      vertex 184.156 3.5 142.844
    endloop
  endfacet
  facet normal -0.707107 0 -0.707107
    outer loop
      vertex 183.5 11.5 143.5
      vertex 157 3.5 170
      vertex 157 11.5 170
    endloop
  endfacet
  facet normal -0 0 1
    outer loop
      vertex 157 11.5 174
      vertex 165.5 3.5 174
      vertex 165.5 11.5 174
    endloop
  endfacet
  facet normal 0 0 1
    outer loop
      vertex 165.5 3.5 174
      vertex 157 11.5 174
      vertex 157 3.5 174
    endloop
  endfacet
  facet normal 0 -1 0
    outer loop
      vertex 157 3.5 170
      vertex 165.5 3.5 174
      vertex 157 3.5 174
    endloop
  endfacet
  facet normal 0 -1 0
    outer loop
      vertex 157 3.5 170
      vertex 184.156 3.5 155.344
      vertex 165.5 3.5 174
    endloop
  endfacet
  facet normal -0 -1 -0
    outer loop
      vertex 184.156 3.5 155.344
      vertex 157 3.5 170
      vertex 184.156 3.5 142.844
    endloop
  endfacet
  facet normal 0 1 0
    outer loop
      vertex 165.5 143.5 174
      vertex 157 143.5 170
      vertex 157 143.5 174
    endloop
  endfacet
  facet normal 0 1 0
    outer loop
      vertex 184.156 143.5 155.344
      vertex 157 143.5 170
      vertex 165.5 143.5 174
    endloop
  endfacet
  facet normal 0 1 0
    outer loop
      vertex 157 143.5 170
      vertex 184.156 143.5 155.344
      vertex 184.156 143.5 142.844
    endloop
  endfacet
  facet normal -0.707107 0 -0.707107
    outer loop
      vertex 185.044 142.967 141.956
      vertex 184.156 143.5 142.844
      vertex 184.5 143.33 142.5
    endloop
  endfacet
  facet normal -0.707107 0 -0.707107
    outer loop
      vertex 184.156 143.5 142.844
      vertex 185.044 142.967 141.956
      vertex 187 139 140
    endloop
  endfacet
  facet normal -0.707107 0 -0.707107
    outer loop
      vertex 187 139 140
      vertex 185.044 142.967 141.956
      vertex 185.536 142.536 141.464
    endloop
  endfacet
  facet normal -0.707107 0 -0.707107
    outer loop
      vertex 187 139 140
      vertex 185.536 142.536 141.464
      vertex 185.967 142.044 141.033
    endloop
  endfacet
  facet normal -0.707107 0 -0.707107
    outer loop
      vertex 187 139 140
      vertex 185.967 142.044 141.033
      vertex 186.33 141.5 140.67
    endloop
  endfacet
  facet normal -0.707107 0 -0.707107
    outer loop
      vertex 187 139 140
      vertex 186.33 141.5 140.67
      vertex 186.619 140.913 140.381
    endloop
  endfacet
  facet normal -0.707107 0 -0.707107
    outer loop
      vertex 187 139 140
      vertex 186.619 140.913 140.381
      vertex 186.83 140.294 140.17
    endloop
  endfacet
  facet normal -0.707107 0 -0.707107
    outer loop
      vertex 187 139 140
      vertex 186.83 140.294 140.17
      vertex 186.957 139.653 140.043
    endloop
  endfacet
  facet normal -0.707107 0 -0.707107
    outer loop
      vertex 184.156 143.5 142.844
      vertex 187 139 140
      vertex 187 135.5 140
    endloop
  endfacet
  facet normal -0.707107 0 -0.707107
    outer loop
      vertex 184.156 143.5 142.844
      vertex 187 135.5 140
      vertex 157 135.5 170
    endloop
  endfacet
  facet normal -0.707107 0 -0.707107
    outer loop
      vertex 184.156 143.5 142.844
      vertex 157 135.5 170
      vertex 157 143.5 170
    endloop
  endfacet
  facet normal -1 0 0
    outer loop
      vertex 157 135.5 170
      vertex 157 143.5 174
      vertex 157 143.5 170
    endloop
  endfacet
  facet normal -1 -0 0
    outer loop
      vertex 157 143.5 174
      vertex 157 135.5 170
      vertex 157 135.5 174
    endloop
  endfacet
  facet normal -0 0 1
    outer loop
      vertex 157 143.5 174
      vertex 165.5 135.5 174
      vertex 165.5 143.5 174
    endloop
  endfacet
  facet normal 0 0 1
    outer loop
      vertex 165.5 135.5 174
      vertex 157 143.5 174
      vertex 157 135.5 174
    endloop
  endfacet
  facet normal 0 -1 0
    outer loop
      vertex 157 135.5 170
      vertex 165.5 135.5 174
      vertex 157 135.5 174
    endloop
  endfacet
  facet normal 0 -1 0
    outer loop
      vertex 157 135.5 170
      vertex 187 135.5 152.5
      vertex 165.5 135.5 174
    endloop
  endfacet
  facet normal -0 -1 -0
    outer loop
      vertex 187 135.5 152.5
      vertex 157 135.5 170
      vertex 187 135.5 140
    endloop
  endfacet
  facet normal -0.707107 0 -0.707107
    outer loop
      vertex 183.294 3.17036 156.206
      vertex 184.156 3.5 155.344
      vertex 183.913 3.3806 155.587
    endloop
  endfacet
  facet normal -0.707107 0 -0.707107
    outer loop
      vertex 184.156 3.5 155.344
      vertex 183.294 3.17036 156.206
      vertex 182 3 157.5
    endloop
  endfacet
  facet normal -0.707107 0 -0.707107
    outer loop
      vertex 182 3 157.5
      vertex 183.294 3.17036 156.206
      vertex 182.653 3.04277 156.847
    endloop
  endfacet
  facet normal -0.707107 0 -0.707107
    outer loop
      vertex 184.156 3.5 155.344
      vertex 182 3 157.5
      vertex 165.5 3.5 174
    endloop
  endfacet
  facet normal -0.707107 -0 -0.707107
    outer loop
      vertex 165.5 3.5 174
      vertex 182 3 157.5
      vertex 165.5 3 174
    endloop
  endfacet
  facet normal -0.707107 0 -0.707107
    outer loop
      vertex 184.156 143.5 155.344
      vertex 182 144 157.5
      vertex 182.653 143.957 156.847
    endloop
  endfacet
  facet normal -0.707107 0 -0.707107
    outer loop
      vertex 184.156 143.5 155.344
      vertex 182.653 143.957 156.847
      vertex 183.294 143.83 156.206
    endloop
  endfacet
  facet normal -0.707107 0 -0.707107
    outer loop
      vertex 184.156 143.5 155.344
      vertex 183.294 143.83 156.206
      vertex 183.913 143.619 155.587
    endloop
  endfacet
  facet normal -0.707107 0 -0.707107
    outer loop
      vertex 182 144 157.5
      vertex 184.156 143.5 155.344
      vertex 165.5 143.5 174
    endloop
  endfacet
  facet normal -0.707107 0 -0.707107
    outer loop
      vertex 182 144 157.5
      vertex 165.5 143.5 174
      vertex 165.5 144 174
    endloop
  endfacet
  facet normal -0.707107 -0 -0.707107
    outer loop
      vertex 179.5 16 160
      vertex 179.5 15.5 160
      vertex 176.5 16 163
    endloop
  endfacet
  facet normal -0.707107 0 -0.707107
    outer loop
      vertex 179.5 20 160
      vertex 179.5 30 160
      vertex 187 30 152.5
    endloop
  endfacet
  facet normal -0.707107 0 -0.707107
    outer loop
      vertex 179.5 20 160
      vertex 187 30 152.5
      vertex 187 20 152.5
    endloop
  endfacet
  facet normal -0.707107 -0 -0.707107
    outer loop
      vertex 179.5 30 160
      vertex 179.5 20 160
      vertex 176.51 23 162.99
    endloop
  endfacet
  facet normal -0.707107 -0 -0.707107
    outer loop
      vertex 187 53 152.5
      vertex 187 32 152.5
      vertex 179.5 53 160
    endloop
  endfacet
  facet normal -0.707107 -0 -0.707107
    outer loop
      vertex 187 66 152.5
      vertex 187 55 152.5
      vertex 179.5 66 160
    endloop
  endfacet
  facet normal -0.707107 -0 -0.707107
    outer loop
      vertex 179.5 78 160
      vertex 179.5 77.5 160
      vertex 176.5 78 163
    endloop
  endfacet
  facet normal -0.707107 0 -0.707107
    outer loop
      vertex 179.5 82 160
      vertex 179.5 92 160
      vertex 187 92 152.5
    endloop
  endfacet
  facet normal -0.707107 0 -0.707107
    outer loop
      vertex 179.5 82 160
      vertex 187 92 152.5
      vertex 187 82 152.5
    endloop
  endfacet
  facet normal -0.707107 -0 -0.707107
    outer loop
      vertex 179.5 92 160
      vertex 179.5 82 160
      vertex 176.51 85 162.99
    endloop
  endfacet
  facet normal -0.707107 -0 -0.707107
    outer loop
      vertex 187 115 152.5
      vertex 187 94 152.5
      vertex 179.5 115 160
    endloop
  endfacet
  facet normal -0.707107 -0 -0.707107
    outer loop
      vertex 187 128 152.5
      vertex 187 117 152.5
      vertex 179.5 128 160
    endloop
  endfacet
  facet normal -0.707107 0 -0.707107
    outer loop
      vertex 179.5 130 160
      vertex 187 135.5 152.5
      vertex 187 130 152.5
    endloop
  endfacet
  facet normal -0.707107 0 -0.707107
    outer loop
      vertex 187 135.5 152.5
      vertex 179.5 130 160
      vertex 165.5 135.5 174
    endloop
  endfacet
  facet normal -0.707107 0 -0.707107
    outer loop
      vertex 179.5 128 160
      vertex 165.5 135.5 174
      vertex 179.5 130 160
    endloop
  endfacet
  facet normal -0.707107 0 -0.707107
    outer loop
      vertex 179.5 117 160
      vertex 179.5 128 160
      vertex 187 117 152.5
    endloop
  endfacet
  facet normal -0.707107 -0 -0.707107
    outer loop
      vertex 179.5 128 160
      vertex 179.5 117 160
      vertex 165.5 135.5 174
    endloop
  endfacet
  facet normal -0.707107 0 -0.707107
    outer loop
      vertex 179.5 115 160
      vertex 165.5 135.5 174
      vertex 179.5 117 160
    endloop
  endfacet
  facet normal -0.707107 0 -0.707107
    outer loop
      vertex 179.5 94 160
      vertex 179.5 115 160
      vertex 187 94 152.5
    endloop
  endfacet
  facet normal -0.707107 -0 -0.707107
    outer loop
      vertex 179.5 115 160
      vertex 179.5 94 160
      vertex 165.5 135.5 174
    endloop
  endfacet
  facet normal -0.707107 0 -0.707107
    outer loop
      vertex 176.5 85 163
      vertex 179.5 94 160
      vertex 179.5 92 160
    endloop
  endfacet
  facet normal -0.707107 0 -0.707107
    outer loop
      vertex 176.5 85 163
      vertex 179.5 92 160
      vertex 176.51 85 162.99
    endloop
  endfacet
  facet normal -0.707107 0 -0.707107
    outer loop
      vertex 179.5 94 160
      vertex 176.5 85 163
      vertex 165.5 135.5 174
    endloop
  endfacet
  facet normal -0.707107 0 -0.707107
    outer loop
      vertex 176.5 78 163
      vertex 165.5 135.5 174
      vertex 176.5 85 163
    endloop
  endfacet
  facet normal -0.707107 0 -0.707107
    outer loop
      vertex 179.5 68 160
      vertex 179.5 77.5 160
      vertex 187 70 152.5
    endloop
  endfacet
  facet normal -0.707107 0 -0.707107
    outer loop
      vertex 179.5 68 160
      vertex 187 70 152.5
      vertex 187 68 152.5
    endloop
  endfacet
  facet normal -0.707107 -0 -0.707107
    outer loop
      vertex 179.5 77.5 160
      vertex 179.5 68 160
      vertex 176.5 78 163
    endloop
  endfacet
  facet normal -0.707107 0 -0.707107
    outer loop
      vertex 179.5 66 160
      vertex 176.5 78 163
      vertex 179.5 68 160
    endloop
  endfacet
  facet normal -0.707107 0 -0.707107
    outer loop
      vertex 179.5 55 160
      vertex 179.5 66 160
      vertex 187 55 152.5
    endloop
  endfacet
  facet normal -0.707107 0 -0.707107
    outer loop
      vertex 179.5 55 160
      vertex 176.5 78 163
      vertex 179.5 66 160
    endloop
  endfacet
  facet normal -0.707107 0 -0.707107
    outer loop
      vertex 165.5 11.5 174
      vertex 176.5 78 163
      vertex 179.5 55 160
    endloop
  endfacet
  facet normal -0.707107 0 -0.707107
    outer loop
      vertex 165.5 11.5 174
      vertex 179.5 55 160
      vertex 179.5 53 160
    endloop
  endfacet
  facet normal -0.707107 0 -0.707107
    outer loop
      vertex 179.5 32 160
      vertex 179.5 53 160
      vertex 187 32 152.5
    endloop
  endfacet
  facet normal -0.707107 0 -0.707107
    outer loop
      vertex 165.5 11.5 174
      vertex 179.5 53 160
      vertex 179.5 32 160
    endloop
  endfacet
  facet normal -0.707107 0 -0.707107
    outer loop
      vertex 176.5 23 163
      vertex 179.5 32 160
      vertex 179.5 30 160
    endloop
  endfacet
  facet normal -0.707107 0 -0.707107
    outer loop
      vertex 176.5 23 163
      vertex 179.5 30 160
      vertex 176.51 23 162.99
    endloop
  endfacet
  facet normal -0.707107 0 -0.707107
    outer loop
      vertex 179.5 32 160
      vertex 176.5 23 163
      vertex 165.5 11.5 174
    endloop
  endfacet
  facet normal -0.707107 0 -0.707107
    outer loop
      vertex 165.5 11.5 174
      vertex 176.5 23 163
      vertex 176.5 16 163
    endloop
  endfacet
  facet normal -0.707107 0 -0.707107
    outer loop
      vertex 183.5 11.5 156
      vertex 176.5 16 163
      vertex 179.5 15.5 160
    endloop
  endfacet
  facet normal -0.707107 0 -0.707107
    outer loop
      vertex 176.5 78 163
      vertex 165.5 11.5 174
      vertex 165.5 135.5 174
    endloop
  endfacet
  facet normal -0.707107 0 -0.707107
    outer loop
      vertex 165.5 11.5 174
      vertex 176.5 16 163
      vertex 183.5 11.5 156
    endloop
  endfacet
  facet normal -1 0 0
    outer loop
      vertex 165.5 143.5 174
      vertex 165.5 144 201.5
      vertex 165.5 144 174
    endloop
  endfacet
  facet normal -1 0 0
    outer loop
      vertex 165.5 135.5 174
      vertex 165.5 144 201.5
      vertex 165.5 143.5 174
    endloop
  endfacet
  facet normal -1 0 0
    outer loop
      vertex 165.5 11.5 174
      vertex 165.5 144 201.5
      vertex 165.5 135.5 174
    endloop
  endfacet
  facet normal -1 0 0
    outer loop
      vertex 165.5 3 201.5
      vertex 165.5 11.5 174
      vertex 165.5 3.5 174
    endloop
  endfacet
  facet normal -1 0 0
    outer loop
      vertex 165.5 3 201.5
      vertex 165.5 3.5 174
      vertex 165.5 3 174
    endloop
  endfacet
  facet normal -1 0 0
    outer loop
      vertex 165.5 11.5 174
      vertex 165.5 3 201.5
      vertex 165.5 144 201.5
    endloop
  endfacet
  facet normal -0 0 1
    outer loop
      vertex 10.5 16 160
      vertex 10.5 15.5 160
      vertex 11 16 160
    endloop
  endfacet
  facet normal 0.707107 -0.707107 0
    outer loop
      vertex 6.5 11.5 156
      vertex 11 16 160
      vertex 10.5 15.5 160
    endloop
  endfacet
  facet normal 0.707107 -0.707107 0
    outer loop
      vertex 11 16 160
      vertex 6.5 11.5 156
      vertex 6.5 11.5 143.5
    endloop
  endfacet
  facet normal 0.707107 -0.707107 0
    outer loop
      vertex 11 16 160
      vertex 6.5 11.5 143.5
      vertex 11 16 0
    endloop
  endfacet
  facet normal 0.707107 -0.707107 0
    outer loop
      vertex 3 8 140
      vertex 11 16 0
      vertex 6.5 11.5 143.5
    endloop
  endfacet
  facet normal 0.707107 -0.707107 0
    outer loop
      vertex 11 16 0
      vertex 3 8 140
      vertex 3 8 0
    endloop
  endfacet
  facet normal 0 -1 0
    outer loop
      vertex 11 16 160
      vertex 13.5 16 163
      vertex 10.5 16 160
    endloop
  endfacet
  facet normal 0 -1 -0
    outer loop
      vertex 13.5 16 163
      vertex 11 16 160
      vertex 26 16 163
    endloop
  endfacet
  facet normal 0 -1 0
    outer loop
      vertex 26 16 0
      vertex 11 16 160
      vertex 11 16 0
    endloop
  endfacet
  facet normal 0 -1 0
    outer loop
      vertex 11 16 160
      vertex 26 16 0
      vertex 26 16 163
    endloop
  endfacet
  facet normal 0 1 0
    outer loop
      vertex 26 20 160
      vertex 3 20 152.5
      vertex 10.5 20 160
    endloop
  endfacet
  facet normal 0 1 -0
    outer loop
      vertex 26 20 0
      vertex 3 20 152.5
      vertex 26 20 160
    endloop
  endfacet
  facet normal 0 1 0
    outer loop
      vertex 3 20 152.5
      vertex 26 20 0
      vertex 3 20 0
    endloop
  endfacet
  facet normal 1 0 0
    outer loop
      vertex 26 23 163
      vertex 26 20 160
      vertex 26 23 162.99
    endloop
  endfacet
  facet normal 1 -0 0
    outer loop
      vertex 26 16 163
      vertex 26 20 160
      vertex 26 23 163
    endloop
  endfacet
  facet normal 1 0 0
    outer loop
      vertex 26 16 0
      vertex 26 20 160
      vertex 26 16 163
    endloop
  endfacet
  facet normal 1 0 0
    outer loop
      vertex 26 20 160
      vertex 26 16 0
      vertex 26 20 0
    endloop
  endfacet
  facet normal 0 0.705925 -0.708286
    outer loop
      vertex 26 20 160
      vertex 13.49 23 162.99
      vertex 26 23 162.99
    endloop
  endfacet
  facet normal 0 0.705925 -0.708286
    outer loop
      vertex 13.49 23 162.99
      vertex 26 20 160
      vertex 10.5 20 160
    endloop
  endfacet
  facet normal 0 1 -0
    outer loop
      vertex 26 23 162.99
      vertex 13.5 23 163
      vertex 26 23 163
    endloop
  endfacet
  facet normal 0 1 0
    outer loop
      vertex 13.5 23 163
      vertex 26 23 162.99
      vertex 13.49 23 162.99
    endloop
  endfacet
  facet normal -0 0 1
    outer loop
      vertex 13.5 23 163
      vertex 26 16 163
      vertex 26 23 163
    endloop
  endfacet
  facet normal 0 0 1
    outer loop
      vertex 26 16 163
      vertex 13.5 23 163
      vertex 13.5 16 163
    endloop
  endfacet
  facet normal 1 -0 0
    outer loop
      vertex 19.7 30 160
      vertex 19.7 32 0
      vertex 19.7 32 160
    endloop
  endfacet
  facet normal 1 0 0
    outer loop
      vertex 19.7 32 0
      vertex 19.7 30 160
      vertex 19.7 30 0
    endloop
  endfacet
  facet normal 0 1 0
    outer loop
      vertex 19.7 32 160
      vertex 3 32 152.5
      vertex 10.5 32 160
    endloop
  endfacet
  facet normal 0 1 -0
    outer loop
      vertex 19.7 32 0
      vertex 3 32 152.5
      vertex 19.7 32 160
    endloop
  endfacet
  facet normal 0 1 0
    outer loop
      vertex 3 32 152.5
      vertex 19.7 32 0
      vertex 3 32 0
    endloop
  endfacet
  facet normal 0 -1 0
    outer loop
      vertex 3 30 152.5
      vertex 19.7 30 160
      vertex 10.5 30 160
    endloop
  endfacet
  facet normal 0 -1 0
    outer loop
      vertex 19.7 30 0
      vertex 3 30 152.5
      vertex 3 30 0
    endloop
  endfacet
  facet normal 0 -1 0
    outer loop
      vertex 3 30 152.5
      vertex 19.7 30 0
      vertex 19.7 30 160
    endloop
  endfacet
  facet normal -0 0 1
    outer loop
      vertex 10.5 32 160
      vertex 19.7 30 160
      vertex 19.7 32 160
    endloop
  endfacet
  facet normal 0 0 1
    outer loop
      vertex 19.7 30 160
      vertex 10.5 32 160
      vertex 10.5 30 160
    endloop
  endfacet
  facet normal 1 -0 0
    outer loop
      vertex 19.7 53 160
      vertex 19.7 55 0
      vertex 19.7 55 160
    endloop
  endfacet
  facet normal 1 0 0
    outer loop
      vertex 19.7 55 0
      vertex 19.7 53 160
      vertex 19.7 53 0
    endloop
  endfacet
  facet normal 0 1 0
    outer loop
      vertex 19.7 55 160
      vertex 3 55 152.5
      vertex 10.5 55 160
    endloop
  endfacet
  facet normal 0 1 -0
    outer loop
      vertex 19.7 55 0
      vertex 3 55 152.5
      vertex 19.7 55 160
    endloop
  endfacet
  facet normal 0 1 0
    outer loop
      vertex 3 55 152.5
      vertex 19.7 55 0
      vertex 3 55 0
    endloop
  endfacet
  facet normal 0 -1 0
    outer loop
      vertex 3 53 152.5
      vertex 19.7 53 160
      vertex 10.5 53 160
    endloop
  endfacet
  facet normal 0 -1 0
    outer loop
      vertex 19.7 53 0
      vertex 3 53 152.5
      vertex 3 53 0
    endloop
  endfacet
  facet normal 0 -1 0
    outer loop
      vertex 3 53 152.5
      vertex 19.7 53 0
      vertex 19.7 53 160
    endloop
  endfacet
  facet normal -0 0 1
    outer loop
      vertex 10.5 55 160
      vertex 19.7 53 160
      vertex 19.7 55 160
    endloop
  endfacet
  facet normal 0 0 1
    outer loop
      vertex 19.7 53 160
      vertex 10.5 55 160
      vertex 10.5 53 160
    endloop
  endfacet
  facet normal 0 1 0
    outer loop
      vertex 26 68 160
      vertex 3 68 152.5
      vertex 10.5 68 160
    endloop
  endfacet
  facet normal 0 1 -0
    outer loop
      vertex 26 68 44.5
      vertex 3 68 152.5
      vertex 26 68 160
    endloop
  endfacet
  facet normal 0 1 0
    outer loop
      vertex 3 68 152.5
      vertex 26 68 44.5
      vertex 3 68 10
    endloop
  endfacet
  facet normal 0.83205 0 -0.5547
    outer loop
      vertex 26 66 44.5
      vertex 3 68 10
      vertex 26 68 44.5
    endloop
  endfacet
  facet normal 0.83205 0 -0.5547
    outer loop
      vertex 3 68 10
      vertex 26 66 44.5
      vertex 3 66 10
    endloop
  endfacet
  facet normal 1 -0 0
    outer loop
      vertex 26 66 160
      vertex 26 68 44.5
      vertex 26 68 160
    endloop
  endfacet
  facet normal 1 0 0
    outer loop
      vertex 26 68 44.5
      vertex 26 66 160
      vertex 26 66 44.5
    endloop
  endfacet
  facet normal -0 0 1
    outer loop
      vertex 10.5 68 160
      vertex 26 66 160
      vertex 26 68 160
    endloop
  endfacet
  facet normal 0 0 1
    outer loop
      vertex 26 66 160
      vertex 10.5 68 160
      vertex 10.5 66 160
    endloop
  endfacet
  facet normal 0 -1 0
    outer loop
      vertex 3 66 152.5
      vertex 26 66 160
      vertex 10.5 66 160
    endloop
  endfacet
  facet normal 0 -1 0
    outer loop
      vertex 3 66 152.5
      vertex 26 66 44.5
      vertex 26 66 160
    endloop
  endfacet
  facet normal -0 -1 0
    outer loop
      vertex 26 66 44.5
      vertex 3 66 152.5
      vertex 3 66 10
    endloop
  endfacet
  facet normal 0 -0 1
    outer loop
      vertex 179.5 15.5 160
      vertex 179.5 16 160
      vertex 179 16 160
    endloop
  endfacet
  facet normal -0.707107 -0.707107 0
    outer loop
      vertex 183.5 11.5 143.5
      vertex 179 16 160
      vertex 179 16 0
    endloop
  endfacet
  facet normal -0.707107 -0.707107 -0
    outer loop
      vertex 183.5 11.5 156
      vertex 179 16 160
      vertex 183.5 11.5 143.5
    endloop
  endfacet
  facet normal -0.707107 -0.707107 -0
    outer loop
      vertex 187 8 140
      vertex 179 16 0
      vertex 187 8 0
    endloop
  endfacet
  facet normal -0.707107 -0.707107 0
    outer loop
      vertex 179 16 0
      vertex 187 8 140
      vertex 183.5 11.5 143.5
    endloop
  endfacet
  facet normal -0.707107 -0.707107 0
    outer loop
      vertex 179 16 160
      vertex 183.5 11.5 156
      vertex 179.5 15.5 160
    endloop
  endfacet
  facet normal 0 -1 0
    outer loop
      vertex 164 16 163
      vertex 179 16 160
      vertex 176.5 16 163
    endloop
  endfacet
  facet normal 0 -1 0
    outer loop
      vertex 164 16 0
      vertex 179 16 160
      vertex 164 16 163
    endloop
  endfacet
  facet normal 0 -1 -0
    outer loop
      vertex 179 16 160
      vertex 164 16 0
      vertex 179 16 0
    endloop
  endfacet
  facet normal 0 -1 0
    outer loop
      vertex 176.5 16 163
      vertex 179 16 160
      vertex 179.5 16 160
    endloop
  endfacet
  facet normal 0 1 0
    outer loop
      vertex 187 20 152.5
      vertex 164 20 160
      vertex 179.5 20 160
    endloop
  endfacet
  facet normal 0 1 0
    outer loop
      vertex 164 20 0
      vertex 187 20 152.5
      vertex 187 20 0
    endloop
  endfacet
  facet normal 0 1 0
    outer loop
      vertex 187 20 152.5
      vertex 164 20 0
      vertex 164 20 160
    endloop
  endfacet
  facet normal -1 0 0
    outer loop
      vertex 164 20 0
      vertex 164 16 0
      vertex 164 20 160
    endloop
  endfacet
  facet normal -1 0 0
    outer loop
      vertex 164 20 160
      vertex 164 23 163
      vertex 164 23 162.99
    endloop
  endfacet
  facet normal -1 0 0
    outer loop
      vertex 164 20 160
      vertex 164 16 163
      vertex 164 23 163
    endloop
  endfacet
  facet normal -1 0 0
    outer loop
      vertex 164 16 163
      vertex 164 20 160
      vertex 164 16 0
    endloop
  endfacet
  facet normal 0 0.705925 -0.708286
    outer loop
      vertex 164 20 160
      vertex 176.51 23 162.99
      vertex 179.5 20 160
    endloop
  endfacet
  facet normal 0 0.705925 -0.708286
    outer loop
      vertex 176.51 23 162.99
      vertex 164 20 160
      vertex 164 23 162.99
    endloop
  endfacet
  facet normal 0 1 0
    outer loop
      vertex 164 23 162.99
      vertex 176.5 23 163
      vertex 176.51 23 162.99
    endloop
  endfacet
  facet normal 0 1 0
    outer loop
      vertex 176.5 23 163
      vertex 164 23 162.99
      vertex 164 23 163
    endloop
  endfacet
  facet normal -0 0 1
    outer loop
      vertex 164 23 163
      vertex 176.5 16 163
      vertex 176.5 23 163
    endloop
  endfacet
  facet normal 0 0 1
    outer loop
      vertex 176.5 16 163
      vertex 164 23 163
      vertex 164 16 163
    endloop
  endfacet
  facet normal -1 0 0
    outer loop
      vertex 170.3 30 0
      vertex 170.3 32 160
      vertex 170.3 32 0
    endloop
  endfacet
  facet normal -1 -0 0
    outer loop
      vertex 170.3 32 160
      vertex 170.3 30 0
      vertex 170.3 30 160
    endloop
  endfacet
  facet normal 0 1 0
    outer loop
      vertex 187 32 152.5
      vertex 170.3 32 160
      vertex 179.5 32 160
    endloop
  endfacet
  facet normal 0 1 0
    outer loop
      vertex 170.3 32 0
      vertex 187 32 152.5
      vertex 187 32 0
    endloop
  endfacet
  facet normal 0 1 0
    outer loop
      vertex 187 32 152.5
      vertex 170.3 32 0
      vertex 170.3 32 160
    endloop
  endfacet
  facet normal 0 -1 0
    outer loop
      vertex 170.3 30 160
      vertex 187 30 152.5
      vertex 179.5 30 160
    endloop
  endfacet
  facet normal 0 -1 0
    outer loop
      vertex 170.3 30 0
      vertex 187 30 152.5
      vertex 170.3 30 160
    endloop
  endfacet
  facet normal 0 -1 -0
    outer loop
      vertex 187 30 152.5
      vertex 170.3 30 0
      vertex 187 30 0
    endloop
  endfacet
  facet normal -0 0 1
    outer loop
      vertex 170.3 32 160
      vertex 179.5 30 160
      vertex 179.5 32 160
    endloop
  endfacet
  facet normal 0 0 1
    outer loop
      vertex 179.5 30 160
      vertex 170.3 32 160
      vertex 170.3 30 160
    endloop
  endfacet
  facet normal -1 0 0
    outer loop
      vertex 170.3 53 0
      vertex 170.3 55 160
      vertex 170.3 55 0
    endloop
  endfacet
  facet normal -1 -0 0
    outer loop
      vertex 170.3 55 160
      vertex 170.3 53 0
      vertex 170.3 53 160
    endloop
  endfacet
  facet normal 0 1 0
    outer loop
      vertex 187 55 152.5
      vertex 170.3 55 160
      vertex 179.5 55 160
    endloop
  endfacet
  facet normal 0 1 0
    outer loop
      vertex 170.3 55 0
      vertex 187 55 152.5
      vertex 187 55 0
    endloop
  endfacet
  facet normal 0 1 0
    outer loop
      vertex 187 55 152.5
      vertex 170.3 55 0
      vertex 170.3 55 160
    endloop
  endfacet
  facet normal 0 -1 0
    outer loop
      vertex 170.3 53 160
      vertex 187 53 152.5
      vertex 179.5 53 160
    endloop
  endfacet
  facet normal 0 -1 0
    outer loop
      vertex 170.3 53 0
      vertex 187 53 152.5
      vertex 170.3 53 160
    endloop
  endfacet
  facet normal 0 -1 -0
    outer loop
      vertex 187 53 152.5
      vertex 170.3 53 0
      vertex 187 53 0
    endloop
  endfacet
  facet normal -0 0 1
    outer loop
      vertex 170.3 55 160
      vertex 179.5 53 160
      vertex 179.5 55 160
    endloop
  endfacet
  facet normal 0 0 1
    outer loop
      vertex 179.5 53 160
      vertex 170.3 55 160
      vertex 170.3 53 160
    endloop
  endfacet
  facet normal 0 1 0
    outer loop
      vertex 187 68 152.5
      vertex 164 68 160
      vertex 179.5 68 160
    endloop
  endfacet
  facet normal 0 1 0
    outer loop
      vertex 187 68 152.5
      vertex 164 68 44.5
      vertex 164 68 160
    endloop
  endfacet
  facet normal -0 1 0
    outer loop
      vertex 164 68 44.5
      vertex 187 68 152.5
      vertex 187 68 10
    endloop
  endfacet
  facet normal -0.83205 0 -0.5547
    outer loop
      vertex 187 66 10
      vertex 164 68 44.5
      vertex 187 68 10
    endloop
  endfacet
  facet normal -0.83205 -0 -0.5547
    outer loop
      vertex 164 68 44.5
      vertex 187 66 10
      vertex 164 66 44.5
    endloop
  endfacet
  facet normal -1 0 0
    outer loop
      vertex 164 66 44.5
      vertex 164 68 160
      vertex 164 68 44.5
    endloop
  endfacet
  facet normal -1 -0 0
    outer loop
      vertex 164 68 160
      vertex 164 66 44.5
      vertex 164 66 160
    endloop
  endfacet
  facet normal -0 0 1
    outer loop
      vertex 164 68 160
      vertex 179.5 66 160
      vertex 179.5 68 160
    endloop
  endfacet
  facet normal 0 0 1
    outer loop
      vertex 179.5 66 160
      vertex 164 68 160
      vertex 164 66 160
    endloop
  endfacet
  facet normal 0 -1 0
    outer loop
      vertex 164 66 160
      vertex 187 66 152.5
      vertex 179.5 66 160
    endloop
  endfacet
  facet normal 0 -1 0
    outer loop
      vertex 164 66 44.5
      vertex 187 66 152.5
      vertex 164 66 160
    endloop
  endfacet
  facet normal 0 -1 -0
    outer loop
      vertex 187 66 152.5
      vertex 164 66 44.5
      vertex 187 66 10
    endloop
  endfacet
  facet normal 0.83205 0 -0.5547
    outer loop
      vertex 11 78 22
      vertex 26 82 44.5
      vertex 26 78 44.5
    endloop
  endfacet
  facet normal 0.83205 0 -0.5547
    outer loop
      vertex 26 82 44.5
      vertex 11 78 22
      vertex 3 82 10
    endloop
  endfacet
  facet normal 0.83205 0 -0.5547
    outer loop
      vertex 3 82 10
      vertex 11 78 22
      vertex 3 70 10
    endloop
  endfacet
  facet normal -0 0 1
    outer loop
      vertex 10.5 78 160
      vertex 10.5 77.5 160
      vertex 11 78 160
    endloop
  endfacet
  facet normal 0.707107 -0.707107 0
    outer loop
      vertex 3 70 152.5
      vertex 11 78 160
      vertex 10.5 77.5 160
    endloop
  endfacet
  facet normal 0.707107 -0.707107 0
    outer loop
      vertex 11 78 160
      vertex 3 70 152.5
      vertex 11 78 22
    endloop
  endfacet
  facet normal 0.707107 -0.707107 0
    outer loop
      vertex 11 78 22
      vertex 3 70 152.5
      vertex 3 70 10
    endloop
  endfacet
  facet normal 0 -1 0
    outer loop
      vertex 11 78 160
      vertex 13.5 78 163
      vertex 10.5 78 160
    endloop
  endfacet
  facet normal 0 -1 -0
    outer loop
      vertex 13.5 78 163
      vertex 11 78 160
      vertex 26 78 163
    endloop
  endfacet
  facet normal 0 -1 0
    outer loop
      vertex 11 78 160
      vertex 26 78 44.5
      vertex 26 78 163
    endloop
  endfacet
  facet normal -0 -1 0
    outer loop
      vertex 26 78 44.5
      vertex 11 78 160
      vertex 11 78 22
    endloop
  endfacet
  facet normal 1 0 0
    outer loop
      vertex 26 85 163
      vertex 26 82 160
      vertex 26 85 162.99
    endloop
  endfacet
  facet normal 1 -0 0
    outer loop
      vertex 26 78 163
      vertex 26 82 160
      vertex 26 85 163
    endloop
  endfacet
  facet normal 1 0 0
    outer loop
      vertex 26 78 44.5
      vertex 26 82 160
      vertex 26 78 163
    endloop
  endfacet
  facet normal 1 0 0
    outer loop
      vertex 26 82 160
      vertex 26 78 44.5
      vertex 26 82 44.5
    endloop
  endfacet
  facet normal 0 1 0
    outer loop
      vertex 26 82 160
      vertex 3 82 152.5
      vertex 10.5 82 160
    endloop
  endfacet
  facet normal 0 1 -0
    outer loop
      vertex 26 82 44.5
      vertex 3 82 152.5
      vertex 26 82 160
    endloop
  endfacet
  facet normal 0 1 0
    outer loop
      vertex 3 82 152.5
      vertex 26 82 44.5
      vertex 3 82 10
    endloop
  endfacet
  facet normal 0 1 -0
    outer loop
      vertex 26 85 162.99
      vertex 13.5 85 163
      vertex 26 85 163
    endloop
  endfacet
  facet normal 0 1 0
    outer loop
      vertex 13.5 85 163
      vertex 26 85 162.99
      vertex 13.49 85 162.99
    endloop
  endfacet
  facet normal -0 0 1
    outer loop
      vertex 13.5 85 163
      vertex 26 78 163
      vertex 26 85 163
    endloop
  endfacet
  facet normal 0 0 1
    outer loop
      vertex 26 78 163
      vertex 13.5 85 163
      vertex 13.5 78 163
    endloop
  endfacet
  facet normal 0 0.705925 -0.708286
    outer loop
      vertex 26 82 160
      vertex 13.49 85 162.99
      vertex 26 85 162.99
    endloop
  endfacet
  facet normal 0 0.705925 -0.708286
    outer loop
      vertex 13.49 85 162.99
      vertex 26 82 160
      vertex 10.5 82 160
    endloop
  endfacet
  facet normal 1 -0 0
    outer loop
      vertex 19.7 92 160
      vertex 19.7 94 0
      vertex 19.7 94 160
    endloop
  endfacet
  facet normal 1 0 0
    outer loop
      vertex 19.7 94 0
      vertex 19.7 92 160
      vertex 19.7 92 0
    endloop
  endfacet
  facet normal 0 1 0
    outer loop
      vertex 19.7 94 160
      vertex 3 94 152.5
      vertex 10.5 94 160
    endloop
  endfacet
  facet normal 0 1 -0
    outer loop
      vertex 19.7 94 0
      vertex 3 94 152.5
      vertex 19.7 94 160
    endloop
  endfacet
  facet normal 0 1 0
    outer loop
      vertex 3 94 152.5
      vertex 19.7 94 0
      vertex 3 94 0
    endloop
  endfacet
  facet normal 0 -1 0
    outer loop
      vertex 3 92 152.5
      vertex 19.7 92 160
      vertex 10.5 92 160
    endloop
  endfacet
  facet normal 0 -1 0
    outer loop
      vertex 19.7 92 0
      vertex 3 92 152.5
      vertex 3 92 0
    endloop
  endfacet
  facet normal 0 -1 0
    outer loop
      vertex 3 92 152.5
      vertex 19.7 92 0
      vertex 19.7 92 160
    endloop
  endfacet
  facet normal -0 0 1
    outer loop
      vertex 10.5 94 160
      vertex 19.7 92 160
      vertex 19.7 94 160
    endloop
  endfacet
  facet normal 0 0 1
    outer loop
      vertex 19.7 92 160
      vertex 10.5 94 160
      vertex 10.5 92 160
    endloop
  endfacet
  facet normal 1 -0 0
    outer loop
      vertex 19.7 115 160
      vertex 19.7 117 0
      vertex 19.7 117 160
    endloop
  endfacet
  facet normal 1 0 0
    outer loop
      vertex 19.7 117 0
      vertex 19.7 115 160
      vertex 19.7 115 0
    endloop
  endfacet
  facet normal 0 1 0
    outer loop
      vertex 19.7 117 160
      vertex 3 117 152.5
      vertex 10.5 117 160
    endloop
  endfacet
  facet normal 0 1 -0
    outer loop
      vertex 19.7 117 0
      vertex 3 117 152.5
      vertex 19.7 117 160
    endloop
  endfacet
  facet normal 0 1 0
    outer loop
      vertex 3 117 152.5
      vertex 19.7 117 0
      vertex 3 117 0
    endloop
  endfacet
  facet normal 0 -1 0
    outer loop
      vertex 3 115 152.5
      vertex 19.7 115 160
      vertex 10.5 115 160
    endloop
  endfacet
  facet normal 0 -1 0
    outer loop
      vertex 19.7 115 0
      vertex 3 115 152.5
      vertex 3 115 0
    endloop
  endfacet
  facet normal 0 -1 0
    outer loop
      vertex 3 115 152.5
      vertex 19.7 115 0
      vertex 19.7 115 160
    endloop
  endfacet
  facet normal -0 0 1
    outer loop
      vertex 10.5 117 160
      vertex 19.7 115 160
      vertex 19.7 117 160
    endloop
  endfacet
  facet normal 0 0 1
    outer loop
      vertex 19.7 115 160
      vertex 10.5 117 160
      vertex 10.5 115 160
    endloop
  endfacet
  facet normal 0 -1 0
    outer loop
      vertex 3 128 152.5
      vertex 26 128 160
      vertex 10.5 128 160
    endloop
  endfacet
  facet normal 0 -1 0
    outer loop
      vertex 26 128 0
      vertex 3 128 152.5
      vertex 3 128 0
    endloop
  endfacet
  facet normal 0 -1 0
    outer loop
      vertex 3 128 152.5
      vertex 26 128 0
      vertex 26 128 160
    endloop
  endfacet
  facet normal 0 1 0
    outer loop
      vertex 26 130 160
      vertex 3 130 152.5
      vertex 10.5 130 160
    endloop
  endfacet
  facet normal 0 1 -0
    outer loop
      vertex 26 130 0
      vertex 3 130 152.5
      vertex 26 130 160
    endloop
  endfacet
  facet normal 0 1 0
    outer loop
      vertex 3 130 152.5
      vertex 26 130 0
      vertex 3 130 0
    endloop
  endfacet
  facet normal 1 -0 0
    outer loop
      vertex 26 128 160
      vertex 26 130 0
      vertex 26 130 160
    endloop
  endfacet
  facet normal 1 0 0
    outer loop
      vertex 26 130 0
      vertex 26 128 160
      vertex 26 128 0
    endloop
  endfacet
  facet normal -0 0 1
    outer loop
      vertex 10.5 130 160
      vertex 26 128 160
      vertex 26 130 160
    endloop
  endfacet
  facet normal 0 0 1
    outer loop
      vertex 26 128 160
      vertex 10.5 130 160
      vertex 10.5 128 160
    endloop
  endfacet
  facet normal -0.83205 0 -0.5547
    outer loop
      vertex 187 82 10
      vertex 179 78 22
      vertex 164 82 44.5
    endloop
  endfacet
  facet normal -0.83205 0 -0.5547
    outer loop
      vertex 179 78 22
      vertex 187 82 10
      vertex 187 70 10
    endloop
  endfacet
  facet normal -0.83205 -0 -0.5547
    outer loop
      vertex 164 82 44.5
      vertex 179 78 22
      vertex 164 78 44.5
    endloop
  endfacet
  facet normal 0 -0 1
    outer loop
      vertex 179.5 77.5 160
      vertex 179.5 78 160
      vertex 179 78 160
    endloop
  endfacet
  facet normal -0.707107 -0.707107 0
    outer loop
      vertex 187 70 152.5
      vertex 179 78 160
      vertex 179 78 22
    endloop
  endfacet
  facet normal -0.707107 -0.707107 -0
    outer loop
      vertex 187 70 152.5
      vertex 179 78 22
      vertex 187 70 10
    endloop
  endfacet
  facet normal -0.707107 -0.707107 0
    outer loop
      vertex 179 78 160
      vertex 187 70 152.5
      vertex 179.5 77.5 160
    endloop
  endfacet
  facet normal 0 -1 0
    outer loop
      vertex 164 78 163
      vertex 179 78 160
      vertex 176.5 78 163
    endloop
  endfacet
  facet normal 0 -1 0
    outer loop
      vertex 164 78 44.5
      vertex 179 78 160
      vertex 164 78 163
    endloop
  endfacet
  facet normal 0 -1 -0
    outer loop
      vertex 179 78 160
      vertex 164 78 44.5
      vertex 179 78 22
    endloop
  endfacet
  facet normal 0 -1 0
    outer loop
      vertex 176.5 78 163
      vertex 179 78 160
      vertex 179.5 78 160
    endloop
  endfacet
  facet normal -1 0 0
    outer loop
      vertex 164 82 44.5
      vertex 164 78 44.5
      vertex 164 82 160
    endloop
  endfacet
  facet normal -1 0 0
    outer loop
      vertex 164 82 160
      vertex 164 85 163
      vertex 164 85 162.99
    endloop
  endfacet
  facet normal -1 0 0
    outer loop
      vertex 164 82 160
      vertex 164 78 163
      vertex 164 85 163
    endloop
  endfacet
  facet normal -1 0 0
    outer loop
      vertex 164 78 163
      vertex 164 82 160
      vertex 164 78 44.5
    endloop
  endfacet
  facet normal 0 1 0
    outer loop
      vertex 187 82 152.5
      vertex 164 82 160
      vertex 179.5 82 160
    endloop
  endfacet
  facet normal 0 1 0
    outer loop
      vertex 187 82 152.5
      vertex 164 82 44.5
      vertex 164 82 160
    endloop
  endfacet
  facet normal -0 1 0
    outer loop
      vertex 164 82 44.5
      vertex 187 82 152.5
      vertex 187 82 10
    endloop
  endfacet
  facet normal 0 1 0
    outer loop
      vertex 164 85 162.99
      vertex 176.5 85 163
      vertex 176.51 85 162.99
    endloop
  endfacet
  facet normal 0 1 0
    outer loop
      vertex 176.5 85 163
      vertex 164 85 162.99
      vertex 164 85 163
    endloop
  endfacet
  facet normal -0 0 1
    outer loop
      vertex 164 85 163
      vertex 176.5 78 163
      vertex 176.5 85 163
    endloop
  endfacet
  facet normal 0 0 1
    outer loop
      vertex 176.5 78 163
      vertex 164 85 163
      vertex 164 78 163
    endloop
  endfacet
  facet normal 0 0.705925 -0.708286
    outer loop
      vertex 164 82 160
      vertex 176.51 85 162.99
      vertex 179.5 82 160
    endloop
  endfacet
  facet normal 0 0.705925 -0.708286
    outer loop
      vertex 176.51 85 162.99
      vertex 164 82 160
      vertex 164 85 162.99
    endloop
  endfacet
  facet normal -1 0 0
    outer loop
      vertex 170.3 92 0
      vertex 170.3 94 160
      vertex 170.3 94 0
    endloop
  endfacet
  facet normal -1 -0 0
    outer loop
      vertex 170.3 94 160
      vertex 170.3 92 0
      vertex 170.3 92 160
    endloop
  endfacet
  facet normal 0 1 0
    outer loop
      vertex 187 94 152.5
      vertex 170.3 94 160
      vertex 179.5 94 160
    endloop
  endfacet
  facet normal 0 1 0
    outer loop
      vertex 170.3 94 0
      vertex 187 94 152.5
      vertex 187 94 0
    endloop
  endfacet
  facet normal 0 1 0
    outer loop
      vertex 187 94 152.5
      vertex 170.3 94 0
      vertex 170.3 94 160
    endloop
  endfacet
  facet normal 0 -1 0
    outer loop
      vertex 170.3 92 160
      vertex 187 92 152.5
      vertex 179.5 92 160
    endloop
  endfacet
  facet normal 0 -1 0
    outer loop
      vertex 170.3 92 0
      vertex 187 92 152.5
      vertex 170.3 92 160
    endloop
  endfacet
  facet normal 0 -1 -0
    outer loop
      vertex 187 92 152.5
      vertex 170.3 92 0
      vertex 187 92 0
    endloop
  endfacet
  facet normal -0 0 1
    outer loop
      vertex 170.3 94 160
      vertex 179.5 92 160
      vertex 179.5 94 160
    endloop
  endfacet
  facet normal 0 0 1
    outer loop
      vertex 179.5 92 160
      vertex 170.3 94 160
      vertex 170.3 92 160
    endloop
  endfacet
  facet normal -1 0 0
    outer loop
      vertex 170.3 115 0
      vertex 170.3 117 160
      vertex 170.3 117 0
    endloop
  endfacet
  facet normal -1 -0 0
    outer loop
      vertex 170.3 117 160
      vertex 170.3 115 0
      vertex 170.3 115 160
    endloop
  endfacet
  facet normal 0 1 0
    outer loop
      vertex 187 117 152.5
      vertex 170.3 117 160
      vertex 179.5 117 160
    endloop
  endfacet
  facet normal 0 1 0
    outer loop
      vertex 170.3 117 0
      vertex 187 117 152.5
      vertex 187 117 0
    endloop
  endfacet
  facet normal 0 1 0
    outer loop
      vertex 187 117 152.5
      vertex 170.3 117 0
      vertex 170.3 117 160
    endloop
  endfacet
  facet normal 0 -1 0
    outer loop
      vertex 170.3 115 160
      vertex 187 115 152.5
      vertex 179.5 115 160
    endloop
  endfacet
  facet normal 0 -1 0
    outer loop
      vertex 170.3 115 0
      vertex 187 115 152.5
      vertex 170.3 115 160
    endloop
  endfacet
  facet normal 0 -1 -0
    outer loop
      vertex 187 115 152.5
      vertex 170.3 115 0
      vertex 187 115 0
    endloop
  endfacet
  facet normal -0 0 1
    outer loop
      vertex 170.3 117 160
      vertex 179.5 115 160
      vertex 179.5 117 160
    endloop
  endfacet
  facet normal 0 0 1
    outer loop
      vertex 179.5 115 160
      vertex 170.3 117 160
      vertex 170.3 115 160
    endloop
  endfacet
  facet normal 0 -1 0
    outer loop
      vertex 164 128 160
      vertex 187 128 152.5
      vertex 179.5 128 160
    endloop
  endfacet
  facet normal 0 -1 0
    outer loop
      vertex 164 128 0
      vertex 187 128 152.5
      vertex 164 128 160
    endloop
  endfacet
  facet normal 0 -1 -0
    outer loop
      vertex 187 128 152.5
      vertex 164 128 0
      vertex 187 128 0
    endloop
  endfacet
  facet normal 0 1 0
    outer loop
      vertex 187 130 152.5
      vertex 164 130 160
      vertex 179.5 130 160
    endloop
  endfacet
  facet normal 0 1 0
    outer loop
      vertex 164 130 0
      vertex 187 130 152.5
      vertex 187 130 0
    endloop
  endfacet
  facet normal 0 1 0
    outer loop
      vertex 187 130 152.5
      vertex 164 130 0
      vertex 164 130 160
    endloop
  endfacet
  facet normal -1 0 0
    outer loop
      vertex 164 128 0
      vertex 164 130 160
      vertex 164 130 0
    endloop
  endfacet
  facet normal -1 -0 0
    outer loop
      vertex 164 130 160
      vertex 164 128 0
      vertex 164 128 160
    endloop
  endfacet
  facet normal -0 0 1
    outer loop
      vertex 164 130 160
      vertex 179.5 128 160
      vertex 179.5 130 160
    endloop
  endfacet
  facet normal 0 0 1
    outer loop
      vertex 179.5 128 160
      vertex 164 130 160
      vertex 164 128 160
    endloop
  endfacet
  facet normal 1 -0 0
    outer loop
      vertex 198 86.8 18.2
      vertex 198 98.8 0
      vertex 198 98.8 18.2
    endloop
  endfacet
  facet normal 1 0 0
    outer loop
      vertex 198 98.8 0
      vertex 198 86.8 18.2
      vertex 198 86.8 0
    endloop
  endfacet
  facet normal 0 1 0
    outer loop
      vertex 198 98.8 18.2
      vertex 194 98.8 14.05
      vertex 190 98.8 18.2
    endloop
  endfacet
  facet normal 0 1 0
    outer loop
      vertex 198 98.8 18.2
      vertex 194.007 98.8 14.0496
      vertex 194 98.8 14.05
    endloop
  endfacet
  facet normal 0 1 0
    outer loop
      vertex 198 98.8 18.2
      vertex 194.013 98.8 14.0483
      vertex 194.007 98.8 14.0496
    endloop
  endfacet
  facet normal 0 1 0
    outer loop
      vertex 198 98.8 18.2
      vertex 194.019 98.8 14.0462
      vertex 194.013 98.8 14.0483
    endloop
  endfacet
  facet normal 0 1 0
    outer loop
      vertex 198 98.8 18.2
      vertex 194.025 98.8 14.0433
      vertex 194.019 98.8 14.0462
    endloop
  endfacet
  facet normal 0 1 0
    outer loop
      vertex 198 98.8 18.2
      vertex 194.03 98.8 14.0397
      vertex 194.025 98.8 14.0433
    endloop
  endfacet
  facet normal 0 1 0
    outer loop
      vertex 198 98.8 18.2
      vertex 194.035 98.8 14.0354
      vertex 194.03 98.8 14.0397
    endloop
  endfacet
  facet normal 0 1 0
    outer loop
      vertex 198 98.8 18.2
      vertex 194.04 98.8 14.0304
      vertex 194.035 98.8 14.0354
    endloop
  endfacet
  facet normal 0 1 0
    outer loop
      vertex 198 98.8 18.2
      vertex 194.043 98.8 14.025
      vertex 194.04 98.8 14.0304
    endloop
  endfacet
  facet normal 0 1 0
    outer loop
      vertex 198 98.8 18.2
      vertex 194.046 98.8 14.0191
      vertex 194.043 98.8 14.025
    endloop
  endfacet
  facet normal 0 1 0
    outer loop
      vertex 198 98.8 18.2
      vertex 194.048 98.8 14.0129
      vertex 194.046 98.8 14.0191
    endloop
  endfacet
  facet normal 0 1 0
    outer loop
      vertex 198 98.8 18.2
      vertex 195.401 98.8 8.57529
      vertex 194.048 98.8 14.0129
    endloop
  endfacet
  facet normal 0 1 0
    outer loop
      vertex 198 98.8 18.2
      vertex 195.438 98.8 8.38926
      vertex 195.401 98.8 8.57529
    endloop
  endfacet
  facet normal 0 1 0
    outer loop
      vertex 198 98.8 18.2
      vertex 195.45 98.8 8.2
      vertex 195.438 98.8 8.38926
    endloop
  endfacet
  facet normal 0 1 -0
    outer loop
      vertex 198 98.8 0
      vertex 195.45 98.8 8.2
      vertex 198 98.8 18.2
    endloop
  endfacet
  facet normal 0 1 0
    outer loop
      vertex 195.45 98.8 8.2
      vertex 198 98.8 0
      vertex 195.438 98.8 8.01074
    endloop
  endfacet
  facet normal 0 1 0
    outer loop
      vertex 194.189 98.8 6.76241
      vertex 198 98.8 0
      vertex 194 98.8 6.75
    endloop
  endfacet
  facet normal 0 1 0
    outer loop
      vertex 194.375 98.8 6.79941
      vertex 198 98.8 0
      vertex 194.189 98.8 6.76241
    endloop
  endfacet
  facet normal 0 1 0
    outer loop
      vertex 194.555 98.8 6.86038
      vertex 198 98.8 0
      vertex 194.375 98.8 6.79941
    endloop
  endfacet
  facet normal 0 1 0
    outer loop
      vertex 194.725 98.8 6.94426
      vertex 198 98.8 0
      vertex 194.555 98.8 6.86038
    endloop
  endfacet
  facet normal 0 1 0
    outer loop
      vertex 194.883 98.8 7.04964
      vertex 198 98.8 0
      vertex 194.725 98.8 6.94426
    endloop
  endfacet
  facet normal 0 1 0
    outer loop
      vertex 195.025 98.8 7.1747
      vertex 198 98.8 0
      vertex 194.883 98.8 7.04964
    endloop
  endfacet
  facet normal 0 1 0
    outer loop
      vertex 195.15 98.8 7.3173
      vertex 198 98.8 0
      vertex 195.025 98.8 7.1747
    endloop
  endfacet
  facet normal 0 1 0
    outer loop
      vertex 195.256 98.8 7.475
      vertex 198 98.8 0
      vertex 195.15 98.8 7.3173
    endloop
  endfacet
  facet normal 0 1 0
    outer loop
      vertex 195.34 98.8 7.64511
      vertex 198 98.8 0
      vertex 195.256 98.8 7.475
    endloop
  endfacet
  facet normal 0 1 0
    outer loop
      vertex 195.401 98.8 7.82471
      vertex 198 98.8 0
      vertex 195.34 98.8 7.64511
    endloop
  endfacet
  facet normal 0 1 0
    outer loop
      vertex 195.438 98.8 8.01074
      vertex 198 98.8 0
      vertex 195.401 98.8 7.82471
    endloop
  endfacet
  facet normal 0 1 -0
    outer loop
      vertex 193.993 98.8 14.0496
      vertex 190 98.8 18.2
      vertex 194 98.8 14.05
    endloop
  endfacet
  facet normal 0 1 -0
    outer loop
      vertex 193.987 98.8 14.0483
      vertex 190 98.8 18.2
      vertex 193.993 98.8 14.0496
    endloop
  endfacet
  facet normal 0 1 -0
    outer loop
      vertex 193.981 98.8 14.0462
      vertex 190 98.8 18.2
      vertex 193.987 98.8 14.0483
    endloop
  endfacet
  facet normal 0 1 -0
    outer loop
      vertex 193.975 98.8 14.0433
      vertex 190 98.8 18.2
      vertex 193.981 98.8 14.0462
    endloop
  endfacet
  facet normal 0 1 -0
    outer loop
      vertex 193.97 98.8 14.0397
      vertex 190 98.8 18.2
      vertex 193.975 98.8 14.0433
    endloop
  endfacet
  facet normal 0 1 -0
    outer loop
      vertex 193.965 98.8 14.0354
      vertex 190 98.8 18.2
      vertex 193.97 98.8 14.0397
    endloop
  endfacet
  facet normal 0 1 -0
    outer loop
      vertex 193.96 98.8 14.0304
      vertex 190 98.8 18.2
      vertex 193.965 98.8 14.0354
    endloop
  endfacet
  facet normal 0 1 -0
    outer loop
      vertex 193.957 98.8 14.025
      vertex 190 98.8 18.2
      vertex 193.96 98.8 14.0304
    endloop
  endfacet
  facet normal 0 1 -0
    outer loop
      vertex 193.954 98.8 14.0191
      vertex 190 98.8 18.2
      vertex 193.957 98.8 14.025
    endloop
  endfacet
  facet normal 0 1 -0
    outer loop
      vertex 193.952 98.8 14.0129
      vertex 190 98.8 18.2
      vertex 193.954 98.8 14.0191
    endloop
  endfacet
  facet normal 0 1 -0
    outer loop
      vertex 192.599 98.8 8.57529
      vertex 190 98.8 18.2
      vertex 193.952 98.8 14.0129
    endloop
  endfacet
  facet normal 0 1 -0
    outer loop
      vertex 192.562 98.8 8.38926
      vertex 190 98.8 18.2
      vertex 192.599 98.8 8.57529
    endloop
  endfacet
  facet normal 0 1 -0
    outer loop
      vertex 192.55 98.8 8.2
      vertex 190 98.8 18.2
      vertex 192.562 98.8 8.38926
    endloop
  endfacet
  facet normal 0 1 0
    outer loop
      vertex 190 98.8 0
      vertex 192.55 98.8 8.2
      vertex 192.562 98.8 8.01074
    endloop
  endfacet
  facet normal 0 1 0
    outer loop
      vertex 190 98.8 0
      vertex 192.562 98.8 8.01074
      vertex 192.599 98.8 7.82471
    endloop
  endfacet
  facet normal 0 1 0
    outer loop
      vertex 190 98.8 0
      vertex 194 98.8 6.75
      vertex 198 98.8 0
    endloop
  endfacet
  facet normal 0 1 0
    outer loop
      vertex 194 98.8 6.75
      vertex 190 98.8 0
      vertex 193.811 98.8 6.76241
    endloop
  endfacet
  facet normal 0 1 0
    outer loop
      vertex 193.811 98.8 6.76241
      vertex 190 98.8 0
      vertex 193.625 98.8 6.79941
    endloop
  endfacet
  facet normal 0 1 0
    outer loop
      vertex 193.625 98.8 6.79941
      vertex 190 98.8 0
      vertex 193.445 98.8 6.86038
    endloop
  endfacet
  facet normal 0 1 0
    outer loop
      vertex 193.445 98.8 6.86038
      vertex 190 98.8 0
      vertex 193.275 98.8 6.94426
    endloop
  endfacet
  facet normal 0 1 0
    outer loop
      vertex 193.275 98.8 6.94426
      vertex 190 98.8 0
      vertex 193.117 98.8 7.04964
    endloop
  endfacet
  facet normal 0 1 0
    outer loop
      vertex 193.117 98.8 7.04964
      vertex 190 98.8 0
      vertex 192.975 98.8 7.1747
    endloop
  endfacet
  facet normal 0 1 0
    outer loop
      vertex 192.55 98.8 8.2
      vertex 190 98.8 0
      vertex 190 98.8 18.2
    endloop
  endfacet
  facet normal 0 1 0
    outer loop
      vertex 192.66 98.8 7.64511
      vertex 190 98.8 0
      vertex 192.599 98.8 7.82471
    endloop
  endfacet
  facet normal 0 1 0
    outer loop
      vertex 192.744 98.8 7.475
      vertex 190 98.8 0
      vertex 192.66 98.8 7.64511
    endloop
  endfacet
  facet normal 0 1 0
    outer loop
      vertex 192.85 98.8 7.3173
      vertex 190 98.8 0
      vertex 192.744 98.8 7.475
    endloop
  endfacet
  facet normal 0 1 0
    outer loop
      vertex 192.975 98.8 7.1747
      vertex 190 98.8 0
      vertex 192.85 98.8 7.3173
    endloop
  endfacet
  facet normal 0 -1 0
    outer loop
      vertex 190 86.8 0
      vertex 198 86.8 18.2
      vertex 190 86.8 18.2
    endloop
  endfacet
  facet normal 0 -1 -0
    outer loop
      vertex 198 86.8 18.2
      vertex 190 86.8 0
      vertex 198 86.8 0
    endloop
  endfacet
  facet normal -0 0 1
    outer loop
      vertex 190 98.8 18.2
      vertex 198 86.8 18.2
      vertex 198 98.8 18.2
    endloop
  endfacet
  facet normal 0 0 1
    outer loop
      vertex 198 86.8 18.2
      vertex 190 98.8 18.2
      vertex 190 86.8 18.2
    endloop
  endfacet
  facet normal -0.980783 0.195102 0
    outer loop
      vertex 15.1506 33.1247 189.5
      vertex 15.1876 33.3107 201.5
      vertex 15.1876 33.3107 189.5
    endloop
  endfacet
  facet normal -0.980783 0.195102 0
    outer loop
      vertex 15.1876 33.3107 201.5
      vertex 15.1506 33.1247 189.5
      vertex 15.1506 33.1247 201.5
    endloop
  endfacet
  facet normal -0.997861 0.0653644 0
    outer loop
      vertex 15.1876 33.3107 189.5
      vertex 15.2 33.5 201.5
      vertex 15.2 33.5 189.5
    endloop
  endfacet
  facet normal -0.997861 0.0653644 0
    outer loop
      vertex 15.2 33.5 201.5
      vertex 15.1876 33.3107 189.5
      vertex 15.1876 33.3107 201.5
    endloop
  endfacet
  facet normal -0.3216 -0.946876 0
    outer loop
      vertex 14.1253 34.9006 189.5
      vertex 14.3049 34.8396 201.5
      vertex 14.1253 34.9006 201.5
    endloop
  endfacet
  facet normal -0.3216 -0.946876 -0
    outer loop
      vertex 14.3049 34.8396 201.5
      vertex 14.1253 34.9006 189.5
      vertex 14.3049 34.8396 189.5
    endloop
  endfacet
  facet normal -0.831644 0.555309 0
    outer loop
      vertex 14.9004 32.6173 189.5
      vertex 15.0057 32.775 201.5
      vertex 15.0057 32.775 189.5
    endloop
  endfacet
  facet normal -0.831644 0.555309 0
    outer loop
      vertex 15.0057 32.775 201.5
      vertex 14.9004 32.6173 189.5
      vertex 14.9004 32.6173 201.5
    endloop
  endfacet
  facet normal 0.896839 0.442356 0
    outer loop
      vertex 12.4943 32.775 201.5
      vertex 12.4104 32.9451 189.5
      vertex 12.4104 32.9451 201.5
    endloop
  endfacet
  facet normal 0.896839 0.442356 0
    outer loop
      vertex 12.4104 32.9451 189.5
      vertex 12.4943 32.775 201.5
      vertex 12.4943 32.775 189.5
    endloop
  endfacet
  facet normal 0.555309 0.831644 -0
    outer loop
      vertex 13.025 32.2443 189.5
      vertex 12.8673 32.3496 201.5
      vertex 13.025 32.2443 201.5
    endloop
  endfacet
  facet normal 0.555309 0.831644 0
    outer loop
      vertex 12.8673 32.3496 201.5
      vertex 13.025 32.2443 189.5
      vertex 12.8673 32.3496 189.5
    endloop
  endfacet
  facet normal 0.659474 0.751727 -0
    outer loop
      vertex 12.8673 32.3496 189.5
      vertex 12.7247 32.4747 201.5
      vertex 12.8673 32.3496 201.5
    endloop
  endfacet
  facet normal 0.659474 0.751727 0
    outer loop
      vertex 12.7247 32.4747 201.5
      vertex 12.8673 32.3496 189.5
      vertex 12.7247 32.4747 189.5
    endloop
  endfacet
  facet normal 0.751727 0.659474 0
    outer loop
      vertex 12.7247 32.4747 201.5
      vertex 12.5996 32.6173 189.5
      vertex 12.5996 32.6173 201.5
    endloop
  endfacet
  facet normal 0.751727 0.659474 0
    outer loop
      vertex 12.5996 32.6173 189.5
      vertex 12.7247 32.4747 201.5
      vertex 12.7247 32.4747 189.5
    endloop
  endfacet
  facet normal -0.946876 -0.3216 0
    outer loop
      vertex 15.1506 33.8753 189.5
      vertex 15.0896 34.0549 201.5
      vertex 15.0896 34.0549 189.5
    endloop
  endfacet
  facet normal -0.946876 -0.3216 0
    outer loop
      vertex 15.0896 34.0549 201.5
      vertex 15.1506 33.8753 189.5
      vertex 15.1506 33.8753 201.5
    endloop
  endfacet
  facet normal 0.997861 0.0653644 0
    outer loop
      vertex 12.3124 33.3107 201.5
      vertex 12.3 33.5 189.5
      vertex 12.3 33.5 201.5
    endloop
  endfacet
  facet normal 0.997861 0.0653644 0
    outer loop
      vertex 12.3 33.5 189.5
      vertex 12.3124 33.3107 201.5
      vertex 12.3124 33.3107 189.5
    endloop
  endfacet
  facet normal -0.555309 0.831644 0
    outer loop
      vertex 14.6327 32.3496 189.5
      vertex 14.475 32.2443 201.5
      vertex 14.6327 32.3496 201.5
    endloop
  endfacet
  facet normal -0.555309 0.831644 0
    outer loop
      vertex 14.475 32.2443 201.5
      vertex 14.6327 32.3496 189.5
      vertex 14.475 32.2443 189.5
    endloop
  endfacet
  facet normal 0.3216 -0.946876 0
    outer loop
      vertex 13.1951 34.8396 189.5
      vertex 13.3747 34.9006 201.5
      vertex 13.1951 34.8396 201.5
    endloop
  endfacet
  facet normal 0.3216 -0.946876 0
    outer loop
      vertex 13.3747 34.9006 201.5
      vertex 13.1951 34.8396 189.5
      vertex 13.3747 34.9006 189.5
    endloop
  endfacet
  facet normal 0.751727 -0.659474 0
    outer loop
      vertex 12.5996 34.3827 201.5
      vertex 12.7247 34.5253 189.5
      vertex 12.7247 34.5253 201.5
    endloop
  endfacet
  facet normal 0.751727 -0.659474 0
    outer loop
      vertex 12.7247 34.5253 189.5
      vertex 12.5996 34.3827 201.5
      vertex 12.5996 34.3827 189.5
    endloop
  endfacet
  facet normal -0.195102 -0.980783 0
    outer loop
      vertex 13.9393 34.9376 189.5
      vertex 14.1253 34.9006 201.5
      vertex 13.9393 34.9376 201.5
    endloop
  endfacet
  facet normal -0.195102 -0.980783 -0
    outer loop
      vertex 14.1253 34.9006 201.5
      vertex 13.9393 34.9376 189.5
      vertex 14.1253 34.9006 189.5
    endloop
  endfacet
  facet normal 0.3216 0.946876 -0
    outer loop
      vertex 13.3747 32.0994 189.5
      vertex 13.1951 32.1604 201.5
      vertex 13.3747 32.0994 201.5
    endloop
  endfacet
  facet normal 0.3216 0.946876 0
    outer loop
      vertex 13.1951 32.1604 201.5
      vertex 13.3747 32.0994 189.5
      vertex 13.1951 32.1604 189.5
    endloop
  endfacet
  facet normal 0.831644 -0.555309 0
    outer loop
      vertex 12.4943 34.225 201.5
      vertex 12.5996 34.3827 189.5
      vertex 12.5996 34.3827 201.5
    endloop
  endfacet
  facet normal 0.831644 -0.555309 0
    outer loop
      vertex 12.5996 34.3827 189.5
      vertex 12.4943 34.225 201.5
      vertex 12.4943 34.225 189.5
    endloop
  endfacet
  facet normal -0.555309 -0.831644 0
    outer loop
      vertex 14.475 34.7557 189.5
      vertex 14.6327 34.6504 201.5
      vertex 14.475 34.7557 201.5
    endloop
  endfacet
  facet normal -0.555309 -0.831644 -0
    outer loop
      vertex 14.6327 34.6504 201.5
      vertex 14.475 34.7557 189.5
      vertex 14.6327 34.6504 189.5
    endloop
  endfacet
  facet normal 0.946876 0.3216 0
    outer loop
      vertex 12.4104 32.9451 201.5
      vertex 12.3494 33.1247 189.5
      vertex 12.3494 33.1247 201.5
    endloop
  endfacet
  facet normal 0.946876 0.3216 0
    outer loop
      vertex 12.3494 33.1247 189.5
      vertex 12.4104 32.9451 201.5
      vertex 12.4104 32.9451 189.5
    endloop
  endfacet
  facet normal -0.3216 0.946876 0
    outer loop
      vertex 14.3049 32.1604 189.5
      vertex 14.1253 32.0994 201.5
      vertex 14.3049 32.1604 201.5
    endloop
  endfacet
  facet normal -0.3216 0.946876 0
    outer loop
      vertex 14.1253 32.0994 201.5
      vertex 14.3049 32.1604 189.5
      vertex 14.1253 32.0994 189.5
    endloop
  endfacet
  facet normal -0.0653644 0.997861 0
    outer loop
      vertex 13.9393 32.0624 189.5
      vertex 13.75 32.05 201.5
      vertex 13.9393 32.0624 201.5
    endloop
  endfacet
  facet normal -0.0653644 0.997861 0
    outer loop
      vertex 13.75 32.05 201.5
      vertex 13.9393 32.0624 189.5
      vertex 13.75 32.05 189.5
    endloop
  endfacet
  facet normal 0.442356 0.896839 -0
    outer loop
      vertex 13.1951 32.1604 189.5
      vertex 13.025 32.2443 201.5
      vertex 13.1951 32.1604 201.5
    endloop
  endfacet
  facet normal 0.442356 0.896839 0
    outer loop
      vertex 13.025 32.2443 201.5
      vertex 13.1951 32.1604 189.5
      vertex 13.025 32.2443 189.5
    endloop
  endfacet
  facet normal -0.831644 -0.555309 0
    outer loop
      vertex 15.0057 34.225 189.5
      vertex 14.9004 34.3827 201.5
      vertex 14.9004 34.3827 189.5
    endloop
  endfacet
  facet normal -0.831644 -0.555309 0
    outer loop
      vertex 14.9004 34.3827 201.5
      vertex 15.0057 34.225 189.5
      vertex 15.0057 34.225 201.5
    endloop
  endfacet
  facet normal 0.997861 -0.0653644 0
    outer loop
      vertex 12.3 33.5 201.5
      vertex 12.3124 33.6893 189.5
      vertex 12.3124 33.6893 201.5
    endloop
  endfacet
  facet normal 0.997861 -0.0653644 0
    outer loop
      vertex 12.3124 33.6893 189.5
      vertex 12.3 33.5 201.5
      vertex 12.3 33.5 189.5
    endloop
  endfacet
  facet normal 0.946876 -0.3216 0
    outer loop
      vertex 12.3494 33.8753 201.5
      vertex 12.4104 34.0549 189.5
      vertex 12.4104 34.0549 201.5
    endloop
  endfacet
  facet normal 0.946876 -0.3216 0
    outer loop
      vertex 12.4104 34.0549 189.5
      vertex 12.3494 33.8753 201.5
      vertex 12.3494 33.8753 189.5
    endloop
  endfacet
  facet normal 0.659474 -0.751727 0
    outer loop
      vertex 12.7247 34.5253 189.5
      vertex 12.8673 34.6504 201.5
      vertex 12.7247 34.5253 201.5
    endloop
  endfacet
  facet normal 0.659474 -0.751727 0
    outer loop
      vertex 12.8673 34.6504 201.5
      vertex 12.7247 34.5253 189.5
      vertex 12.8673 34.6504 189.5
    endloop
  endfacet
  facet normal -0.442356 0.896839 0
    outer loop
      vertex 14.475 32.2443 189.5
      vertex 14.3049 32.1604 201.5
      vertex 14.475 32.2443 201.5
    endloop
  endfacet
  facet normal -0.442356 0.896839 0
    outer loop
      vertex 14.3049 32.1604 201.5
      vertex 14.475 32.2443 189.5
      vertex 14.3049 32.1604 189.5
    endloop
  endfacet
  facet normal 0.195102 0.980783 -0
    outer loop
      vertex 13.5607 32.0624 189.5
      vertex 13.3747 32.0994 201.5
      vertex 13.5607 32.0624 201.5
    endloop
  endfacet
  facet normal 0.195102 0.980783 0
    outer loop
      vertex 13.3747 32.0994 201.5
      vertex 13.5607 32.0624 189.5
      vertex 13.3747 32.0994 189.5
    endloop
  endfacet
  facet normal -0.751727 0.659474 0
    outer loop
      vertex 14.7753 32.4747 189.5
      vertex 14.9004 32.6173 201.5
      vertex 14.9004 32.6173 189.5
    endloop
  endfacet
  facet normal -0.751727 0.659474 0
    outer loop
      vertex 14.9004 32.6173 201.5
      vertex 14.7753 32.4747 189.5
      vertex 14.7753 32.4747 201.5
    endloop
  endfacet
  facet normal -0.195102 0.980783 0
    outer loop
      vertex 14.1253 32.0994 189.5
      vertex 13.9393 32.0624 201.5
      vertex 14.1253 32.0994 201.5
    endloop
  endfacet
  facet normal -0.195102 0.980783 0
    outer loop
      vertex 13.9393 32.0624 201.5
      vertex 14.1253 32.0994 189.5
      vertex 13.9393 32.0624 189.5
    endloop
  endfacet
  facet normal -0.751727 -0.659474 0
    outer loop
      vertex 14.9004 34.3827 189.5
      vertex 14.7753 34.5253 201.5
      vertex 14.7753 34.5253 189.5
    endloop
  endfacet
  facet normal -0.751727 -0.659474 0
    outer loop
      vertex 14.7753 34.5253 201.5
      vertex 14.9004 34.3827 189.5
      vertex 14.9004 34.3827 201.5
    endloop
  endfacet
  facet normal 0.442356 -0.896839 0
    outer loop
      vertex 13.025 34.7557 189.5
      vertex 13.1951 34.8396 201.5
      vertex 13.025 34.7557 201.5
    endloop
  endfacet
  facet normal 0.442356 -0.896839 0
    outer loop
      vertex 13.1951 34.8396 201.5
      vertex 13.025 34.7557 189.5
      vertex 13.1951 34.8396 189.5
    endloop
  endfacet
  facet normal 0.980783 0.195102 0
    outer loop
      vertex 12.3494 33.1247 201.5
      vertex 12.3124 33.3107 189.5
      vertex 12.3124 33.3107 201.5
    endloop
  endfacet
  facet normal 0.980783 0.195102 0
    outer loop
      vertex 12.3124 33.3107 189.5
      vertex 12.3494 33.1247 201.5
      vertex 12.3494 33.1247 189.5
    endloop
  endfacet
  facet normal -0.0653644 -0.997861 0
    outer loop
      vertex 13.75 34.95 189.5
      vertex 13.9393 34.9376 201.5
      vertex 13.75 34.95 201.5
    endloop
  endfacet
  facet normal -0.0653644 -0.997861 -0
    outer loop
      vertex 13.9393 34.9376 201.5
      vertex 13.75 34.95 189.5
      vertex 13.9393 34.9376 189.5
    endloop
  endfacet
  facet normal -0.442356 -0.896839 0
    outer loop
      vertex 14.3049 34.8396 189.5
      vertex 14.475 34.7557 201.5
      vertex 14.3049 34.8396 201.5
    endloop
  endfacet
  facet normal -0.442356 -0.896839 -0
    outer loop
      vertex 14.475 34.7557 201.5
      vertex 14.3049 34.8396 189.5
      vertex 14.475 34.7557 189.5
    endloop
  endfacet
  facet normal -0.659474 -0.751727 0
    outer loop
      vertex 14.6327 34.6504 189.5
      vertex 14.7753 34.5253 201.5
      vertex 14.6327 34.6504 201.5
    endloop
  endfacet
  facet normal -0.659474 -0.751727 -0
    outer loop
      vertex 14.7753 34.5253 201.5
      vertex 14.6327 34.6504 189.5
      vertex 14.7753 34.5253 189.5
    endloop
  endfacet
  facet normal 0.896839 -0.442356 0
    outer loop
      vertex 12.4104 34.0549 201.5
      vertex 12.4943 34.225 189.5
      vertex 12.4943 34.225 201.5
    endloop
  endfacet
  facet normal 0.896839 -0.442356 0
    outer loop
      vertex 12.4943 34.225 189.5
      vertex 12.4104 34.0549 201.5
      vertex 12.4104 34.0549 189.5
    endloop
  endfacet
  facet normal -0.896839 -0.442356 0
    outer loop
      vertex 15.0896 34.0549 189.5
      vertex 15.0057 34.225 201.5
      vertex 15.0057 34.225 189.5
    endloop
  endfacet
  facet normal -0.896839 -0.442356 0
    outer loop
      vertex 15.0057 34.225 201.5
      vertex 15.0896 34.0549 189.5
      vertex 15.0896 34.0549 201.5
    endloop
  endfacet
  facet normal -0.659474 0.751727 0
    outer loop
      vertex 14.7753 32.4747 189.5
      vertex 14.6327 32.3496 201.5
      vertex 14.7753 32.4747 201.5
    endloop
  endfacet
  facet normal -0.659474 0.751727 0
    outer loop
      vertex 14.6327 32.3496 201.5
      vertex 14.7753 32.4747 189.5
      vertex 14.6327 32.3496 189.5
    endloop
  endfacet
  facet normal -0.997861 -0.0653644 0
    outer loop
      vertex 15.2 33.5 189.5
      vertex 15.1876 33.6893 201.5
      vertex 15.1876 33.6893 189.5
    endloop
  endfacet
  facet normal -0.997861 -0.0653644 0
    outer loop
      vertex 15.1876 33.6893 201.5
      vertex 15.2 33.5 189.5
      vertex 15.2 33.5 201.5
    endloop
  endfacet
  facet normal 0.555309 -0.831644 0
    outer loop
      vertex 12.8673 34.6504 189.5
      vertex 13.025 34.7557 201.5
      vertex 12.8673 34.6504 201.5
    endloop
  endfacet
  facet normal 0.555309 -0.831644 0
    outer loop
      vertex 13.025 34.7557 201.5
      vertex 12.8673 34.6504 189.5
      vertex 13.025 34.7557 189.5
    endloop
  endfacet
  facet normal -0.896839 0.442356 0
    outer loop
      vertex 15.0057 32.775 189.5
      vertex 15.0896 32.9451 201.5
      vertex 15.0896 32.9451 189.5
    endloop
  endfacet
  facet normal -0.896839 0.442356 0
    outer loop
      vertex 15.0896 32.9451 201.5
      vertex 15.0057 32.775 189.5
      vertex 15.0057 32.775 201.5
    endloop
  endfacet
  facet normal -0.980783 -0.195102 0
    outer loop
      vertex 15.1876 33.6893 189.5
      vertex 15.1506 33.8753 201.5
      vertex 15.1506 33.8753 189.5
    endloop
  endfacet
  facet normal -0.980783 -0.195102 0
    outer loop
      vertex 15.1506 33.8753 201.5
      vertex 15.1876 33.6893 189.5
      vertex 15.1876 33.6893 201.5
    endloop
  endfacet
  facet normal -0.946876 0.3216 0
    outer loop
      vertex 15.0896 32.9451 189.5
      vertex 15.1506 33.1247 201.5
      vertex 15.1506 33.1247 189.5
    endloop
  endfacet
  facet normal -0.946876 0.3216 0
    outer loop
      vertex 15.1506 33.1247 201.5
      vertex 15.0896 32.9451 189.5
      vertex 15.0896 32.9451 201.5
    endloop
  endfacet
  facet normal 0.0653644 0.997861 -0
    outer loop
      vertex 13.75 32.05 189.5
      vertex 13.5607 32.0624 201.5
      vertex 13.75 32.05 201.5
    endloop
  endfacet
  facet normal 0.0653644 0.997861 0
    outer loop
      vertex 13.5607 32.0624 201.5
      vertex 13.75 32.05 189.5
      vertex 13.5607 32.0624 189.5
    endloop
  endfacet
  facet normal 0.980783 -0.195102 0
    outer loop
      vertex 12.3124 33.6893 201.5
      vertex 12.3494 33.8753 189.5
      vertex 12.3494 33.8753 201.5
    endloop
  endfacet
  facet normal 0.980783 -0.195102 0
    outer loop
      vertex 12.3494 33.8753 189.5
      vertex 12.3124 33.6893 201.5
      vertex 12.3124 33.6893 189.5
    endloop
  endfacet
  facet normal 0 0 1
    outer loop
      vertex 15.1876 33.6893 189.5
      vertex 15.1876 33.3107 189.5
      vertex 15.2 33.5 189.5
    endloop
  endfacet
  facet normal 0 0 1
    outer loop
      vertex 15.1506 33.8753 189.5
      vertex 15.1876 33.3107 189.5
      vertex 15.1876 33.6893 189.5
    endloop
  endfacet
  facet normal 0 0 1
    outer loop
      vertex 15.1506 33.8753 189.5
      vertex 15.1506 33.1247 189.5
      vertex 15.1876 33.3107 189.5
    endloop
  endfacet
  facet normal 0 0 1
    outer loop
      vertex 15.0896 34.0549 189.5
      vertex 15.1506 33.1247 189.5
      vertex 15.1506 33.8753 189.5
    endloop
  endfacet
  facet normal 0 0 1
    outer loop
      vertex 15.0896 34.0549 189.5
      vertex 15.0896 32.9451 189.5
      vertex 15.1506 33.1247 189.5
    endloop
  endfacet
  facet normal 0 0 1
    outer loop
      vertex 15.0057 34.225 189.5
      vertex 15.0896 32.9451 189.5
      vertex 15.0896 34.0549 189.5
    endloop
  endfacet
  facet normal 0 0 1
    outer loop
      vertex 15.0057 34.225 189.5
      vertex 15.0057 32.775 189.5
      vertex 15.0896 32.9451 189.5
    endloop
  endfacet
  facet normal 0 0 1
    outer loop
      vertex 14.9004 34.3827 189.5
      vertex 15.0057 32.775 189.5
      vertex 15.0057 34.225 189.5
    endloop
  endfacet
  facet normal 0 0 1
    outer loop
      vertex 14.9004 34.3827 189.5
      vertex 14.9004 32.6173 189.5
      vertex 15.0057 32.775 189.5
    endloop
  endfacet
  facet normal 0 0 1
    outer loop
      vertex 14.7753 34.5253 189.5
      vertex 14.9004 32.6173 189.5
      vertex 14.9004 34.3827 189.5
    endloop
  endfacet
  facet normal 0 0 1
    outer loop
      vertex 14.7753 34.5253 189.5
      vertex 14.7753 32.4747 189.5
      vertex 14.9004 32.6173 189.5
    endloop
  endfacet
  facet normal 0 0 1
    outer loop
      vertex 14.6327 34.6504 189.5
      vertex 14.7753 32.4747 189.5
      vertex 14.7753 34.5253 189.5
    endloop
  endfacet
  facet normal 0 0 1
    outer loop
      vertex 14.6327 34.6504 189.5
      vertex 14.6327 32.3496 189.5
      vertex 14.7753 32.4747 189.5
    endloop
  endfacet
  facet normal 0 0 1
    outer loop
      vertex 14.475 34.7557 189.5
      vertex 14.6327 32.3496 189.5
      vertex 14.6327 34.6504 189.5
    endloop
  endfacet
  facet normal 0 0 1
    outer loop
      vertex 14.475 34.7557 189.5
      vertex 14.475 32.2443 189.5
      vertex 14.6327 32.3496 189.5
    endloop
  endfacet
  facet normal 0 0 1
    outer loop
      vertex 14.3049 34.8396 189.5
      vertex 14.475 32.2443 189.5
      vertex 14.475 34.7557 189.5
    endloop
  endfacet
  facet normal 0 0 1
    outer loop
      vertex 14.3049 34.8396 189.5
      vertex 14.3049 32.1604 189.5
      vertex 14.475 32.2443 189.5
    endloop
  endfacet
  facet normal 0 0 1
    outer loop
      vertex 14.1253 34.9006 189.5
      vertex 14.3049 32.1604 189.5
      vertex 14.3049 34.8396 189.5
    endloop
  endfacet
  facet normal 0 0 1
    outer loop
      vertex 14.1253 34.9006 189.5
      vertex 14.1253 32.0994 189.5
      vertex 14.3049 32.1604 189.5
    endloop
  endfacet
  facet normal 0 0 1
    outer loop
      vertex 13.9393 34.9376 189.5
      vertex 14.1253 32.0994 189.5
      vertex 14.1253 34.9006 189.5
    endloop
  endfacet
  facet normal 0 0 1
    outer loop
      vertex 13.9393 34.9376 189.5
      vertex 13.9393 32.0624 189.5
      vertex 14.1253 32.0994 189.5
    endloop
  endfacet
  facet normal 0 0 1
    outer loop
      vertex 13.75 34.95 189.5
      vertex 13.9393 32.0624 189.5
      vertex 13.9393 34.9376 189.5
    endloop
  endfacet
  facet normal 0 0 1
    outer loop
      vertex 13.75 34.95 189.5
      vertex 13.75 32.05 189.5
      vertex 13.9393 32.0624 189.5
    endloop
  endfacet
  facet normal -0 0 1
    outer loop
      vertex 13.5607 34.9376 189.5
      vertex 13.75 32.05 189.5
      vertex 13.75 34.95 189.5
    endloop
  endfacet
  facet normal 0 0 1
    outer loop
      vertex 13.5607 34.9376 189.5
      vertex 13.5607 32.0624 189.5
      vertex 13.75 32.05 189.5
    endloop
  endfacet
  facet normal -0 0 1
    outer loop
      vertex 13.3747 34.9006 189.5
      vertex 13.5607 32.0624 189.5
      vertex 13.5607 34.9376 189.5
    endloop
  endfacet
  facet normal 0 0 1
    outer loop
      vertex 13.3747 34.9006 189.5
      vertex 13.3747 32.0994 189.5
      vertex 13.5607 32.0624 189.5
    endloop
  endfacet
  facet normal -0 0 1
    outer loop
      vertex 13.1951 34.8396 189.5
      vertex 13.3747 32.0994 189.5
      vertex 13.3747 34.9006 189.5
    endloop
  endfacet
  facet normal 0 0 1
    outer loop
      vertex 13.1951 34.8396 189.5
      vertex 13.1951 32.1604 189.5
      vertex 13.3747 32.0994 189.5
    endloop
  endfacet
  facet normal -0 0 1
    outer loop
      vertex 13.025 34.7557 189.5
      vertex 13.1951 32.1604 189.5
      vertex 13.1951 34.8396 189.5
    endloop
  endfacet
  facet normal 0 0 1
    outer loop
      vertex 13.025 34.7557 189.5
      vertex 13.025 32.2443 189.5
      vertex 13.1951 32.1604 189.5
    endloop
  endfacet
  facet normal -0 0 1
    outer loop
      vertex 12.8673 34.6504 189.5
      vertex 13.025 32.2443 189.5
      vertex 13.025 34.7557 189.5
    endloop
  endfacet
  facet normal 0 0 1
    outer loop
      vertex 12.8673 34.6504 189.5
      vertex 12.8673 32.3496 189.5
      vertex 13.025 32.2443 189.5
    endloop
  endfacet
  facet normal -0 0 1
    outer loop
      vertex 12.7247 34.5253 189.5
      vertex 12.8673 32.3496 189.5
      vertex 12.8673 34.6504 189.5
    endloop
  endfacet
  facet normal 0 0 1
    outer loop
      vertex 12.7247 34.5253 189.5
      vertex 12.7247 32.4747 189.5
      vertex 12.8673 32.3496 189.5
    endloop
  endfacet
  facet normal -0 0 1
    outer loop
      vertex 12.5996 34.3827 189.5
      vertex 12.7247 32.4747 189.5
      vertex 12.7247 34.5253 189.5
    endloop
  endfacet
  facet normal 0 0 1
    outer loop
      vertex 12.5996 34.3827 189.5
      vertex 12.5996 32.6173 189.5
      vertex 12.7247 32.4747 189.5
    endloop
  endfacet
  facet normal -0 0 1
    outer loop
      vertex 12.4943 34.225 189.5
      vertex 12.5996 32.6173 189.5
      vertex 12.5996 34.3827 189.5
    endloop
  endfacet
  facet normal 0 0 1
    outer loop
      vertex 12.4943 34.225 189.5
      vertex 12.4943 32.775 189.5
      vertex 12.5996 32.6173 189.5
    endloop
  endfacet
  facet normal -0 0 1
    outer loop
      vertex 12.4104 34.0549 189.5
      vertex 12.4943 32.775 189.5
      vertex 12.4943 34.225 189.5
    endloop
  endfacet
  facet normal 0 0 1
    outer loop
      vertex 12.4104 34.0549 189.5
      vertex 12.4104 32.9451 189.5
      vertex 12.4943 32.775 189.5
    endloop
  endfacet
  facet normal -0 0 1
    outer loop
      vertex 12.3494 33.8753 189.5
      vertex 12.4104 32.9451 189.5
      vertex 12.4104 34.0549 189.5
    endloop
  endfacet
  facet normal 0 0 1
    outer loop
      vertex 12.3494 33.8753 189.5
      vertex 12.3494 33.1247 189.5
      vertex 12.4104 32.9451 189.5
    endloop
  endfacet
  facet normal -0 0 1
    outer loop
      vertex 12.3124 33.6893 189.5
      vertex 12.3494 33.1247 189.5
      vertex 12.3494 33.8753 189.5
    endloop
  endfacet
  facet normal 0 0 1
    outer loop
      vertex 12.3124 33.6893 189.5
      vertex 12.3124 33.3107 189.5
      vertex 12.3494 33.1247 189.5
    endloop
  endfacet
  facet normal 0 -0 1
    outer loop
      vertex 12.3124 33.3107 189.5
      vertex 12.3124 33.6893 189.5
      vertex 12.3 33.5 189.5
    endloop
  endfacet
  facet normal 0.195102 -0.980783 0
    outer loop
      vertex 13.3747 34.9006 189.5
      vertex 13.5607 34.9376 201.5
      vertex 13.3747 34.9006 201.5
    endloop
  endfacet
  facet normal 0.195102 -0.980783 0
    outer loop
      vertex 13.5607 34.9376 201.5
      vertex 13.3747 34.9006 189.5
      vertex 13.5607 34.9376 189.5
    endloop
  endfacet
  facet normal 0.831644 0.555309 0
    outer loop
      vertex 12.5996 32.6173 201.5
      vertex 12.4943 32.775 189.5
      vertex 12.4943 32.775 201.5
    endloop
  endfacet
  facet normal 0.831644 0.555309 0
    outer loop
      vertex 12.4943 32.775 189.5
      vertex 12.5996 32.6173 201.5
      vertex 12.5996 32.6173 189.5
    endloop
  endfacet
  facet normal 0.0653644 -0.997861 0
    outer loop
      vertex 13.5607 34.9376 189.5
      vertex 13.75 34.95 201.5
      vertex 13.5607 34.9376 201.5
    endloop
  endfacet
  facet normal 0.0653644 -0.997861 0
    outer loop
      vertex 13.75 34.95 201.5
      vertex 13.5607 34.9376 189.5
      vertex 13.75 34.95 189.5
    endloop
  endfacet
  facet normal -0.980783 0.195102 0
    outer loop
      vertex 15.1506 113.125 189.5
      vertex 15.1876 113.311 201.5
      vertex 15.1876 113.311 189.5
    endloop
  endfacet
  facet normal -0.980783 0.195102 0
    outer loop
      vertex 15.1876 113.311 201.5
      vertex 15.1506 113.125 189.5
      vertex 15.1506 113.125 201.5
    endloop
  endfacet
  facet normal -0.997855 0.0654677 0
    outer loop
      vertex 15.1876 113.311 189.5
      vertex 15.2 113.5 201.5
      vertex 15.2 113.5 189.5
    endloop
  endfacet
  facet normal -0.997855 0.0654677 0
    outer loop
      vertex 15.2 113.5 201.5
      vertex 15.1876 113.311 189.5
      vertex 15.1876 113.311 201.5
    endloop
  endfacet
  facet normal -0.3216 -0.946876 0
    outer loop
      vertex 14.1253 114.901 189.5
      vertex 14.3049 114.84 201.5
      vertex 14.1253 114.901 201.5
    endloop
  endfacet
  facet normal -0.3216 -0.946876 -0
    outer loop
      vertex 14.3049 114.84 201.5
      vertex 14.1253 114.901 189.5
      vertex 14.3049 114.84 189.5
    endloop
  endfacet
  facet normal -0.832131 0.554579 0
    outer loop
      vertex 14.9004 112.617 189.5
      vertex 15.0057 112.775 201.5
      vertex 15.0057 112.775 189.5
    endloop
  endfacet
  facet normal -0.832131 0.554579 0
    outer loop
      vertex 15.0057 112.775 201.5
      vertex 14.9004 112.617 189.5
      vertex 14.9004 112.617 201.5
    endloop
  endfacet
  facet normal 0.896736 0.442566 0
    outer loop
      vertex 12.4943 112.775 201.5
      vertex 12.4104 112.945 189.5
      vertex 12.4104 112.945 201.5
    endloop
  endfacet
  facet normal 0.896736 0.442566 0
    outer loop
      vertex 12.4104 112.945 189.5
      vertex 12.4943 112.775 201.5
      vertex 12.4943 112.775 189.5
    endloop
  endfacet
  facet normal 0.557854 0.829939 -0
    outer loop
      vertex 13.025 112.244 189.5
      vertex 12.8673 112.35 201.5
      vertex 13.025 112.244 201.5
    endloop
  endfacet
  facet normal 0.557854 0.829939 0
    outer loop
      vertex 12.8673 112.35 201.5
      vertex 13.025 112.244 189.5
      vertex 12.8673 112.35 189.5
    endloop
  endfacet
  facet normal 0.659176 0.751988 -0
    outer loop
      vertex 12.8673 112.35 189.5
      vertex 12.7247 112.475 201.5
      vertex 12.8673 112.35 201.5
    endloop
  endfacet
  facet normal 0.659176 0.751988 0
    outer loop
      vertex 12.7247 112.475 201.5
      vertex 12.8673 112.35 189.5
      vertex 12.7247 112.475 189.5
    endloop
  endfacet
  facet normal 0.750347 0.661045 0
    outer loop
      vertex 12.7247 112.475 201.5
      vertex 12.5996 112.617 189.5
      vertex 12.5996 112.617 201.5
    endloop
  endfacet
  facet normal 0.750347 0.661045 0
    outer loop
      vertex 12.5996 112.617 189.5
      vertex 12.7247 112.475 201.5
      vertex 12.7247 112.475 189.5
    endloop
  endfacet
  facet normal -0.947093 -0.320959 0
    outer loop
      vertex 15.1506 113.875 189.5
      vertex 15.0896 114.055 201.5
      vertex 15.0896 114.055 189.5
    endloop
  endfacet
  facet normal -0.947093 -0.320959 0
    outer loop
      vertex 15.0896 114.055 201.5
      vertex 15.1506 113.875 189.5
      vertex 15.1506 113.875 201.5
    endloop
  endfacet
  facet normal 0.997855 0.0654677 0
    outer loop
      vertex 12.3124 113.311 201.5
      vertex 12.3 113.5 189.5
      vertex 12.3 113.5 201.5
    endloop
  endfacet
  facet normal 0.997855 0.0654677 0
    outer loop
      vertex 12.3 113.5 189.5
      vertex 12.3124 113.311 201.5
      vertex 12.3124 113.311 189.5
    endloop
  endfacet
  facet normal -0.557854 0.829939 0
    outer loop
      vertex 14.6327 112.35 189.5
      vertex 14.475 112.244 201.5
      vertex 14.6327 112.35 201.5
    endloop
  endfacet
  facet normal -0.557854 0.829939 0
    outer loop
      vertex 14.475 112.244 201.5
      vertex 14.6327 112.35 189.5
      vertex 14.475 112.244 189.5
    endloop
  endfacet
  facet normal 0.3216 -0.946876 0
    outer loop
      vertex 13.1951 114.84 189.5
      vertex 13.3747 114.901 201.5
      vertex 13.1951 114.84 201.5
    endloop
  endfacet
  facet normal 0.3216 -0.946876 0
    outer loop
      vertex 13.3747 114.901 201.5
      vertex 13.1951 114.84 189.5
      vertex 13.3747 114.901 189.5
    endloop
  endfacet
  facet normal -0.195102 -0.980783 0
    outer loop
      vertex 13.9393 114.938 189.5
      vertex 14.1253 114.901 201.5
      vertex 13.9393 114.938 201.5
    endloop
  endfacet
  facet normal -0.195102 -0.980783 -0
    outer loop
      vertex 14.1253 114.901 201.5
      vertex 13.9393 114.938 189.5
      vertex 14.1253 114.901 189.5
    endloop
  endfacet
  facet normal 0.3216 0.946876 -0
    outer loop
      vertex 13.3747 112.099 189.5
      vertex 13.1951 112.16 201.5
      vertex 13.3747 112.099 201.5
    endloop
  endfacet
  facet normal 0.3216 0.946876 0
    outer loop
      vertex 13.1951 112.16 201.5
      vertex 13.3747 112.099 189.5
      vertex 13.1951 112.16 189.5
    endloop
  endfacet
  facet normal 0.832131 -0.554579 0
    outer loop
      vertex 12.4943 114.225 201.5
      vertex 12.5996 114.383 189.5
      vertex 12.5996 114.383 201.5
    endloop
  endfacet
  facet normal 0.832131 -0.554579 0
    outer loop
      vertex 12.5996 114.383 189.5
      vertex 12.4943 114.225 201.5
      vertex 12.4943 114.225 189.5
    endloop
  endfacet
  facet normal -0.557854 -0.829939 0
    outer loop
      vertex 14.475 114.756 189.5
      vertex 14.6327 114.65 201.5
      vertex 14.475 114.756 201.5
    endloop
  endfacet
  facet normal -0.557854 -0.829939 -0
    outer loop
      vertex 14.6327 114.65 201.5
      vertex 14.475 114.756 189.5
      vertex 14.6327 114.65 189.5
    endloop
  endfacet
  facet normal 0.947093 0.320959 0
    outer loop
      vertex 12.4104 112.945 201.5
      vertex 12.3494 113.125 189.5
      vertex 12.3494 113.125 201.5
    endloop
  endfacet
  facet normal 0.947093 0.320959 0
    outer loop
      vertex 12.3494 113.125 189.5
      vertex 12.4104 112.945 201.5
      vertex 12.4104 112.945 189.5
    endloop
  endfacet
  facet normal -0.3216 0.946876 0
    outer loop
      vertex 14.3049 112.16 189.5
      vertex 14.1253 112.099 201.5
      vertex 14.3049 112.16 201.5
    endloop
  endfacet
  facet normal -0.3216 0.946876 0
    outer loop
      vertex 14.1253 112.099 201.5
      vertex 14.3049 112.16 189.5
      vertex 14.1253 112.099 189.5
    endloop
  endfacet
  facet normal -0.0632645 0.997997 0
    outer loop
      vertex 13.9393 112.062 189.5
      vertex 13.75 112.05 201.5
      vertex 13.9393 112.062 201.5
    endloop
  endfacet
  facet normal -0.0632645 0.997997 0
    outer loop
      vertex 13.75 112.05 201.5
      vertex 13.9393 112.062 189.5
      vertex 13.75 112.05 189.5
    endloop
  endfacet
  facet normal 0.44278 0.89663 -0
    outer loop
      vertex 13.1951 112.16 189.5
      vertex 13.025 112.244 201.5
      vertex 13.1951 112.16 201.5
    endloop
  endfacet
  facet normal 0.44278 0.89663 0
    outer loop
      vertex 13.025 112.244 201.5
      vertex 13.1951 112.16 189.5
      vertex 13.025 112.244 189.5
    endloop
  endfacet
  facet normal -0.832131 -0.554579 0
    outer loop
      vertex 15.0057 114.225 189.5
      vertex 14.9004 114.383 201.5
      vertex 14.9004 114.383 189.5
    endloop
  endfacet
  facet normal -0.832131 -0.554579 0
    outer loop
      vertex 14.9004 114.383 201.5
      vertex 15.0057 114.225 189.5
      vertex 15.0057 114.225 201.5
    endloop
  endfacet
  facet normal 0.997855 -0.0654677 0
    outer loop
      vertex 12.3 113.5 201.5
      vertex 12.3124 113.689 189.5
      vertex 12.3124 113.689 201.5
    endloop
  endfacet
  facet normal 0.997855 -0.0654677 0
    outer loop
      vertex 12.3124 113.689 189.5
      vertex 12.3 113.5 201.5
      vertex 12.3 113.5 189.5
    endloop
  endfacet
  facet normal 0.947093 -0.320959 0
    outer loop
      vertex 12.3494 113.875 201.5
      vertex 12.4104 114.055 189.5
      vertex 12.4104 114.055 201.5
    endloop
  endfacet
  facet normal 0.947093 -0.320959 0
    outer loop
      vertex 12.4104 114.055 189.5
      vertex 12.3494 113.875 201.5
      vertex 12.3494 113.875 189.5
    endloop
  endfacet
  facet normal 0.659176 -0.751988 0
    outer loop
      vertex 12.7247 114.525 189.5
      vertex 12.8673 114.65 201.5
      vertex 12.7247 114.525 201.5
    endloop
  endfacet
  facet normal 0.659176 -0.751988 0
    outer loop
      vertex 12.8673 114.65 201.5
      vertex 12.7247 114.525 189.5
      vertex 12.8673 114.65 189.5
    endloop
  endfacet
  facet normal -0.44278 0.89663 0
    outer loop
      vertex 14.475 112.244 189.5
      vertex 14.3049 112.16 201.5
      vertex 14.475 112.244 201.5
    endloop
  endfacet
  facet normal -0.44278 0.89663 0
    outer loop
      vertex 14.3049 112.16 201.5
      vertex 14.475 112.244 189.5
      vertex 14.3049 112.16 189.5
    endloop
  endfacet
  facet normal 0.195102 0.980783 -0
    outer loop
      vertex 13.5607 112.062 189.5
      vertex 13.3747 112.099 201.5
      vertex 13.5607 112.062 201.5
    endloop
  endfacet
  facet normal 0.195102 0.980783 0
    outer loop
      vertex 13.3747 112.099 201.5
      vertex 13.5607 112.062 189.5
      vertex 13.3747 112.099 189.5
    endloop
  endfacet
  facet normal -0.750347 0.661045 0
    outer loop
      vertex 14.7753 112.475 189.5
      vertex 14.9004 112.617 201.5
      vertex 14.9004 112.617 189.5
    endloop
  endfacet
  facet normal -0.750347 0.661045 0
    outer loop
      vertex 14.9004 112.617 201.5
      vertex 14.7753 112.475 189.5
      vertex 14.7753 112.475 201.5
    endloop
  endfacet
  facet normal -0.195102 0.980783 0
    outer loop
      vertex 14.1253 112.099 189.5
      vertex 13.9393 112.062 201.5
      vertex 14.1253 112.099 201.5
    endloop
  endfacet
  facet normal -0.195102 0.980783 0
    outer loop
      vertex 13.9393 112.062 201.5
      vertex 14.1253 112.099 189.5
      vertex 13.9393 112.062 189.5
    endloop
  endfacet
  facet normal -0.750347 -0.661045 0
    outer loop
      vertex 14.9004 114.383 189.5
      vertex 14.7753 114.525 201.5
      vertex 14.7753 114.525 189.5
    endloop
  endfacet
  facet normal -0.750347 -0.661045 0
    outer loop
      vertex 14.7753 114.525 201.5
      vertex 14.9004 114.383 189.5
      vertex 14.9004 114.383 201.5
    endloop
  endfacet
  facet normal 0.44278 -0.89663 0
    outer loop
      vertex 13.025 114.756 189.5
      vertex 13.1951 114.84 201.5
      vertex 13.025 114.756 201.5
    endloop
  endfacet
  facet normal 0.44278 -0.89663 0
    outer loop
      vertex 13.1951 114.84 201.5
      vertex 13.025 114.756 189.5
      vertex 13.1951 114.84 189.5
    endloop
  endfacet
  facet normal 0.0632645 0.997997 -0
    outer loop
      vertex 13.75 112.05 189.5
      vertex 13.5607 112.062 201.5
      vertex 13.75 112.05 201.5
    endloop
  endfacet
  facet normal 0.0632645 0.997997 0
    outer loop
      vertex 13.5607 112.062 201.5
      vertex 13.75 112.05 189.5
      vertex 13.5607 112.062 189.5
    endloop
  endfacet
  facet normal 0.980783 0.195102 0
    outer loop
      vertex 12.3494 113.125 201.5
      vertex 12.3124 113.311 189.5
      vertex 12.3124 113.311 201.5
    endloop
  endfacet
  facet normal 0.980783 0.195102 0
    outer loop
      vertex 12.3124 113.311 189.5
      vertex 12.3494 113.125 201.5
      vertex 12.3494 113.125 189.5
    endloop
  endfacet
  facet normal -0.0632645 -0.997997 0
    outer loop
      vertex 13.75 114.95 189.5
      vertex 13.9393 114.938 201.5
      vertex 13.75 114.95 201.5
    endloop
  endfacet
  facet normal -0.0632645 -0.997997 -0
    outer loop
      vertex 13.9393 114.938 201.5
      vertex 13.75 114.95 189.5
      vertex 13.9393 114.938 189.5
    endloop
  endfacet
  facet normal -0.44278 -0.89663 0
    outer loop
      vertex 14.3049 114.84 189.5
      vertex 14.475 114.756 201.5
      vertex 14.3049 114.84 201.5
    endloop
  endfacet
  facet normal -0.44278 -0.89663 -0
    outer loop
      vertex 14.475 114.756 201.5
      vertex 14.3049 114.84 189.5
      vertex 14.475 114.756 189.5
    endloop
  endfacet
  facet normal -0.659176 -0.751988 0
    outer loop
      vertex 14.6327 114.65 189.5
      vertex 14.7753 114.525 201.5
      vertex 14.6327 114.65 201.5
    endloop
  endfacet
  facet normal -0.659176 -0.751988 -0
    outer loop
      vertex 14.7753 114.525 201.5
      vertex 14.6327 114.65 189.5
      vertex 14.7753 114.525 189.5
    endloop
  endfacet
  facet normal 0.896736 -0.442566 0
    outer loop
      vertex 12.4104 114.055 201.5
      vertex 12.4943 114.225 189.5
      vertex 12.4943 114.225 201.5
    endloop
  endfacet
  facet normal 0.896736 -0.442566 0
    outer loop
      vertex 12.4943 114.225 189.5
      vertex 12.4104 114.055 201.5
      vertex 12.4104 114.055 189.5
    endloop
  endfacet
  facet normal -0.896736 -0.442566 0
    outer loop
      vertex 15.0896 114.055 189.5
      vertex 15.0057 114.225 201.5
      vertex 15.0057 114.225 189.5
    endloop
  endfacet
  facet normal -0.896736 -0.442566 0
    outer loop
      vertex 15.0057 114.225 201.5
      vertex 15.0896 114.055 189.5
      vertex 15.0896 114.055 201.5
    endloop
  endfacet
  facet normal -0.659176 0.751988 0
    outer loop
      vertex 14.7753 112.475 189.5
      vertex 14.6327 112.35 201.5
      vertex 14.7753 112.475 201.5
    endloop
  endfacet
  facet normal -0.659176 0.751988 0
    outer loop
      vertex 14.6327 112.35 201.5
      vertex 14.7753 112.475 189.5
      vertex 14.6327 112.35 189.5
    endloop
  endfacet
  facet normal -0.997855 -0.0654677 0
    outer loop
      vertex 15.2 113.5 189.5
      vertex 15.1876 113.689 201.5
      vertex 15.1876 113.689 189.5
    endloop
  endfacet
  facet normal -0.997855 -0.0654677 0
    outer loop
      vertex 15.1876 113.689 201.5
      vertex 15.2 113.5 189.5
      vertex 15.2 113.5 201.5
    endloop
  endfacet
  facet normal 0.557854 -0.829939 0
    outer loop
      vertex 12.8673 114.65 189.5
      vertex 13.025 114.756 201.5
      vertex 12.8673 114.65 201.5
    endloop
  endfacet
  facet normal 0.557854 -0.829939 0
    outer loop
      vertex 13.025 114.756 201.5
      vertex 12.8673 114.65 189.5
      vertex 13.025 114.756 189.5
    endloop
  endfacet
  facet normal -0.896736 0.442566 0
    outer loop
      vertex 15.0057 112.775 189.5
      vertex 15.0896 112.945 201.5
      vertex 15.0896 112.945 189.5
    endloop
  endfacet
  facet normal -0.896736 0.442566 0
    outer loop
      vertex 15.0896 112.945 201.5
      vertex 15.0057 112.775 189.5
      vertex 15.0057 112.775 201.5
    endloop
  endfacet
  facet normal -0.980783 -0.195102 0
    outer loop
      vertex 15.1876 113.689 189.5
      vertex 15.1506 113.875 201.5
      vertex 15.1506 113.875 189.5
    endloop
  endfacet
  facet normal -0.980783 -0.195102 0
    outer loop
      vertex 15.1506 113.875 201.5
      vertex 15.1876 113.689 189.5
      vertex 15.1876 113.689 201.5
    endloop
  endfacet
  facet normal -0.947093 0.320959 0
    outer loop
      vertex 15.0896 112.945 189.5
      vertex 15.1506 113.125 201.5
      vertex 15.1506 113.125 189.5
    endloop
  endfacet
  facet normal -0.947093 0.320959 0
    outer loop
      vertex 15.1506 113.125 201.5
      vertex 15.0896 112.945 189.5
      vertex 15.0896 112.945 201.5
    endloop
  endfacet
  facet normal 0.980783 -0.195102 0
    outer loop
      vertex 12.3124 113.689 201.5
      vertex 12.3494 113.875 189.5
      vertex 12.3494 113.875 201.5
    endloop
  endfacet
  facet normal 0.980783 -0.195102 0
    outer loop
      vertex 12.3494 113.875 189.5
      vertex 12.3124 113.689 201.5
      vertex 12.3124 113.689 189.5
    endloop
  endfacet
  facet normal 0.750347 -0.661045 0
    outer loop
      vertex 12.5996 114.383 201.5
      vertex 12.7247 114.525 189.5
      vertex 12.7247 114.525 201.5
    endloop
  endfacet
  facet normal 0.750347 -0.661045 0
    outer loop
      vertex 12.7247 114.525 189.5
      vertex 12.5996 114.383 201.5
      vertex 12.5996 114.383 189.5
    endloop
  endfacet
  facet normal 0 0 1
    outer loop
      vertex 15.1876 113.689 189.5
      vertex 15.1876 113.311 189.5
      vertex 15.2 113.5 189.5
    endloop
  endfacet
  facet normal 0 0 1
    outer loop
      vertex 15.1506 113.875 189.5
      vertex 15.1876 113.311 189.5
      vertex 15.1876 113.689 189.5
    endloop
  endfacet
  facet normal 0 0 1
    outer loop
      vertex 15.1506 113.875 189.5
      vertex 15.1506 113.125 189.5
      vertex 15.1876 113.311 189.5
    endloop
  endfacet
  facet normal 0 0 1
    outer loop
      vertex 15.0896 114.055 189.5
      vertex 15.1506 113.125 189.5
      vertex 15.1506 113.875 189.5
    endloop
  endfacet
  facet normal 0 0 1
    outer loop
      vertex 15.0896 114.055 189.5
      vertex 15.0896 112.945 189.5
      vertex 15.1506 113.125 189.5
    endloop
  endfacet
  facet normal 0 0 1
    outer loop
      vertex 15.0057 114.225 189.5
      vertex 15.0896 112.945 189.5
      vertex 15.0896 114.055 189.5
    endloop
  endfacet
  facet normal 0 0 1
    outer loop
      vertex 15.0057 114.225 189.5
      vertex 15.0057 112.775 189.5
      vertex 15.0896 112.945 189.5
    endloop
  endfacet
  facet normal 0 0 1
    outer loop
      vertex 14.9004 114.383 189.5
      vertex 15.0057 112.775 189.5
      vertex 15.0057 114.225 189.5
    endloop
  endfacet
  facet normal 0 0 1
    outer loop
      vertex 14.9004 114.383 189.5
      vertex 14.9004 112.617 189.5
      vertex 15.0057 112.775 189.5
    endloop
  endfacet
  facet normal 0 0 1
    outer loop
      vertex 14.7753 114.525 189.5
      vertex 14.9004 112.617 189.5
      vertex 14.9004 114.383 189.5
    endloop
  endfacet
  facet normal 0 0 1
    outer loop
      vertex 14.7753 114.525 189.5
      vertex 14.7753 112.475 189.5
      vertex 14.9004 112.617 189.5
    endloop
  endfacet
  facet normal 0 0 1
    outer loop
      vertex 14.6327 114.65 189.5
      vertex 14.7753 112.475 189.5
      vertex 14.7753 114.525 189.5
    endloop
  endfacet
  facet normal 0 0 1
    outer loop
      vertex 14.6327 114.65 189.5
      vertex 14.6327 112.35 189.5
      vertex 14.7753 112.475 189.5
    endloop
  endfacet
  facet normal 0 0 1
    outer loop
      vertex 14.475 114.756 189.5
      vertex 14.6327 112.35 189.5
      vertex 14.6327 114.65 189.5
    endloop
  endfacet
  facet normal 0 0 1
    outer loop
      vertex 14.475 114.756 189.5
      vertex 14.475 112.244 189.5
      vertex 14.6327 112.35 189.5
    endloop
  endfacet
  facet normal 0 0 1
    outer loop
      vertex 14.3049 114.84 189.5
      vertex 14.475 112.244 189.5
      vertex 14.475 114.756 189.5
    endloop
  endfacet
  facet normal 0 0 1
    outer loop
      vertex 14.3049 114.84 189.5
      vertex 14.3049 112.16 189.5
      vertex 14.475 112.244 189.5
    endloop
  endfacet
  facet normal 0 0 1
    outer loop
      vertex 14.1253 114.901 189.5
      vertex 14.3049 112.16 189.5
      vertex 14.3049 114.84 189.5
    endloop
  endfacet
  facet normal 0 0 1
    outer loop
      vertex 14.1253 114.901 189.5
      vertex 14.1253 112.099 189.5
      vertex 14.3049 112.16 189.5
    endloop
  endfacet
  facet normal 0 0 1
    outer loop
      vertex 13.9393 114.938 189.5
      vertex 14.1253 112.099 189.5
      vertex 14.1253 114.901 189.5
    endloop
  endfacet
  facet normal 0 0 1
    outer loop
      vertex 13.9393 114.938 189.5
      vertex 13.9393 112.062 189.5
      vertex 14.1253 112.099 189.5
    endloop
  endfacet
  facet normal 0 0 1
    outer loop
      vertex 13.75 114.95 189.5
      vertex 13.9393 112.062 189.5
      vertex 13.9393 114.938 189.5
    endloop
  endfacet
  facet normal 0 0 1
    outer loop
      vertex 13.75 114.95 189.5
      vertex 13.75 112.05 189.5
      vertex 13.9393 112.062 189.5
    endloop
  endfacet
  facet normal -0 0 1
    outer loop
      vertex 13.5607 114.938 189.5
      vertex 13.75 112.05 189.5
      vertex 13.75 114.95 189.5
    endloop
  endfacet
  facet normal 0 0 1
    outer loop
      vertex 13.5607 114.938 189.5
      vertex 13.5607 112.062 189.5
      vertex 13.75 112.05 189.5
    endloop
  endfacet
  facet normal -0 0 1
    outer loop
      vertex 13.3747 114.901 189.5
      vertex 13.5607 112.062 189.5
      vertex 13.5607 114.938 189.5
    endloop
  endfacet
  facet normal 0 0 1
    outer loop
      vertex 13.3747 114.901 189.5
      vertex 13.3747 112.099 189.5
      vertex 13.5607 112.062 189.5
    endloop
  endfacet
  facet normal -0 0 1
    outer loop
      vertex 13.1951 114.84 189.5
      vertex 13.3747 112.099 189.5
      vertex 13.3747 114.901 189.5
    endloop
  endfacet
  facet normal 0 0 1
    outer loop
      vertex 13.1951 114.84 189.5
      vertex 13.1951 112.16 189.5
      vertex 13.3747 112.099 189.5
    endloop
  endfacet
  facet normal -0 0 1
    outer loop
      vertex 13.025 114.756 189.5
      vertex 13.1951 112.16 189.5
      vertex 13.1951 114.84 189.5
    endloop
  endfacet
  facet normal 0 0 1
    outer loop
      vertex 13.025 114.756 189.5
      vertex 13.025 112.244 189.5
      vertex 13.1951 112.16 189.5
    endloop
  endfacet
  facet normal -0 0 1
    outer loop
      vertex 12.8673 114.65 189.5
      vertex 13.025 112.244 189.5
      vertex 13.025 114.756 189.5
    endloop
  endfacet
  facet normal 0 0 1
    outer loop
      vertex 12.8673 114.65 189.5
      vertex 12.8673 112.35 189.5
      vertex 13.025 112.244 189.5
    endloop
  endfacet
  facet normal -0 0 1
    outer loop
      vertex 12.7247 114.525 189.5
      vertex 12.8673 112.35 189.5
      vertex 12.8673 114.65 189.5
    endloop
  endfacet
  facet normal 0 0 1
    outer loop
      vertex 12.7247 114.525 189.5
      vertex 12.7247 112.475 189.5
      vertex 12.8673 112.35 189.5
    endloop
  endfacet
  facet normal -0 0 1
    outer loop
      vertex 12.5996 114.383 189.5
      vertex 12.7247 112.475 189.5
      vertex 12.7247 114.525 189.5
    endloop
  endfacet
  facet normal 0 0 1
    outer loop
      vertex 12.5996 114.383 189.5
      vertex 12.5996 112.617 189.5
      vertex 12.7247 112.475 189.5
    endloop
  endfacet
  facet normal -0 0 1
    outer loop
      vertex 12.4943 114.225 189.5
      vertex 12.5996 112.617 189.5
      vertex 12.5996 114.383 189.5
    endloop
  endfacet
  facet normal 0 0 1
    outer loop
      vertex 12.4943 114.225 189.5
      vertex 12.4943 112.775 189.5
      vertex 12.5996 112.617 189.5
    endloop
  endfacet
  facet normal -0 0 1
    outer loop
      vertex 12.4104 114.055 189.5
      vertex 12.4943 112.775 189.5
      vertex 12.4943 114.225 189.5
    endloop
  endfacet
  facet normal 0 0 1
    outer loop
      vertex 12.4104 114.055 189.5
      vertex 12.4104 112.945 189.5
      vertex 12.4943 112.775 189.5
    endloop
  endfacet
  facet normal -0 0 1
    outer loop
      vertex 12.3494 113.875 189.5
      vertex 12.4104 112.945 189.5
      vertex 12.4104 114.055 189.5
    endloop
  endfacet
  facet normal 0 0 1
    outer loop
      vertex 12.3494 113.875 189.5
      vertex 12.3494 113.125 189.5
      vertex 12.4104 112.945 189.5
    endloop
  endfacet
  facet normal -0 0 1
    outer loop
      vertex 12.3124 113.689 189.5
      vertex 12.3494 113.125 189.5
      vertex 12.3494 113.875 189.5
    endloop
  endfacet
  facet normal 0 0 1
    outer loop
      vertex 12.3124 113.689 189.5
      vertex 12.3124 113.311 189.5
      vertex 12.3494 113.125 189.5
    endloop
  endfacet
  facet normal 0 -0 1
    outer loop
      vertex 12.3124 113.311 189.5
      vertex 12.3124 113.689 189.5
      vertex 12.3 113.5 189.5
    endloop
  endfacet
  facet normal 0.195102 -0.980783 0
    outer loop
      vertex 13.3747 114.901 189.5
      vertex 13.5607 114.938 201.5
      vertex 13.3747 114.901 201.5
    endloop
  endfacet
  facet normal 0.195102 -0.980783 0
    outer loop
      vertex 13.5607 114.938 201.5
      vertex 13.3747 114.901 189.5
      vertex 13.5607 114.938 189.5
    endloop
  endfacet
  facet normal 0.832131 0.554579 0
    outer loop
      vertex 12.5996 112.617 201.5
      vertex 12.4943 112.775 189.5
      vertex 12.4943 112.775 201.5
    endloop
  endfacet
  facet normal 0.832131 0.554579 0
    outer loop
      vertex 12.4943 112.775 189.5
      vertex 12.5996 112.617 201.5
      vertex 12.5996 112.617 189.5
    endloop
  endfacet
  facet normal 0.0632645 -0.997997 0
    outer loop
      vertex 13.5607 114.938 189.5
      vertex 13.75 114.95 201.5
      vertex 13.5607 114.938 201.5
    endloop
  endfacet
  facet normal 0.0632645 -0.997997 0
    outer loop
      vertex 13.75 114.95 201.5
      vertex 13.5607 114.938 189.5
      vertex 13.75 114.95 189.5
    endloop
  endfacet
  facet normal -0.980783 0.195102 0
    outer loop
      vertex 177.651 33.1247 189.5
      vertex 177.688 33.3107 201.5
      vertex 177.688 33.3107 189.5
    endloop
  endfacet
  facet normal -0.980783 0.195102 0
    outer loop
      vertex 177.688 33.3107 201.5
      vertex 177.651 33.1247 189.5
      vertex 177.651 33.1247 201.5
    endloop
  endfacet
  facet normal -0.997997 0.0632645 0
    outer loop
      vertex 177.688 33.3107 189.5
      vertex 177.7 33.5 201.5
      vertex 177.7 33.5 189.5
    endloop
  endfacet
  facet normal -0.997997 0.0632645 0
    outer loop
      vertex 177.7 33.5 201.5
      vertex 177.688 33.3107 189.5
      vertex 177.688 33.3107 201.5
    endloop
  endfacet
  facet normal -0.320959 -0.947093 0
    outer loop
      vertex 176.625 34.9006 189.5
      vertex 176.805 34.8396 201.5
      vertex 176.625 34.9006 201.5
    endloop
  endfacet
  facet normal -0.320959 -0.947093 -0
    outer loop
      vertex 176.805 34.8396 201.5
      vertex 176.625 34.9006 189.5
      vertex 176.805 34.8396 189.5
    endloop
  endfacet
  facet normal -0.829939 0.557854 0
    outer loop
      vertex 177.4 32.6173 189.5
      vertex 177.506 32.775 201.5
      vertex 177.506 32.775 189.5
    endloop
  endfacet
  facet normal -0.829939 0.557854 0
    outer loop
      vertex 177.506 32.775 201.5
      vertex 177.4 32.6173 189.5
      vertex 177.4 32.6173 201.5
    endloop
  endfacet
  facet normal 0.89663 0.44278 0
    outer loop
      vertex 174.994 32.775 201.5
      vertex 174.91 32.9451 189.5
      vertex 174.91 32.9451 201.5
    endloop
  endfacet
  facet normal 0.89663 0.44278 0
    outer loop
      vertex 174.91 32.9451 189.5
      vertex 174.994 32.775 201.5
      vertex 174.994 32.775 189.5
    endloop
  endfacet
  facet normal 0.554579 0.832131 -0
    outer loop
      vertex 175.525 32.2443 189.5
      vertex 175.367 32.3496 201.5
      vertex 175.525 32.2443 201.5
    endloop
  endfacet
  facet normal 0.554579 0.832131 0
    outer loop
      vertex 175.367 32.3496 201.5
      vertex 175.525 32.2443 189.5
      vertex 175.367 32.3496 189.5
    endloop
  endfacet
  facet normal 0.661045 0.750347 -0
    outer loop
      vertex 175.367 32.3496 189.5
      vertex 175.225 32.4747 201.5
      vertex 175.367 32.3496 201.5
    endloop
  endfacet
  facet normal 0.661045 0.750347 0
    outer loop
      vertex 175.225 32.4747 201.5
      vertex 175.367 32.3496 189.5
      vertex 175.225 32.4747 189.5
    endloop
  endfacet
  facet normal 0.751988 0.659176 0
    outer loop
      vertex 175.225 32.4747 201.5
      vertex 175.1 32.6173 189.5
      vertex 175.1 32.6173 201.5
    endloop
  endfacet
  facet normal 0.751988 0.659176 0
    outer loop
      vertex 175.1 32.6173 189.5
      vertex 175.225 32.4747 201.5
      vertex 175.225 32.4747 189.5
    endloop
  endfacet
  facet normal -0.946876 -0.3216 0
    outer loop
      vertex 177.651 33.8753 189.5
      vertex 177.59 34.0549 201.5
      vertex 177.59 34.0549 189.5
    endloop
  endfacet
  facet normal -0.946876 -0.3216 0
    outer loop
      vertex 177.59 34.0549 201.5
      vertex 177.651 33.8753 189.5
      vertex 177.651 33.8753 201.5
    endloop
  endfacet
  facet normal 0.997997 0.0632645 0
    outer loop
      vertex 174.812 33.3107 201.5
      vertex 174.8 33.5 189.5
      vertex 174.8 33.5 201.5
    endloop
  endfacet
  facet normal 0.997997 0.0632645 0
    outer loop
      vertex 174.8 33.5 189.5
      vertex 174.812 33.3107 201.5
      vertex 174.812 33.3107 189.5
    endloop
  endfacet
  facet normal -0.554579 0.832131 0
    outer loop
      vertex 177.133 32.3496 189.5
      vertex 176.975 32.2443 201.5
      vertex 177.133 32.3496 201.5
    endloop
  endfacet
  facet normal -0.554579 0.832131 0
    outer loop
      vertex 176.975 32.2443 201.5
      vertex 177.133 32.3496 189.5
      vertex 176.975 32.2443 189.5
    endloop
  endfacet
  facet normal 0.320959 -0.947093 0
    outer loop
      vertex 175.695 34.8396 189.5
      vertex 175.875 34.9006 201.5
      vertex 175.695 34.8396 201.5
    endloop
  endfacet
  facet normal 0.320959 -0.947093 0
    outer loop
      vertex 175.875 34.9006 201.5
      vertex 175.695 34.8396 189.5
      vertex 175.875 34.9006 189.5
    endloop
  endfacet
  facet normal -0.195102 -0.980783 0
    outer loop
      vertex 176.439 34.9376 189.5
      vertex 176.625 34.9006 201.5
      vertex 176.439 34.9376 201.5
    endloop
  endfacet
  facet normal -0.195102 -0.980783 -0
    outer loop
      vertex 176.625 34.9006 201.5
      vertex 176.439 34.9376 189.5
      vertex 176.625 34.9006 189.5
    endloop
  endfacet
  facet normal 0.320959 0.947093 -0
    outer loop
      vertex 175.875 32.0994 189.5
      vertex 175.695 32.1604 201.5
      vertex 175.875 32.0994 201.5
    endloop
  endfacet
  facet normal 0.320959 0.947093 0
    outer loop
      vertex 175.695 32.1604 201.5
      vertex 175.875 32.0994 189.5
      vertex 175.695 32.1604 189.5
    endloop
  endfacet
  facet normal 0.829939 -0.557854 0
    outer loop
      vertex 174.994 34.225 201.5
      vertex 175.1 34.3827 189.5
      vertex 175.1 34.3827 201.5
    endloop
  endfacet
  facet normal 0.829939 -0.557854 0
    outer loop
      vertex 175.1 34.3827 189.5
      vertex 174.994 34.225 201.5
      vertex 174.994 34.225 189.5
    endloop
  endfacet
  facet normal -0.554579 -0.832131 0
    outer loop
      vertex 176.975 34.7557 189.5
      vertex 177.133 34.6504 201.5
      vertex 176.975 34.7557 201.5
    endloop
  endfacet
  facet normal -0.554579 -0.832131 -0
    outer loop
      vertex 177.133 34.6504 201.5
      vertex 176.975 34.7557 189.5
      vertex 177.133 34.6504 189.5
    endloop
  endfacet
  facet normal 0.946876 0.3216 0
    outer loop
      vertex 174.91 32.9451 201.5
      vertex 174.849 33.1247 189.5
      vertex 174.849 33.1247 201.5
    endloop
  endfacet
  facet normal 0.946876 0.3216 0
    outer loop
      vertex 174.849 33.1247 189.5
      vertex 174.91 32.9451 201.5
      vertex 174.91 32.9451 189.5
    endloop
  endfacet
  facet normal -0.320959 0.947093 0
    outer loop
      vertex 176.805 32.1604 189.5
      vertex 176.625 32.0994 201.5
      vertex 176.805 32.1604 201.5
    endloop
  endfacet
  facet normal -0.320959 0.947093 0
    outer loop
      vertex 176.625 32.0994 201.5
      vertex 176.805 32.1604 189.5
      vertex 176.625 32.0994 189.5
    endloop
  endfacet
  facet normal -0.0654677 0.997855 0
    outer loop
      vertex 176.439 32.0624 189.5
      vertex 176.25 32.05 201.5
      vertex 176.439 32.0624 201.5
    endloop
  endfacet
  facet normal -0.0654677 0.997855 0
    outer loop
      vertex 176.25 32.05 201.5
      vertex 176.439 32.0624 189.5
      vertex 176.25 32.05 189.5
    endloop
  endfacet
  facet normal 0.442566 0.896736 -0
    outer loop
      vertex 175.695 32.1604 189.5
      vertex 175.525 32.2443 201.5
      vertex 175.695 32.1604 201.5
    endloop
  endfacet
  facet normal 0.442566 0.896736 0
    outer loop
      vertex 175.525 32.2443 201.5
      vertex 175.695 32.1604 189.5
      vertex 175.525 32.2443 189.5
    endloop
  endfacet
  facet normal -0.829939 -0.557854 0
    outer loop
      vertex 177.506 34.225 189.5
      vertex 177.4 34.3827 201.5
      vertex 177.4 34.3827 189.5
    endloop
  endfacet
  facet normal -0.829939 -0.557854 0
    outer loop
      vertex 177.4 34.3827 201.5
      vertex 177.506 34.225 189.5
      vertex 177.506 34.225 201.5
    endloop
  endfacet
  facet normal 0.997997 -0.0632645 0
    outer loop
      vertex 174.8 33.5 201.5
      vertex 174.812 33.6893 189.5
      vertex 174.812 33.6893 201.5
    endloop
  endfacet
  facet normal 0.997997 -0.0632645 0
    outer loop
      vertex 174.812 33.6893 189.5
      vertex 174.8 33.5 201.5
      vertex 174.8 33.5 189.5
    endloop
  endfacet
  facet normal 0.946876 -0.3216 0
    outer loop
      vertex 174.849 33.8753 201.5
      vertex 174.91 34.0549 189.5
      vertex 174.91 34.0549 201.5
    endloop
  endfacet
  facet normal 0.946876 -0.3216 0
    outer loop
      vertex 174.91 34.0549 189.5
      vertex 174.849 33.8753 201.5
      vertex 174.849 33.8753 189.5
    endloop
  endfacet
  facet normal 0.661045 -0.750347 0
    outer loop
      vertex 175.225 34.5253 189.5
      vertex 175.367 34.6504 201.5
      vertex 175.225 34.5253 201.5
    endloop
  endfacet
  facet normal 0.661045 -0.750347 0
    outer loop
      vertex 175.367 34.6504 201.5
      vertex 175.225 34.5253 189.5
      vertex 175.367 34.6504 189.5
    endloop
  endfacet
  facet normal -0.442566 0.896736 0
    outer loop
      vertex 176.975 32.2443 189.5
      vertex 176.805 32.1604 201.5
      vertex 176.975 32.2443 201.5
    endloop
  endfacet
  facet normal -0.442566 0.896736 0
    outer loop
      vertex 176.805 32.1604 201.5
      vertex 176.975 32.2443 189.5
      vertex 176.805 32.1604 189.5
    endloop
  endfacet
  facet normal 0.195102 0.980783 -0
    outer loop
      vertex 176.061 32.0624 189.5
      vertex 175.875 32.0994 201.5
      vertex 176.061 32.0624 201.5
    endloop
  endfacet
  facet normal 0.195102 0.980783 0
    outer loop
      vertex 175.875 32.0994 201.5
      vertex 176.061 32.0624 189.5
      vertex 175.875 32.0994 189.5
    endloop
  endfacet
  facet normal -0.751988 0.659176 0
    outer loop
      vertex 177.275 32.4747 189.5
      vertex 177.4 32.6173 201.5
      vertex 177.4 32.6173 189.5
    endloop
  endfacet
  facet normal -0.751988 0.659176 0
    outer loop
      vertex 177.4 32.6173 201.5
      vertex 177.275 32.4747 189.5
      vertex 177.275 32.4747 201.5
    endloop
  endfacet
  facet normal -0.195102 0.980783 0
    outer loop
      vertex 176.625 32.0994 189.5
      vertex 176.439 32.0624 201.5
      vertex 176.625 32.0994 201.5
    endloop
  endfacet
  facet normal -0.195102 0.980783 0
    outer loop
      vertex 176.439 32.0624 201.5
      vertex 176.625 32.0994 189.5
      vertex 176.439 32.0624 189.5
    endloop
  endfacet
  facet normal -0.751988 -0.659176 0
    outer loop
      vertex 177.4 34.3827 189.5
      vertex 177.275 34.5253 201.5
      vertex 177.275 34.5253 189.5
    endloop
  endfacet
  facet normal -0.751988 -0.659176 0
    outer loop
      vertex 177.275 34.5253 201.5
      vertex 177.4 34.3827 189.5
      vertex 177.4 34.3827 201.5
    endloop
  endfacet
  facet normal 0.442566 -0.896736 0
    outer loop
      vertex 175.525 34.7557 189.5
      vertex 175.695 34.8396 201.5
      vertex 175.525 34.7557 201.5
    endloop
  endfacet
  facet normal 0.442566 -0.896736 0
    outer loop
      vertex 175.695 34.8396 201.5
      vertex 175.525 34.7557 189.5
      vertex 175.695 34.8396 189.5
    endloop
  endfacet
  facet normal 0.0654677 0.997855 -0
    outer loop
      vertex 176.25 32.05 189.5
      vertex 176.061 32.0624 201.5
      vertex 176.25 32.05 201.5
    endloop
  endfacet
  facet normal 0.0654677 0.997855 0
    outer loop
      vertex 176.061 32.0624 201.5
      vertex 176.25 32.05 189.5
      vertex 176.061 32.0624 189.5
    endloop
  endfacet
  facet normal 0.980783 0.195102 0
    outer loop
      vertex 174.849 33.1247 201.5
      vertex 174.812 33.3107 189.5
      vertex 174.812 33.3107 201.5
    endloop
  endfacet
  facet normal 0.980783 0.195102 0
    outer loop
      vertex 174.812 33.3107 189.5
      vertex 174.849 33.1247 201.5
      vertex 174.849 33.1247 189.5
    endloop
  endfacet
  facet normal -0.0654677 -0.997855 0
    outer loop
      vertex 176.25 34.95 189.5
      vertex 176.439 34.9376 201.5
      vertex 176.25 34.95 201.5
    endloop
  endfacet
  facet normal -0.0654677 -0.997855 -0
    outer loop
      vertex 176.439 34.9376 201.5
      vertex 176.25 34.95 189.5
      vertex 176.439 34.9376 189.5
    endloop
  endfacet
  facet normal -0.442566 -0.896736 0
    outer loop
      vertex 176.805 34.8396 189.5
      vertex 176.975 34.7557 201.5
      vertex 176.805 34.8396 201.5
    endloop
  endfacet
  facet normal -0.442566 -0.896736 -0
    outer loop
      vertex 176.975 34.7557 201.5
      vertex 176.805 34.8396 189.5
      vertex 176.975 34.7557 189.5
    endloop
  endfacet
  facet normal -0.661045 -0.750347 0
    outer loop
      vertex 177.133 34.6504 189.5
      vertex 177.275 34.5253 201.5
      vertex 177.133 34.6504 201.5
    endloop
  endfacet
  facet normal -0.661045 -0.750347 -0
    outer loop
      vertex 177.275 34.5253 201.5
      vertex 177.133 34.6504 189.5
      vertex 177.275 34.5253 189.5
    endloop
  endfacet
  facet normal 0.89663 -0.44278 0
    outer loop
      vertex 174.91 34.0549 201.5
      vertex 174.994 34.225 189.5
      vertex 174.994 34.225 201.5
    endloop
  endfacet
  facet normal 0.89663 -0.44278 0
    outer loop
      vertex 174.994 34.225 189.5
      vertex 174.91 34.0549 201.5
      vertex 174.91 34.0549 189.5
    endloop
  endfacet
  facet normal -0.89663 -0.44278 0
    outer loop
      vertex 177.59 34.0549 189.5
      vertex 177.506 34.225 201.5
      vertex 177.506 34.225 189.5
    endloop
  endfacet
  facet normal -0.89663 -0.44278 0
    outer loop
      vertex 177.506 34.225 201.5
      vertex 177.59 34.0549 189.5
      vertex 177.59 34.0549 201.5
    endloop
  endfacet
  facet normal -0.661045 0.750347 0
    outer loop
      vertex 177.275 32.4747 189.5
      vertex 177.133 32.3496 201.5
      vertex 177.275 32.4747 201.5
    endloop
  endfacet
  facet normal -0.661045 0.750347 0
    outer loop
      vertex 177.133 32.3496 201.5
      vertex 177.275 32.4747 189.5
      vertex 177.133 32.3496 189.5
    endloop
  endfacet
  facet normal -0.997997 -0.0632645 0
    outer loop
      vertex 177.7 33.5 189.5
      vertex 177.688 33.6893 201.5
      vertex 177.688 33.6893 189.5
    endloop
  endfacet
  facet normal -0.997997 -0.0632645 0
    outer loop
      vertex 177.688 33.6893 201.5
      vertex 177.7 33.5 189.5
      vertex 177.7 33.5 201.5
    endloop
  endfacet
  facet normal 0.554579 -0.832131 0
    outer loop
      vertex 175.367 34.6504 189.5
      vertex 175.525 34.7557 201.5
      vertex 175.367 34.6504 201.5
    endloop
  endfacet
  facet normal 0.554579 -0.832131 0
    outer loop
      vertex 175.525 34.7557 201.5
      vertex 175.367 34.6504 189.5
      vertex 175.525 34.7557 189.5
    endloop
  endfacet
  facet normal -0.89663 0.44278 0
    outer loop
      vertex 177.506 32.775 189.5
      vertex 177.59 32.9451 201.5
      vertex 177.59 32.9451 189.5
    endloop
  endfacet
  facet normal -0.89663 0.44278 0
    outer loop
      vertex 177.59 32.9451 201.5
      vertex 177.506 32.775 189.5
      vertex 177.506 32.775 201.5
    endloop
  endfacet
  facet normal -0.980783 -0.195102 0
    outer loop
      vertex 177.688 33.6893 189.5
      vertex 177.651 33.8753 201.5
      vertex 177.651 33.8753 189.5
    endloop
  endfacet
  facet normal -0.980783 -0.195102 0
    outer loop
      vertex 177.651 33.8753 201.5
      vertex 177.688 33.6893 189.5
      vertex 177.688 33.6893 201.5
    endloop
  endfacet
  facet normal -0.946876 0.3216 0
    outer loop
      vertex 177.59 32.9451 189.5
      vertex 177.651 33.1247 201.5
      vertex 177.651 33.1247 189.5
    endloop
  endfacet
  facet normal -0.946876 0.3216 0
    outer loop
      vertex 177.651 33.1247 201.5
      vertex 177.59 32.9451 189.5
      vertex 177.59 32.9451 201.5
    endloop
  endfacet
  facet normal 0.980783 -0.195102 0
    outer loop
      vertex 174.812 33.6893 201.5
      vertex 174.849 33.8753 189.5
      vertex 174.849 33.8753 201.5
    endloop
  endfacet
  facet normal 0.980783 -0.195102 0
    outer loop
      vertex 174.849 33.8753 189.5
      vertex 174.812 33.6893 201.5
      vertex 174.812 33.6893 189.5
    endloop
  endfacet
  facet normal 0.751988 -0.659176 0
    outer loop
      vertex 175.1 34.3827 201.5
      vertex 175.225 34.5253 189.5
      vertex 175.225 34.5253 201.5
    endloop
  endfacet
  facet normal 0.751988 -0.659176 0
    outer loop
      vertex 175.225 34.5253 189.5
      vertex 175.1 34.3827 201.5
      vertex 175.1 34.3827 189.5
    endloop
  endfacet
  facet normal 0 0 1
    outer loop
      vertex 177.688 33.6893 189.5
      vertex 177.688 33.3107 189.5
      vertex 177.7 33.5 189.5
    endloop
  endfacet
  facet normal 0 0 1
    outer loop
      vertex 177.651 33.8753 189.5
      vertex 177.688 33.3107 189.5
      vertex 177.688 33.6893 189.5
    endloop
  endfacet
  facet normal 0 0 1
    outer loop
      vertex 177.651 33.8753 189.5
      vertex 177.651 33.1247 189.5
      vertex 177.688 33.3107 189.5
    endloop
  endfacet
  facet normal 0 0 1
    outer loop
      vertex 177.59 34.0549 189.5
      vertex 177.651 33.1247 189.5
      vertex 177.651 33.8753 189.5
    endloop
  endfacet
  facet normal 0 0 1
    outer loop
      vertex 177.59 34.0549 189.5
      vertex 177.59 32.9451 189.5
      vertex 177.651 33.1247 189.5
    endloop
  endfacet
  facet normal 0 0 1
    outer loop
      vertex 177.506 34.225 189.5
      vertex 177.59 32.9451 189.5
      vertex 177.59 34.0549 189.5
    endloop
  endfacet
  facet normal 0 0 1
    outer loop
      vertex 177.506 34.225 189.5
      vertex 177.506 32.775 189.5
      vertex 177.59 32.9451 189.5
    endloop
  endfacet
  facet normal 0 0 1
    outer loop
      vertex 177.4 34.3827 189.5
      vertex 177.506 32.775 189.5
      vertex 177.506 34.225 189.5
    endloop
  endfacet
  facet normal 0 0 1
    outer loop
      vertex 177.4 34.3827 189.5
      vertex 177.4 32.6173 189.5
      vertex 177.506 32.775 189.5
    endloop
  endfacet
  facet normal 0 0 1
    outer loop
      vertex 177.275 34.5253 189.5
      vertex 177.4 32.6173 189.5
      vertex 177.4 34.3827 189.5
    endloop
  endfacet
  facet normal 0 0 1
    outer loop
      vertex 177.275 34.5253 189.5
      vertex 177.275 32.4747 189.5
      vertex 177.4 32.6173 189.5
    endloop
  endfacet
  facet normal 0 0 1
    outer loop
      vertex 177.133 34.6504 189.5
      vertex 177.275 32.4747 189.5
      vertex 177.275 34.5253 189.5
    endloop
  endfacet
  facet normal 0 0 1
    outer loop
      vertex 177.133 34.6504 189.5
      vertex 177.133 32.3496 189.5
      vertex 177.275 32.4747 189.5
    endloop
  endfacet
  facet normal 0 0 1
    outer loop
      vertex 176.975 34.7557 189.5
      vertex 177.133 32.3496 189.5
      vertex 177.133 34.6504 189.5
    endloop
  endfacet
  facet normal 0 0 1
    outer loop
      vertex 176.975 34.7557 189.5
      vertex 176.975 32.2443 189.5
      vertex 177.133 32.3496 189.5
    endloop
  endfacet
  facet normal 0 0 1
    outer loop
      vertex 176.805 34.8396 189.5
      vertex 176.975 32.2443 189.5
      vertex 176.975 34.7557 189.5
    endloop
  endfacet
  facet normal 0 0 1
    outer loop
      vertex 176.805 34.8396 189.5
      vertex 176.805 32.1604 189.5
      vertex 176.975 32.2443 189.5
    endloop
  endfacet
  facet normal 0 0 1
    outer loop
      vertex 176.625 34.9006 189.5
      vertex 176.805 32.1604 189.5
      vertex 176.805 34.8396 189.5
    endloop
  endfacet
  facet normal 0 0 1
    outer loop
      vertex 176.625 34.9006 189.5
      vertex 176.625 32.0994 189.5
      vertex 176.805 32.1604 189.5
    endloop
  endfacet
  facet normal 0 0 1
    outer loop
      vertex 176.439 34.9376 189.5
      vertex 176.625 32.0994 189.5
      vertex 176.625 34.9006 189.5
    endloop
  endfacet
  facet normal 0 0 1
    outer loop
      vertex 176.439 34.9376 189.5
      vertex 176.439 32.0624 189.5
      vertex 176.625 32.0994 189.5
    endloop
  endfacet
  facet normal 0 0 1
    outer loop
      vertex 176.25 34.95 189.5
      vertex 176.439 32.0624 189.5
      vertex 176.439 34.9376 189.5
    endloop
  endfacet
  facet normal 0 0 1
    outer loop
      vertex 176.25 34.95 189.5
      vertex 176.25 32.05 189.5
      vertex 176.439 32.0624 189.5
    endloop
  endfacet
  facet normal -0 0 1
    outer loop
      vertex 176.061 34.9376 189.5
      vertex 176.25 32.05 189.5
      vertex 176.25 34.95 189.5
    endloop
  endfacet
  facet normal 0 0 1
    outer loop
      vertex 176.061 34.9376 189.5
      vertex 176.061 32.0624 189.5
      vertex 176.25 32.05 189.5
    endloop
  endfacet
  facet normal -0 0 1
    outer loop
      vertex 175.875 34.9006 189.5
      vertex 176.061 32.0624 189.5
      vertex 176.061 34.9376 189.5
    endloop
  endfacet
  facet normal 0 0 1
    outer loop
      vertex 175.875 34.9006 189.5
      vertex 175.875 32.0994 189.5
      vertex 176.061 32.0624 189.5
    endloop
  endfacet
  facet normal -0 0 1
    outer loop
      vertex 175.695 34.8396 189.5
      vertex 175.875 32.0994 189.5
      vertex 175.875 34.9006 189.5
    endloop
  endfacet
  facet normal 0 0 1
    outer loop
      vertex 175.695 34.8396 189.5
      vertex 175.695 32.1604 189.5
      vertex 175.875 32.0994 189.5
    endloop
  endfacet
  facet normal -0 0 1
    outer loop
      vertex 175.525 34.7557 189.5
      vertex 175.695 32.1604 189.5
      vertex 175.695 34.8396 189.5
    endloop
  endfacet
  facet normal 0 0 1
    outer loop
      vertex 175.525 34.7557 189.5
      vertex 175.525 32.2443 189.5
      vertex 175.695 32.1604 189.5
    endloop
  endfacet
  facet normal -0 0 1
    outer loop
      vertex 175.367 34.6504 189.5
      vertex 175.525 32.2443 189.5
      vertex 175.525 34.7557 189.5
    endloop
  endfacet
  facet normal 0 0 1
    outer loop
      vertex 175.367 34.6504 189.5
      vertex 175.367 32.3496 189.5
      vertex 175.525 32.2443 189.5
    endloop
  endfacet
  facet normal -0 0 1
    outer loop
      vertex 175.225 34.5253 189.5
      vertex 175.367 32.3496 189.5
      vertex 175.367 34.6504 189.5
    endloop
  endfacet
  facet normal 0 0 1
    outer loop
      vertex 175.225 34.5253 189.5
      vertex 175.225 32.4747 189.5
      vertex 175.367 32.3496 189.5
    endloop
  endfacet
  facet normal -0 0 1
    outer loop
      vertex 175.1 34.3827 189.5
      vertex 175.225 32.4747 189.5
      vertex 175.225 34.5253 189.5
    endloop
  endfacet
  facet normal 0 0 1
    outer loop
      vertex 175.1 34.3827 189.5
      vertex 175.1 32.6173 189.5
      vertex 175.225 32.4747 189.5
    endloop
  endfacet
  facet normal -0 0 1
    outer loop
      vertex 174.994 34.225 189.5
      vertex 175.1 32.6173 189.5
      vertex 175.1 34.3827 189.5
    endloop
  endfacet
  facet normal 0 0 1
    outer loop
      vertex 174.994 34.225 189.5
      vertex 174.994 32.775 189.5
      vertex 175.1 32.6173 189.5
    endloop
  endfacet
  facet normal -0 0 1
    outer loop
      vertex 174.91 34.0549 189.5
      vertex 174.994 32.775 189.5
      vertex 174.994 34.225 189.5
    endloop
  endfacet
  facet normal 0 0 1
    outer loop
      vertex 174.91 34.0549 189.5
      vertex 174.91 32.9451 189.5
      vertex 174.994 32.775 189.5
    endloop
  endfacet
  facet normal -0 0 1
    outer loop
      vertex 174.849 33.8753 189.5
      vertex 174.91 32.9451 189.5
      vertex 174.91 34.0549 189.5
    endloop
  endfacet
  facet normal 0 0 1
    outer loop
      vertex 174.849 33.8753 189.5
      vertex 174.849 33.1247 189.5
      vertex 174.91 32.9451 189.5
    endloop
  endfacet
  facet normal -0 0 1
    outer loop
      vertex 174.812 33.6893 189.5
      vertex 174.849 33.1247 189.5
      vertex 174.849 33.8753 189.5
    endloop
  endfacet
  facet normal 0 0 1
    outer loop
      vertex 174.812 33.6893 189.5
      vertex 174.812 33.3107 189.5
      vertex 174.849 33.1247 189.5
    endloop
  endfacet
  facet normal 0 -0 1
    outer loop
      vertex 174.812 33.3107 189.5
      vertex 174.812 33.6893 189.5
      vertex 174.8 33.5 189.5
    endloop
  endfacet
  facet normal 0.195102 -0.980783 0
    outer loop
      vertex 175.875 34.9006 189.5
      vertex 176.061 34.9376 201.5
      vertex 175.875 34.9006 201.5
    endloop
  endfacet
  facet normal 0.195102 -0.980783 0
    outer loop
      vertex 176.061 34.9376 201.5
      vertex 175.875 34.9006 189.5
      vertex 176.061 34.9376 189.5
    endloop
  endfacet
  facet normal 0.829939 0.557854 0
    outer loop
      vertex 175.1 32.6173 201.5
      vertex 174.994 32.775 189.5
      vertex 174.994 32.775 201.5
    endloop
  endfacet
  facet normal 0.829939 0.557854 0
    outer loop
      vertex 174.994 32.775 189.5
      vertex 175.1 32.6173 201.5
      vertex 175.1 32.6173 189.5
    endloop
  endfacet
  facet normal 0.0654677 -0.997855 0
    outer loop
      vertex 176.061 34.9376 189.5
      vertex 176.25 34.95 201.5
      vertex 176.061 34.9376 201.5
    endloop
  endfacet
  facet normal 0.0654677 -0.997855 0
    outer loop
      vertex 176.25 34.95 201.5
      vertex 176.061 34.9376 189.5
      vertex 176.25 34.95 189.5
    endloop
  endfacet
  facet normal -0.980783 0.195102 0
    outer loop
      vertex 177.651 113.125 189.5
      vertex 177.688 113.311 201.5
      vertex 177.688 113.311 189.5
    endloop
  endfacet
  facet normal -0.980783 0.195102 0
    outer loop
      vertex 177.688 113.311 201.5
      vertex 177.651 113.125 189.5
      vertex 177.651 113.125 201.5
    endloop
  endfacet
  facet normal -0.99799 0.0633645 0
    outer loop
      vertex 177.688 113.311 189.5
      vertex 177.7 113.5 201.5
      vertex 177.7 113.5 189.5
    endloop
  endfacet
  facet normal -0.99799 0.0633645 0
    outer loop
      vertex 177.7 113.5 201.5
      vertex 177.688 113.311 189.5
      vertex 177.688 113.311 201.5
    endloop
  endfacet
  facet normal -0.320959 -0.947093 0
    outer loop
      vertex 176.625 114.901 189.5
      vertex 176.805 114.84 201.5
      vertex 176.625 114.901 201.5
    endloop
  endfacet
  facet normal -0.320959 -0.947093 -0
    outer loop
      vertex 176.805 114.84 201.5
      vertex 176.625 114.901 189.5
      vertex 176.805 114.84 189.5
    endloop
  endfacet
  facet normal -0.83043 0.557124 0
    outer loop
      vertex 177.4 112.617 189.5
      vertex 177.506 112.775 201.5
      vertex 177.506 112.775 189.5
    endloop
  endfacet
  facet normal -0.83043 0.557124 0
    outer loop
      vertex 177.506 112.775 201.5
      vertex 177.4 112.617 189.5
      vertex 177.4 112.617 201.5
    endloop
  endfacet
  facet normal 0.896527 0.44299 0
    outer loop
      vertex 174.994 112.775 201.5
      vertex 174.91 112.945 189.5
      vertex 174.91 112.945 201.5
    endloop
  endfacet
  facet normal 0.896527 0.44299 0
    outer loop
      vertex 174.91 112.945 189.5
      vertex 174.994 112.775 201.5
      vertex 174.994 112.775 189.5
    endloop
  endfacet
  facet normal 0.557124 0.83043 -0
    outer loop
      vertex 175.525 112.244 189.5
      vertex 175.367 112.35 201.5
      vertex 175.525 112.244 201.5
    endloop
  endfacet
  facet normal 0.557124 0.83043 0
    outer loop
      vertex 175.367 112.35 201.5
      vertex 175.525 112.244 189.5
      vertex 175.367 112.35 189.5
    endloop
  endfacet
  facet normal 0.660747 0.750609 -0
    outer loop
      vertex 175.367 112.35 189.5
      vertex 175.225 112.475 201.5
      vertex 175.367 112.35 201.5
    endloop
  endfacet
  facet normal 0.660747 0.750609 0
    outer loop
      vertex 175.225 112.475 201.5
      vertex 175.367 112.35 189.5
      vertex 175.225 112.475 189.5
    endloop
  endfacet
  facet normal 0.750609 0.660747 0
    outer loop
      vertex 175.225 112.475 201.5
      vertex 175.1 112.617 189.5
      vertex 175.1 112.617 201.5
    endloop
  endfacet
  facet normal 0.750609 0.660747 0
    outer loop
      vertex 175.1 112.617 189.5
      vertex 175.225 112.475 201.5
      vertex 175.225 112.475 189.5
    endloop
  endfacet
  facet normal -0.947093 -0.320959 0
    outer loop
      vertex 177.651 113.875 189.5
      vertex 177.59 114.055 201.5
      vertex 177.59 114.055 189.5
    endloop
  endfacet
  facet normal -0.947093 -0.320959 0
    outer loop
      vertex 177.59 114.055 201.5
      vertex 177.651 113.875 189.5
      vertex 177.651 113.875 201.5
    endloop
  endfacet
  facet normal 0.99799 0.0633645 0
    outer loop
      vertex 174.812 113.311 201.5
      vertex 174.8 113.5 189.5
      vertex 174.8 113.5 201.5
    endloop
  endfacet
  facet normal 0.99799 0.0633645 0
    outer loop
      vertex 174.8 113.5 189.5
      vertex 174.812 113.311 201.5
      vertex 174.812 113.311 189.5
    endloop
  endfacet
  facet normal -0.557124 0.83043 0
    outer loop
      vertex 177.133 112.35 189.5
      vertex 176.975 112.244 201.5
      vertex 177.133 112.35 201.5
    endloop
  endfacet
  facet normal -0.557124 0.83043 0
    outer loop
      vertex 176.975 112.244 201.5
      vertex 177.133 112.35 189.5
      vertex 176.975 112.244 189.5
    endloop
  endfacet
  facet normal 0.320959 -0.947093 0
    outer loop
      vertex 175.695 114.84 189.5
      vertex 175.875 114.901 201.5
      vertex 175.695 114.84 201.5
    endloop
  endfacet
  facet normal 0.320959 -0.947093 0
    outer loop
      vertex 175.875 114.901 201.5
      vertex 175.695 114.84 189.5
      vertex 175.875 114.901 189.5
    endloop
  endfacet
  facet normal -0.195102 -0.980783 0
    outer loop
      vertex 176.439 114.938 189.5
      vertex 176.625 114.901 201.5
      vertex 176.439 114.938 201.5
    endloop
  endfacet
  facet normal -0.195102 -0.980783 -0
    outer loop
      vertex 176.625 114.901 201.5
      vertex 176.439 114.938 189.5
      vertex 176.625 114.901 189.5
    endloop
  endfacet
  facet normal 0.320959 0.947093 -0
    outer loop
      vertex 175.875 112.099 189.5
      vertex 175.695 112.16 201.5
      vertex 175.875 112.099 201.5
    endloop
  endfacet
  facet normal 0.320959 0.947093 0
    outer loop
      vertex 175.695 112.16 201.5
      vertex 175.875 112.099 189.5
      vertex 175.695 112.16 189.5
    endloop
  endfacet
  facet normal 0.83043 -0.557124 0
    outer loop
      vertex 174.994 114.225 201.5
      vertex 175.1 114.383 189.5
      vertex 175.1 114.383 201.5
    endloop
  endfacet
  facet normal 0.83043 -0.557124 0
    outer loop
      vertex 175.1 114.383 189.5
      vertex 174.994 114.225 201.5
      vertex 174.994 114.225 189.5
    endloop
  endfacet
  facet normal -0.557124 -0.83043 0
    outer loop
      vertex 176.975 114.756 189.5
      vertex 177.133 114.65 201.5
      vertex 176.975 114.756 201.5
    endloop
  endfacet
  facet normal -0.557124 -0.83043 -0
    outer loop
      vertex 177.133 114.65 201.5
      vertex 176.975 114.756 189.5
      vertex 177.133 114.65 189.5
    endloop
  endfacet
  facet normal 0.947093 0.320959 0
    outer loop
      vertex 174.91 112.945 201.5
      vertex 174.849 113.125 189.5
      vertex 174.849 113.125 201.5
    endloop
  endfacet
  facet normal 0.947093 0.320959 0
    outer loop
      vertex 174.849 113.125 189.5
      vertex 174.91 112.945 201.5
      vertex 174.91 112.945 189.5
    endloop
  endfacet
  facet normal -0.320959 0.947093 0
    outer loop
      vertex 176.805 112.16 189.5
      vertex 176.625 112.099 201.5
      vertex 176.805 112.16 201.5
    endloop
  endfacet
  facet normal -0.320959 0.947093 0
    outer loop
      vertex 176.625 112.099 201.5
      vertex 176.805 112.16 189.5
      vertex 176.625 112.099 189.5
    endloop
  endfacet
  facet normal -0.0633645 0.99799 0
    outer loop
      vertex 176.439 112.062 189.5
      vertex 176.25 112.05 201.5
      vertex 176.439 112.062 201.5
    endloop
  endfacet
  facet normal -0.0633645 0.99799 0
    outer loop
      vertex 176.25 112.05 201.5
      vertex 176.439 112.062 189.5
      vertex 176.25 112.05 189.5
    endloop
  endfacet
  facet normal 0.44299 0.896527 -0
    outer loop
      vertex 175.695 112.16 189.5
      vertex 175.525 112.244 201.5
      vertex 175.695 112.16 201.5
    endloop
  endfacet
  facet normal 0.44299 0.896527 0
    outer loop
      vertex 175.525 112.244 201.5
      vertex 175.695 112.16 189.5
      vertex 175.525 112.244 189.5
    endloop
  endfacet
  facet normal -0.83043 -0.557124 0
    outer loop
      vertex 177.506 114.225 189.5
      vertex 177.4 114.383 201.5
      vertex 177.4 114.383 189.5
    endloop
  endfacet
  facet normal -0.83043 -0.557124 0
    outer loop
      vertex 177.4 114.383 201.5
      vertex 177.506 114.225 189.5
      vertex 177.506 114.225 201.5
    endloop
  endfacet
  facet normal 0.99799 -0.0633645 0
    outer loop
      vertex 174.8 113.5 201.5
      vertex 174.812 113.689 189.5
      vertex 174.812 113.689 201.5
    endloop
  endfacet
  facet normal 0.99799 -0.0633645 0
    outer loop
      vertex 174.812 113.689 189.5
      vertex 174.8 113.5 201.5
      vertex 174.8 113.5 189.5
    endloop
  endfacet
  facet normal 0.947093 -0.320959 0
    outer loop
      vertex 174.849 113.875 201.5
      vertex 174.91 114.055 189.5
      vertex 174.91 114.055 201.5
    endloop
  endfacet
  facet normal 0.947093 -0.320959 0
    outer loop
      vertex 174.91 114.055 189.5
      vertex 174.849 113.875 201.5
      vertex 174.849 113.875 189.5
    endloop
  endfacet
  facet normal 0.660747 -0.750609 0
    outer loop
      vertex 175.225 114.525 189.5
      vertex 175.367 114.65 201.5
      vertex 175.225 114.525 201.5
    endloop
  endfacet
  facet normal 0.660747 -0.750609 0
    outer loop
      vertex 175.367 114.65 201.5
      vertex 175.225 114.525 189.5
      vertex 175.367 114.65 189.5
    endloop
  endfacet
  facet normal -0.44299 0.896527 0
    outer loop
      vertex 176.975 112.244 189.5
      vertex 176.805 112.16 201.5
      vertex 176.975 112.244 201.5
    endloop
  endfacet
  facet normal -0.44299 0.896527 0
    outer loop
      vertex 176.805 112.16 201.5
      vertex 176.975 112.244 189.5
      vertex 176.805 112.16 189.5
    endloop
  endfacet
  facet normal 0.195102 0.980783 -0
    outer loop
      vertex 176.061 112.062 189.5
      vertex 175.875 112.099 201.5
      vertex 176.061 112.062 201.5
    endloop
  endfacet
  facet normal 0.195102 0.980783 0
    outer loop
      vertex 175.875 112.099 201.5
      vertex 176.061 112.062 189.5
      vertex 175.875 112.099 189.5
    endloop
  endfacet
  facet normal -0.750609 0.660747 0
    outer loop
      vertex 177.275 112.475 189.5
      vertex 177.4 112.617 201.5
      vertex 177.4 112.617 189.5
    endloop
  endfacet
  facet normal -0.750609 0.660747 0
    outer loop
      vertex 177.4 112.617 201.5
      vertex 177.275 112.475 189.5
      vertex 177.275 112.475 201.5
    endloop
  endfacet
  facet normal -0.195102 0.980783 0
    outer loop
      vertex 176.625 112.099 189.5
      vertex 176.439 112.062 201.5
      vertex 176.625 112.099 201.5
    endloop
  endfacet
  facet normal -0.195102 0.980783 0
    outer loop
      vertex 176.439 112.062 201.5
      vertex 176.625 112.099 189.5
      vertex 176.439 112.062 189.5
    endloop
  endfacet
  facet normal -0.750609 -0.660747 0
    outer loop
      vertex 177.4 114.383 189.5
      vertex 177.275 114.525 201.5
      vertex 177.275 114.525 189.5
    endloop
  endfacet
  facet normal -0.750609 -0.660747 0
    outer loop
      vertex 177.275 114.525 201.5
      vertex 177.4 114.383 189.5
      vertex 177.4 114.383 201.5
    endloop
  endfacet
  facet normal 0.44299 -0.896527 0
    outer loop
      vertex 175.525 114.756 189.5
      vertex 175.695 114.84 201.5
      vertex 175.525 114.756 201.5
    endloop
  endfacet
  facet normal 0.44299 -0.896527 0
    outer loop
      vertex 175.695 114.84 201.5
      vertex 175.525 114.756 189.5
      vertex 175.695 114.84 189.5
    endloop
  endfacet
  facet normal 0.0633645 0.99799 -0
    outer loop
      vertex 176.25 112.05 189.5
      vertex 176.061 112.062 201.5
      vertex 176.25 112.05 201.5
    endloop
  endfacet
  facet normal 0.0633645 0.99799 0
    outer loop
      vertex 176.061 112.062 201.5
      vertex 176.25 112.05 189.5
      vertex 176.061 112.062 189.5
    endloop
  endfacet
  facet normal 0.980783 0.195102 0
    outer loop
      vertex 174.849 113.125 201.5
      vertex 174.812 113.311 189.5
      vertex 174.812 113.311 201.5
    endloop
  endfacet
  facet normal 0.980783 0.195102 0
    outer loop
      vertex 174.812 113.311 189.5
      vertex 174.849 113.125 201.5
      vertex 174.849 113.125 189.5
    endloop
  endfacet
  facet normal -0.0633645 -0.99799 0
    outer loop
      vertex 176.25 114.95 189.5
      vertex 176.439 114.938 201.5
      vertex 176.25 114.95 201.5
    endloop
  endfacet
  facet normal -0.0633645 -0.99799 -0
    outer loop
      vertex 176.439 114.938 201.5
      vertex 176.25 114.95 189.5
      vertex 176.439 114.938 189.5
    endloop
  endfacet
  facet normal -0.44299 -0.896527 0
    outer loop
      vertex 176.805 114.84 189.5
      vertex 176.975 114.756 201.5
      vertex 176.805 114.84 201.5
    endloop
  endfacet
  facet normal -0.44299 -0.896527 -0
    outer loop
      vertex 176.975 114.756 201.5
      vertex 176.805 114.84 189.5
      vertex 176.975 114.756 189.5
    endloop
  endfacet
  facet normal -0.660747 -0.750609 0
    outer loop
      vertex 177.133 114.65 189.5
      vertex 177.275 114.525 201.5
      vertex 177.133 114.65 201.5
    endloop
  endfacet
  facet normal -0.660747 -0.750609 -0
    outer loop
      vertex 177.275 114.525 201.5
      vertex 177.133 114.65 189.5
      vertex 177.275 114.525 189.5
    endloop
  endfacet
  facet normal 0.896527 -0.44299 0
    outer loop
      vertex 174.91 114.055 201.5
      vertex 174.994 114.225 189.5
      vertex 174.994 114.225 201.5
    endloop
  endfacet
  facet normal 0.896527 -0.44299 0
    outer loop
      vertex 174.994 114.225 189.5
      vertex 174.91 114.055 201.5
      vertex 174.91 114.055 189.5
    endloop
  endfacet
  facet normal -0.896527 -0.44299 0
    outer loop
      vertex 177.59 114.055 189.5
      vertex 177.506 114.225 201.5
      vertex 177.506 114.225 189.5
    endloop
  endfacet
  facet normal -0.896527 -0.44299 0
    outer loop
      vertex 177.506 114.225 201.5
      vertex 177.59 114.055 189.5
      vertex 177.59 114.055 201.5
    endloop
  endfacet
  facet normal -0.660747 0.750609 0
    outer loop
      vertex 177.275 112.475 189.5
      vertex 177.133 112.35 201.5
      vertex 177.275 112.475 201.5
    endloop
  endfacet
  facet normal -0.660747 0.750609 0
    outer loop
      vertex 177.133 112.35 201.5
      vertex 177.275 112.475 189.5
      vertex 177.133 112.35 189.5
    endloop
  endfacet
  facet normal -0.99799 -0.0633645 0
    outer loop
      vertex 177.7 113.5 189.5
      vertex 177.688 113.689 201.5
      vertex 177.688 113.689 189.5
    endloop
  endfacet
  facet normal -0.99799 -0.0633645 0
    outer loop
      vertex 177.688 113.689 201.5
      vertex 177.7 113.5 189.5
      vertex 177.7 113.5 201.5
    endloop
  endfacet
  facet normal 0.557124 -0.83043 0
    outer loop
      vertex 175.367 114.65 189.5
      vertex 175.525 114.756 201.5
      vertex 175.367 114.65 201.5
    endloop
  endfacet
  facet normal 0.557124 -0.83043 0
    outer loop
      vertex 175.525 114.756 201.5
      vertex 175.367 114.65 189.5
      vertex 175.525 114.756 189.5
    endloop
  endfacet
  facet normal -0.896527 0.44299 0
    outer loop
      vertex 177.506 112.775 189.5
      vertex 177.59 112.945 201.5
      vertex 177.59 112.945 189.5
    endloop
  endfacet
  facet normal -0.896527 0.44299 0
    outer loop
      vertex 177.59 112.945 201.5
      vertex 177.506 112.775 189.5
      vertex 177.506 112.775 201.5
    endloop
  endfacet
  facet normal -0.980783 -0.195102 0
    outer loop
      vertex 177.688 113.689 189.5
      vertex 177.651 113.875 201.5
      vertex 177.651 113.875 189.5
    endloop
  endfacet
  facet normal -0.980783 -0.195102 0
    outer loop
      vertex 177.651 113.875 201.5
      vertex 177.688 113.689 189.5
      vertex 177.688 113.689 201.5
    endloop
  endfacet
  facet normal -0.947093 0.320959 0
    outer loop
      vertex 177.59 112.945 189.5
      vertex 177.651 113.125 201.5
      vertex 177.651 113.125 189.5
    endloop
  endfacet
  facet normal -0.947093 0.320959 0
    outer loop
      vertex 177.651 113.125 201.5
      vertex 177.59 112.945 189.5
      vertex 177.59 112.945 201.5
    endloop
  endfacet
  facet normal 0.980783 -0.195102 0
    outer loop
      vertex 174.812 113.689 201.5
      vertex 174.849 113.875 189.5
      vertex 174.849 113.875 201.5
    endloop
  endfacet
  facet normal 0.980783 -0.195102 0
    outer loop
      vertex 174.849 113.875 189.5
      vertex 174.812 113.689 201.5
      vertex 174.812 113.689 189.5
    endloop
  endfacet
  facet normal 0.750609 -0.660747 0
    outer loop
      vertex 175.1 114.383 201.5
      vertex 175.225 114.525 189.5
      vertex 175.225 114.525 201.5
    endloop
  endfacet
  facet normal 0.750609 -0.660747 0
    outer loop
      vertex 175.225 114.525 189.5
      vertex 175.1 114.383 201.5
      vertex 175.1 114.383 189.5
    endloop
  endfacet
  facet normal 0 0 1
    outer loop
      vertex 177.688 113.689 189.5
      vertex 177.688 113.311 189.5
      vertex 177.7 113.5 189.5
    endloop
  endfacet
  facet normal 0 0 1
    outer loop
      vertex 177.651 113.875 189.5
      vertex 177.688 113.311 189.5
      vertex 177.688 113.689 189.5
    endloop
  endfacet
  facet normal 0 0 1
    outer loop
      vertex 177.651 113.875 189.5
      vertex 177.651 113.125 189.5
      vertex 177.688 113.311 189.5
    endloop
  endfacet
  facet normal 0 0 1
    outer loop
      vertex 177.59 114.055 189.5
      vertex 177.651 113.125 189.5
      vertex 177.651 113.875 189.5
    endloop
  endfacet
  facet normal 0 0 1
    outer loop
      vertex 177.59 114.055 189.5
      vertex 177.59 112.945 189.5
      vertex 177.651 113.125 189.5
    endloop
  endfacet
  facet normal 0 0 1
    outer loop
      vertex 177.506 114.225 189.5
      vertex 177.59 112.945 189.5
      vertex 177.59 114.055 189.5
    endloop
  endfacet
  facet normal 0 0 1
    outer loop
      vertex 177.506 114.225 189.5
      vertex 177.506 112.775 189.5
      vertex 177.59 112.945 189.5
    endloop
  endfacet
  facet normal 0 0 1
    outer loop
      vertex 177.4 114.383 189.5
      vertex 177.506 112.775 189.5
      vertex 177.506 114.225 189.5
    endloop
  endfacet
  facet normal 0 0 1
    outer loop
      vertex 177.4 114.383 189.5
      vertex 177.4 112.617 189.5
      vertex 177.506 112.775 189.5
    endloop
  endfacet
  facet normal 0 0 1
    outer loop
      vertex 177.275 114.525 189.5
      vertex 177.4 112.617 189.5
      vertex 177.4 114.383 189.5
    endloop
  endfacet
  facet normal 0 0 1
    outer loop
      vertex 177.275 114.525 189.5
      vertex 177.275 112.475 189.5
      vertex 177.4 112.617 189.5
    endloop
  endfacet
  facet normal 0 0 1
    outer loop
      vertex 177.133 114.65 189.5
      vertex 177.275 112.475 189.5
      vertex 177.275 114.525 189.5
    endloop
  endfacet
  facet normal 0 0 1
    outer loop
      vertex 177.133 114.65 189.5
      vertex 177.133 112.35 189.5
      vertex 177.275 112.475 189.5
    endloop
  endfacet
  facet normal 0 0 1
    outer loop
      vertex 176.975 114.756 189.5
      vertex 177.133 112.35 189.5
      vertex 177.133 114.65 189.5
    endloop
  endfacet
  facet normal 0 0 1
    outer loop
      vertex 176.975 114.756 189.5
      vertex 176.975 112.244 189.5
      vertex 177.133 112.35 189.5
    endloop
  endfacet
  facet normal 0 0 1
    outer loop
      vertex 176.805 114.84 189.5
      vertex 176.975 112.244 189.5
      vertex 176.975 114.756 189.5
    endloop
  endfacet
  facet normal 0 0 1
    outer loop
      vertex 176.805 114.84 189.5
      vertex 176.805 112.16 189.5
      vertex 176.975 112.244 189.5
    endloop
  endfacet
  facet normal 0 0 1
    outer loop
      vertex 176.625 114.901 189.5
      vertex 176.805 112.16 189.5
      vertex 176.805 114.84 189.5
    endloop
  endfacet
  facet normal 0 0 1
    outer loop
      vertex 176.625 114.901 189.5
      vertex 176.625 112.099 189.5
      vertex 176.805 112.16 189.5
    endloop
  endfacet
  facet normal 0 0 1
    outer loop
      vertex 176.439 114.938 189.5
      vertex 176.625 112.099 189.5
      vertex 176.625 114.901 189.5
    endloop
  endfacet
  facet normal 0 0 1
    outer loop
      vertex 176.439 114.938 189.5
      vertex 176.439 112.062 189.5
      vertex 176.625 112.099 189.5
    endloop
  endfacet
  facet normal 0 0 1
    outer loop
      vertex 176.25 114.95 189.5
      vertex 176.439 112.062 189.5
      vertex 176.439 114.938 189.5
    endloop
  endfacet
  facet normal 0 0 1
    outer loop
      vertex 176.25 114.95 189.5
      vertex 176.25 112.05 189.5
      vertex 176.439 112.062 189.5
    endloop
  endfacet
  facet normal -0 0 1
    outer loop
      vertex 176.061 114.938 189.5
      vertex 176.25 112.05 189.5
      vertex 176.25 114.95 189.5
    endloop
  endfacet
  facet normal 0 0 1
    outer loop
      vertex 176.061 114.938 189.5
      vertex 176.061 112.062 189.5
      vertex 176.25 112.05 189.5
    endloop
  endfacet
  facet normal -0 0 1
    outer loop
      vertex 175.875 114.901 189.5
      vertex 176.061 112.062 189.5
      vertex 176.061 114.938 189.5
    endloop
  endfacet
  facet normal 0 0 1
    outer loop
      vertex 175.875 114.901 189.5
      vertex 175.875 112.099 189.5
      vertex 176.061 112.062 189.5
    endloop
  endfacet
  facet normal -0 0 1
    outer loop
      vertex 175.695 114.84 189.5
      vertex 175.875 112.099 189.5
      vertex 175.875 114.901 189.5
    endloop
  endfacet
  facet normal 0 0 1
    outer loop
      vertex 175.695 114.84 189.5
      vertex 175.695 112.16 189.5
      vertex 175.875 112.099 189.5
    endloop
  endfacet
  facet normal -0 0 1
    outer loop
      vertex 175.525 114.756 189.5
      vertex 175.695 112.16 189.5
      vertex 175.695 114.84 189.5
    endloop
  endfacet
  facet normal 0 0 1
    outer loop
      vertex 175.525 114.756 189.5
      vertex 175.525 112.244 189.5
      vertex 175.695 112.16 189.5
    endloop
  endfacet
  facet normal -0 0 1
    outer loop
      vertex 175.367 114.65 189.5
      vertex 175.525 112.244 189.5
      vertex 175.525 114.756 189.5
    endloop
  endfacet
  facet normal 0 0 1
    outer loop
      vertex 175.367 114.65 189.5
      vertex 175.367 112.35 189.5
      vertex 175.525 112.244 189.5
    endloop
  endfacet
  facet normal -0 0 1
    outer loop
      vertex 175.225 114.525 189.5
      vertex 175.367 112.35 189.5
      vertex 175.367 114.65 189.5
    endloop
  endfacet
  facet normal 0 0 1
    outer loop
      vertex 175.225 114.525 189.5
      vertex 175.225 112.475 189.5
      vertex 175.367 112.35 189.5
    endloop
  endfacet
  facet normal -0 0 1
    outer loop
      vertex 175.1 114.383 189.5
      vertex 175.225 112.475 189.5
      vertex 175.225 114.525 189.5
    endloop
  endfacet
  facet normal 0 0 1
    outer loop
      vertex 175.1 114.383 189.5
      vertex 175.1 112.617 189.5
      vertex 175.225 112.475 189.5
    endloop
  endfacet
  facet normal -0 0 1
    outer loop
      vertex 174.994 114.225 189.5
      vertex 175.1 112.617 189.5
      vertex 175.1 114.383 189.5
    endloop
  endfacet
  facet normal 0 0 1
    outer loop
      vertex 174.994 114.225 189.5
      vertex 174.994 112.775 189.5
      vertex 175.1 112.617 189.5
    endloop
  endfacet
  facet normal -0 0 1
    outer loop
      vertex 174.91 114.055 189.5
      vertex 174.994 112.775 189.5
      vertex 174.994 114.225 189.5
    endloop
  endfacet
  facet normal 0 0 1
    outer loop
      vertex 174.91 114.055 189.5
      vertex 174.91 112.945 189.5
      vertex 174.994 112.775 189.5
    endloop
  endfacet
  facet normal -0 0 1
    outer loop
      vertex 174.849 113.875 189.5
      vertex 174.91 112.945 189.5
      vertex 174.91 114.055 189.5
    endloop
  endfacet
  facet normal 0 0 1
    outer loop
      vertex 174.849 113.875 189.5
      vertex 174.849 113.125 189.5
      vertex 174.91 112.945 189.5
    endloop
  endfacet
  facet normal -0 0 1
    outer loop
      vertex 174.812 113.689 189.5
      vertex 174.849 113.125 189.5
      vertex 174.849 113.875 189.5
    endloop
  endfacet
  facet normal 0 0 1
    outer loop
      vertex 174.812 113.689 189.5
      vertex 174.812 113.311 189.5
      vertex 174.849 113.125 189.5
    endloop
  endfacet
  facet normal 0 -0 1
    outer loop
      vertex 174.812 113.311 189.5
      vertex 174.812 113.689 189.5
      vertex 174.8 113.5 189.5
    endloop
  endfacet
  facet normal 0.195102 -0.980783 0
    outer loop
      vertex 175.875 114.901 189.5
      vertex 176.061 114.938 201.5
      vertex 175.875 114.901 201.5
    endloop
  endfacet
  facet normal 0.195102 -0.980783 0
    outer loop
      vertex 176.061 114.938 201.5
      vertex 175.875 114.901 189.5
      vertex 176.061 114.938 189.5
    endloop
  endfacet
  facet normal 0.83043 0.557124 0
    outer loop
      vertex 175.1 112.617 201.5
      vertex 174.994 112.775 189.5
      vertex 174.994 112.775 201.5
    endloop
  endfacet
  facet normal 0.83043 0.557124 0
    outer loop
      vertex 174.994 112.775 189.5
      vertex 175.1 112.617 201.5
      vertex 175.1 112.617 189.5
    endloop
  endfacet
  facet normal 0.0633645 -0.99799 0
    outer loop
      vertex 176.061 114.938 189.5
      vertex 176.25 114.95 201.5
      vertex 176.061 114.938 201.5
    endloop
  endfacet
  facet normal 0.0633645 -0.99799 0
    outer loop
      vertex 176.25 114.95 201.5
      vertex 176.061 114.938 189.5
      vertex 176.25 114.95 189.5
    endloop
  endfacet
  facet normal 0 -1 0
    outer loop
      vertex 0 85.6 3.9
      vertex 3 85.6 9.5
      vertex 0 85.6 9.5
    endloop
  endfacet
  facet normal 0 -1 -0
    outer loop
      vertex 3 85.6 9.5
      vertex 0 85.6 3.9
      vertex 3 85.6 3.9
    endloop
  endfacet
  facet normal 0 1 -0
    outer loop
      vertex 3 62 3.9
      vertex 0 62 9.5
      vertex 3 62 9.5
    endloop
  endfacet
  facet normal 0 1 0
    outer loop
      vertex 0 62 9.5
      vertex 3 62 3.9
      vertex 0 62 3.9
    endloop
  endfacet
  facet normal -0 0 1
    outer loop
      vertex 0 85.6 3.9
      vertex 3 62 3.9
      vertex 3 85.6 3.9
    endloop
  endfacet
  facet normal 0 0 1
    outer loop
      vertex 3 62 3.9
      vertex 0 85.6 3.9
      vertex 0 62 3.9
    endloop
  endfacet
  facet normal 0 0 -1
    outer loop
      vertex 0 62 9.5
      vertex 3 85.6 9.5
      vertex 3 62 9.5
    endloop
  endfacet
  facet normal -0 0 -1
    outer loop
      vertex 3 85.6 9.5
      vertex 0 62 9.5
      vertex 0 85.6 9.5
    endloop
  endfacet
  facet normal 0 -1 0
    outer loop
      vertex 187 85.6 3.9
      vertex 190 85.6 9.5
      vertex 187 85.6 9.5
    endloop
  endfacet
  facet normal 0 -1 -0
    outer loop
      vertex 190 85.6 9.5
      vertex 187 85.6 3.9
      vertex 190 85.6 3.9
    endloop
  endfacet
  facet normal 0 1 -0
    outer loop
      vertex 190 62 3.9
      vertex 187 62 9.5
      vertex 190 62 9.5
    endloop
  endfacet
  facet normal 0 1 0
    outer loop
      vertex 187 62 9.5
      vertex 190 62 3.9
      vertex 187 62 3.9
    endloop
  endfacet
  facet normal -0 0 1
    outer loop
      vertex 187 85.6 3.9
      vertex 190 62 3.9
      vertex 190 85.6 3.9
    endloop
  endfacet
  facet normal 0 0 1
    outer loop
      vertex 190 62 3.9
      vertex 187 85.6 3.9
      vertex 187 62 3.9
    endloop
  endfacet
  facet normal 0 0 -1
    outer loop
      vertex 187 62 9.5
      vertex 190 85.6 9.5
      vertex 190 62 9.5
    endloop
  endfacet
  facet normal -0 0 -1
    outer loop
      vertex 190 85.6 9.5
      vertex 187 62 9.5
      vertex 187 85.6 9.5
    endloop
  endfacet
  facet normal -0.751988 0 0.659176
    outer loop
      vertex 195.025 88.8 7.1747
      vertex 195.15 98.8 7.3173
      vertex 195.025 98.8 7.1747
    endloop
  endfacet
  facet normal -0.751988 0 0.659176
    outer loop
      vertex 195.15 98.8 7.3173
      vertex 195.025 88.8 7.1747
      vertex 195.15 88.8 7.3173
    endloop
  endfacet
  facet normal -0.660926 0 0.750451
    outer loop
      vertex 194.883 98.8 7.04964
      vertex 195.025 88.8 7.1747
      vertex 195.025 98.8 7.1747
    endloop
  endfacet
  facet normal -0.660926 0 0.750451
    outer loop
      vertex 195.025 88.8 7.1747
      vertex 194.883 98.8 7.04964
      vertex 194.883 88.8 7.04964
    endloop
  endfacet
  facet normal -0.970411 0 -0.24146
    outer loop
      vertex 195.401 88.8 8.57529
      vertex 194.048 98.8 14.0129
      vertex 195.401 98.8 8.57529
    endloop
  endfacet
  facet normal -0.970411 -0 -0.24146
    outer loop
      vertex 194.048 98.8 14.0129
      vertex 195.401 88.8 8.57529
      vertex 194.048 88.8 14.0129
    endloop
  endfacet
  facet normal -0.320818 0 0.947141
    outer loop
      vertex 194.375 98.8 6.79941
      vertex 194.555 88.8 6.86038
      vertex 194.555 98.8 6.86038
    endloop
  endfacet
  facet normal -0.320818 0 0.947141
    outer loop
      vertex 194.555 88.8 6.86038
      vertex 194.375 98.8 6.79941
      vertex 194.375 88.8 6.79941
    endloop
  endfacet
  facet normal 0.211753 0 -0.977323
    outer loop
      vertex 193.987 88.8 14.0483
      vertex 193.993 98.8 14.0496
      vertex 193.993 88.8 14.0496
    endloop
  endfacet
  facet normal 0.211753 0 -0.977323
    outer loop
      vertex 193.993 98.8 14.0496
      vertex 193.987 88.8 14.0483
      vertex 193.987 98.8 14.0483
    endloop
  endfacet
  facet normal -0.980789 0 -0.195072
    outer loop
      vertex 195.438 88.8 8.38926
      vertex 195.401 98.8 8.57529
      vertex 195.438 98.8 8.38926
    endloop
  endfacet
  facet normal -0.980789 -0 -0.195072
    outer loop
      vertex 195.401 98.8 8.57529
      vertex 195.438 88.8 8.38926
      vertex 195.401 88.8 8.57529
    endloop
  endfacet
  facet normal 0.970411 0 -0.24146
    outer loop
      vertex 193.952 88.8 14.0129
      vertex 192.599 98.8 8.57529
      vertex 193.952 98.8 14.0129
    endloop
  endfacet
  facet normal 0.970411 0 -0.24146
    outer loop
      vertex 192.599 98.8 8.57529
      vertex 193.952 88.8 14.0129
      vertex 192.599 88.8 8.57529
    endloop
  endfacet
  facet normal -0.997996 0 -0.0632778
    outer loop
      vertex 195.45 88.8 8.2
      vertex 195.438 98.8 8.38926
      vertex 195.45 98.8 8.2
    endloop
  endfacet
  facet normal -0.997996 -0 -0.0632778
    outer loop
      vertex 195.438 98.8 8.38926
      vertex 195.45 88.8 8.2
      vertex 195.438 88.8 8.38926
    endloop
  endfacet
  facet normal 0.874157 0 -0.485643
    outer loop
      vertex 193.96 88.8 14.0304
      vertex 193.957 98.8 14.025
      vertex 193.96 98.8 14.0304
    endloop
  endfacet
  facet normal 0.874157 0 -0.485643
    outer loop
      vertex 193.957 98.8 14.025
      vertex 193.96 88.8 14.0304
      vertex 193.957 88.8 14.025
    endloop
  endfacet
  facet normal 0.751988 -0 0.659176
    outer loop
      vertex 192.85 88.8 7.3173
      vertex 192.975 98.8 7.1747
      vertex 192.85 98.8 7.3173
    endloop
  endfacet
  facet normal 0.751988 0 0.659176
    outer loop
      vertex 192.975 98.8 7.1747
      vertex 192.85 88.8 7.3173
      vertex 192.975 88.8 7.1747
    endloop
  endfacet
  facet normal 0.55487 0 0.831937
    outer loop
      vertex 193.117 98.8 7.04964
      vertex 193.275 88.8 6.94426
      vertex 193.275 98.8 6.94426
    endloop
  endfacet
  facet normal 0.55487 0 0.831937
    outer loop
      vertex 193.275 88.8 6.94426
      vertex 193.117 98.8 7.04964
      vertex 193.117 88.8 7.04964
    endloop
  endfacet
  facet normal -0.652039 0 -0.758185
    outer loop
      vertex 194.03 88.8 14.0397
      vertex 194.035 98.8 14.0354
      vertex 194.035 88.8 14.0354
    endloop
  endfacet
  facet normal -0.652039 0 -0.758185
    outer loop
      vertex 194.035 98.8 14.0354
      vertex 194.03 88.8 14.0397
      vertex 194.03 98.8 14.0397
    endloop
  endfacet
  facet normal 0.997996 -0 0.0632778
    outer loop
      vertex 192.55 88.8 8.2
      vertex 192.562 98.8 8.01074
      vertex 192.55 98.8 8.2
    endloop
  endfacet
  facet normal 0.997996 0 0.0632778
    outer loop
      vertex 192.562 98.8 8.01074
      vertex 192.55 88.8 8.2
      vertex 192.562 88.8 8.01074
    endloop
  endfacet
  facet normal -0.829939 0 0.557854
    outer loop
      vertex 195.15 88.8 7.3173
      vertex 195.256 98.8 7.475
      vertex 195.15 98.8 7.3173
    endloop
  endfacet
  facet normal -0.829939 0 0.557854
    outer loop
      vertex 195.256 98.8 7.475
      vertex 195.15 88.8 7.3173
      vertex 195.256 88.8 7.475
    endloop
  endfacet
  facet normal -0.0570498 0 -0.998371
    outer loop
      vertex 194 88.8 14.05
      vertex 194.007 98.8 14.0496
      vertex 194.007 88.8 14.0496
    endloop
  endfacet
  facet normal -0.0570498 0 -0.998371
    outer loop
      vertex 194.007 98.8 14.0496
      vertex 194 88.8 14.05
      vertex 194 98.8 14.05
    endloop
  endfacet
  facet normal 0.652039 0 -0.758185
    outer loop
      vertex 193.965 88.8 14.0354
      vertex 193.97 98.8 14.0397
      vertex 193.97 88.8 14.0397
    endloop
  endfacet
  facet normal 0.652039 0 -0.758185
    outer loop
      vertex 193.97 98.8 14.0397
      vertex 193.965 88.8 14.0354
      vertex 193.965 98.8 14.0354
    endloop
  endfacet
  facet normal -0.442481 0 0.896778
    outer loop
      vertex 194.555 98.8 6.86038
      vertex 194.725 88.8 6.94426
      vertex 194.725 98.8 6.94426
    endloop
  endfacet
  facet normal -0.442481 0 0.896778
    outer loop
      vertex 194.725 88.8 6.94426
      vertex 194.555 98.8 6.86038
      vertex 194.555 88.8 6.86038
    endloop
  endfacet
  facet normal 0.320818 0 0.947141
    outer loop
      vertex 193.445 98.8 6.86038
      vertex 193.625 88.8 6.79941
      vertex 193.625 98.8 6.79941
    endloop
  endfacet
  facet normal 0.320818 0 0.947141
    outer loop
      vertex 193.625 88.8 6.79941
      vertex 193.445 98.8 6.86038
      vertex 193.445 88.8 6.86038
    endloop
  endfacet
  facet normal 0.0655203 0 0.997851
    outer loop
      vertex 193.811 98.8 6.76241
      vertex 194 88.8 6.75
      vertex 194 98.8 6.75
    endloop
  endfacet
  facet normal 0.0655203 0 0.997851
    outer loop
      vertex 194 88.8 6.75
      vertex 193.811 98.8 6.76241
      vertex 193.811 88.8 6.76241
    endloop
  endfacet
  facet normal 0.660926 0 0.750451
    outer loop
      vertex 192.975 98.8 7.1747
      vertex 193.117 88.8 7.04964
      vertex 193.117 98.8 7.04964
    endloop
  endfacet
  facet normal 0.660926 0 0.750451
    outer loop
      vertex 193.117 88.8 7.04964
      vertex 192.975 98.8 7.1747
      vertex 192.975 88.8 7.1747
    endloop
  endfacet
  facet normal -0.0655203 0 0.997851
    outer loop
      vertex 194 98.8 6.75
      vertex 194.189 88.8 6.76241
      vertex 194.189 98.8 6.76241
    endloop
  endfacet
  facet normal -0.0655203 0 0.997851
    outer loop
      vertex 194.189 88.8 6.76241
      vertex 194 98.8 6.75
      vertex 194 88.8 6.75
    endloop
  endfacet
  facet normal 0.997996 0 -0.0632778
    outer loop
      vertex 192.562 88.8 8.38926
      vertex 192.55 98.8 8.2
      vertex 192.562 98.8 8.38926
    endloop
  endfacet
  facet normal 0.997996 0 -0.0632778
    outer loop
      vertex 192.55 98.8 8.2
      vertex 192.562 88.8 8.38926
      vertex 192.55 88.8 8.2
    endloop
  endfacet
  facet normal -0.33035 0 -0.943858
    outer loop
      vertex 194.013 88.8 14.0483
      vertex 194.019 98.8 14.0462
      vertex 194.019 88.8 14.0462
    endloop
  endfacet
  facet normal -0.33035 0 -0.943858
    outer loop
      vertex 194.019 98.8 14.0462
      vertex 194.013 88.8 14.0483
      vertex 194.013 98.8 14.0483
    endloop
  endfacet
  facet normal 0.89664 -0 0.442759
    outer loop
      vertex 192.66 88.8 7.64511
      vertex 192.744 98.8 7.475
      vertex 192.66 98.8 7.64511
    endloop
  endfacet
  facet normal 0.89664 0 0.442759
    outer loop
      vertex 192.744 98.8 7.475
      vertex 192.66 88.8 7.64511
      vertex 192.744 88.8 7.475
    endloop
  endfacet
  facet normal 0.33035 0 -0.943858
    outer loop
      vertex 193.981 88.8 14.0462
      vertex 193.987 98.8 14.0483
      vertex 193.987 88.8 14.0483
    endloop
  endfacet
  facet normal 0.33035 0 -0.943858
    outer loop
      vertex 193.987 98.8 14.0483
      vertex 193.981 88.8 14.0462
      vertex 193.981 98.8 14.0462
    endloop
  endfacet
  facet normal -0.55487 0 0.831937
    outer loop
      vertex 194.725 98.8 6.94426
      vertex 194.883 88.8 7.04964
      vertex 194.883 98.8 7.04964
    endloop
  endfacet
  facet normal -0.55487 0 0.831937
    outer loop
      vertex 194.883 88.8 7.04964
      vertex 194.725 98.8 6.94426
      vertex 194.725 88.8 6.94426
    endloop
  endfacet
  facet normal 0.195102 0 0.980783
    outer loop
      vertex 193.625 98.8 6.79941
      vertex 193.811 88.8 6.76241
      vertex 193.811 98.8 6.76241
    endloop
  endfacet
  facet normal 0.195102 0 0.980783
    outer loop
      vertex 193.811 88.8 6.76241
      vertex 193.625 98.8 6.79941
      vertex 193.625 88.8 6.79941
    endloop
  endfacet
  facet normal -0.89664 0 0.442759
    outer loop
      vertex 195.256 88.8 7.475
      vertex 195.34 98.8 7.64511
      vertex 195.256 98.8 7.475
    endloop
  endfacet
  facet normal -0.89664 0 0.442759
    outer loop
      vertex 195.34 98.8 7.64511
      vertex 195.256 88.8 7.475
      vertex 195.34 88.8 7.64511
    endloop
  endfacet
  facet normal -0.980789 0 0.195072
    outer loop
      vertex 195.401 88.8 7.82471
      vertex 195.438 98.8 8.01074
      vertex 195.401 98.8 7.82471
    endloop
  endfacet
  facet normal -0.980789 0 0.195072
    outer loop
      vertex 195.438 98.8 8.01074
      vertex 195.401 88.8 7.82471
      vertex 195.438 88.8 8.01074
    endloop
  endfacet
  facet normal -0.195102 0 0.980783
    outer loop
      vertex 194.189 98.8 6.76241
      vertex 194.375 88.8 6.79941
      vertex 194.375 98.8 6.79941
    endloop
  endfacet
  facet normal -0.195102 0 0.980783
    outer loop
      vertex 194.375 88.8 6.79941
      vertex 194.189 98.8 6.76241
      vertex 194.189 88.8 6.76241
    endloop
  endfacet
  facet normal 0.584305 0 -0.811534
    outer loop
      vertex 193.97 88.8 14.0397
      vertex 193.975 98.8 14.0433
      vertex 193.975 88.8 14.0433
    endloop
  endfacet
  facet normal 0.584305 0 -0.811534
    outer loop
      vertex 193.975 98.8 14.0433
      vertex 193.97 88.8 14.0397
      vertex 193.97 98.8 14.0397
    endloop
  endfacet
  facet normal -0.874157 0 -0.485643
    outer loop
      vertex 194.043 88.8 14.025
      vertex 194.04 98.8 14.0304
      vertex 194.043 98.8 14.025
    endloop
  endfacet
  facet normal -0.874157 -0 -0.485643
    outer loop
      vertex 194.04 98.8 14.0304
      vertex 194.043 88.8 14.025
      vertex 194.04 88.8 14.0304
    endloop
  endfacet
  facet normal -0.946876 0 0.3216
    outer loop
      vertex 195.34 88.8 7.64511
      vertex 195.401 98.8 7.82471
      vertex 195.34 98.8 7.64511
    endloop
  endfacet
  facet normal -0.946876 0 0.3216
    outer loop
      vertex 195.401 98.8 7.82471
      vertex 195.34 88.8 7.64511
      vertex 195.401 88.8 7.82471
    endloop
  endfacet
  facet normal 0.0570498 0 -0.998371
    outer loop
      vertex 193.993 88.8 14.0496
      vertex 194 98.8 14.05
      vertex 194 88.8 14.05
    endloop
  endfacet
  facet normal 0.0570498 0 -0.998371
    outer loop
      vertex 194 98.8 14.05
      vertex 193.993 88.8 14.0496
      vertex 193.993 98.8 14.0496
    endloop
  endfacet
  facet normal -0.211753 0 -0.977323
    outer loop
      vertex 194.007 88.8 14.0496
      vertex 194.013 98.8 14.0483
      vertex 194.013 88.8 14.0483
    endloop
  endfacet
  facet normal -0.211753 0 -0.977323
    outer loop
      vertex 194.013 98.8 14.0483
      vertex 194.007 88.8 14.0496
      vertex 194.007 98.8 14.0496
    endloop
  endfacet
  facet normal -0.435169 0 -0.900349
    outer loop
      vertex 194.019 88.8 14.0462
      vertex 194.025 98.8 14.0433
      vertex 194.025 88.8 14.0433
    endloop
  endfacet
  facet normal -0.435169 0 -0.900349
    outer loop
      vertex 194.025 98.8 14.0433
      vertex 194.019 88.8 14.0462
      vertex 194.019 98.8 14.0462
    endloop
  endfacet
  facet normal -0.997996 0 0.0632778
    outer loop
      vertex 195.438 88.8 8.01074
      vertex 195.45 98.8 8.2
      vertex 195.438 98.8 8.01074
    endloop
  endfacet
  facet normal -0.997996 0 0.0632778
    outer loop
      vertex 195.45 98.8 8.2
      vertex 195.438 88.8 8.01074
      vertex 195.45 88.8 8.2
    endloop
  endfacet
  facet normal -0.951709 0 -0.307003
    outer loop
      vertex 194.048 88.8 14.0129
      vertex 194.046 98.8 14.0191
      vertex 194.048 98.8 14.0129
    endloop
  endfacet
  facet normal -0.951709 -0 -0.307003
    outer loop
      vertex 194.046 98.8 14.0191
      vertex 194.048 88.8 14.0129
      vertex 194.046 88.8 14.0191
    endloop
  endfacet
  facet normal 0.951709 0 -0.307003
    outer loop
      vertex 193.954 88.8 14.0191
      vertex 193.952 98.8 14.0129
      vertex 193.954 98.8 14.0191
    endloop
  endfacet
  facet normal 0.951709 0 -0.307003
    outer loop
      vertex 193.952 98.8 14.0129
      vertex 193.954 88.8 14.0191
      vertex 193.952 88.8 14.0129
    endloop
  endfacet
  facet normal 0.980789 -0 0.195072
    outer loop
      vertex 192.562 88.8 8.01074
      vertex 192.599 98.8 7.82471
      vertex 192.562 98.8 8.01074
    endloop
  endfacet
  facet normal 0.980789 0 0.195072
    outer loop
      vertex 192.599 98.8 7.82471
      vertex 192.562 88.8 8.01074
      vertex 192.599 88.8 7.82471
    endloop
  endfacet
  facet normal 0.435169 0 -0.900349
    outer loop
      vertex 193.975 88.8 14.0433
      vertex 193.981 98.8 14.0462
      vertex 193.981 88.8 14.0462
    endloop
  endfacet
  facet normal 0.435169 0 -0.900349
    outer loop
      vertex 193.981 98.8 14.0462
      vertex 193.975 88.8 14.0433
      vertex 193.975 98.8 14.0433
    endloop
  endfacet
  facet normal 0.829939 -0 0.557854
    outer loop
      vertex 192.744 88.8 7.475
      vertex 192.85 98.8 7.3173
      vertex 192.744 98.8 7.475
    endloop
  endfacet
  facet normal 0.829939 0 0.557854
    outer loop
      vertex 192.85 98.8 7.3173
      vertex 192.744 88.8 7.475
      vertex 192.85 88.8 7.3173
    endloop
  endfacet
  facet normal 0.980789 0 -0.195072
    outer loop
      vertex 192.599 88.8 8.57529
      vertex 192.562 98.8 8.38926
      vertex 192.599 98.8 8.57529
    endloop
  endfacet
  facet normal 0.980789 0 -0.195072
    outer loop
      vertex 192.562 98.8 8.38926
      vertex 192.599 88.8 8.57529
      vertex 192.562 88.8 8.38926
    endloop
  endfacet
  facet normal -0.584305 0 -0.811534
    outer loop
      vertex 194.025 88.8 14.0433
      vertex 194.03 98.8 14.0397
      vertex 194.03 88.8 14.0397
    endloop
  endfacet
  facet normal -0.584305 0 -0.811534
    outer loop
      vertex 194.03 98.8 14.0397
      vertex 194.025 88.8 14.0433
      vertex 194.025 98.8 14.0433
    endloop
  endfacet
  facet normal -0.707107 0 -0.707107
    outer loop
      vertex 194.04 88.8 14.0304
      vertex 194.035 98.8 14.0354
      vertex 194.04 98.8 14.0304
    endloop
  endfacet
  facet normal -0.707107 -0 -0.707107
    outer loop
      vertex 194.035 98.8 14.0354
      vertex 194.04 88.8 14.0304
      vertex 194.035 88.8 14.0354
    endloop
  endfacet
  facet normal 0 1 0
    outer loop
      vertex 194.007 88.8 14.0496
      vertex 193.993 88.8 14.0496
      vertex 194 88.8 14.05
    endloop
  endfacet
  facet normal 0 1 0
    outer loop
      vertex 194.013 88.8 14.0483
      vertex 193.993 88.8 14.0496
      vertex 194.007 88.8 14.0496
    endloop
  endfacet
  facet normal 0 1 0
    outer loop
      vertex 194.013 88.8 14.0483
      vertex 193.987 88.8 14.0483
      vertex 193.993 88.8 14.0496
    endloop
  endfacet
  facet normal 0 1 0
    outer loop
      vertex 194.019 88.8 14.0462
      vertex 193.987 88.8 14.0483
      vertex 194.013 88.8 14.0483
    endloop
  endfacet
  facet normal 0 1 0
    outer loop
      vertex 194.019 88.8 14.0462
      vertex 193.981 88.8 14.0462
      vertex 193.987 88.8 14.0483
    endloop
  endfacet
  facet normal 0 1 0
    outer loop
      vertex 194.025 88.8 14.0433
      vertex 193.981 88.8 14.0462
      vertex 194.019 88.8 14.0462
    endloop
  endfacet
  facet normal 0 1 0
    outer loop
      vertex 194.025 88.8 14.0433
      vertex 193.975 88.8 14.0433
      vertex 193.981 88.8 14.0462
    endloop
  endfacet
  facet normal 0 1 0
    outer loop
      vertex 194.03 88.8 14.0397
      vertex 193.975 88.8 14.0433
      vertex 194.025 88.8 14.0433
    endloop
  endfacet
  facet normal 0 1 0
    outer loop
      vertex 194.03 88.8 14.0397
      vertex 193.97 88.8 14.0397
      vertex 193.975 88.8 14.0433
    endloop
  endfacet
  facet normal 0 1 0
    outer loop
      vertex 194.035 88.8 14.0354
      vertex 193.97 88.8 14.0397
      vertex 194.03 88.8 14.0397
    endloop
  endfacet
  facet normal 0 1 0
    outer loop
      vertex 194.035 88.8 14.0354
      vertex 193.965 88.8 14.0354
      vertex 193.97 88.8 14.0397
    endloop
  endfacet
  facet normal 0 1 0
    outer loop
      vertex 194.04 88.8 14.0304
      vertex 193.965 88.8 14.0354
      vertex 194.035 88.8 14.0354
    endloop
  endfacet
  facet normal 0 1 0
    outer loop
      vertex 194.04 88.8 14.0304
      vertex 193.96 88.8 14.0304
      vertex 193.965 88.8 14.0354
    endloop
  endfacet
  facet normal 0 1 0
    outer loop
      vertex 194.043 88.8 14.025
      vertex 193.96 88.8 14.0304
      vertex 194.04 88.8 14.0304
    endloop
  endfacet
  facet normal 0 1 0
    outer loop
      vertex 194.043 88.8 14.025
      vertex 193.957 88.8 14.025
      vertex 193.96 88.8 14.0304
    endloop
  endfacet
  facet normal 0 1 0
    outer loop
      vertex 194.046 88.8 14.0191
      vertex 193.957 88.8 14.025
      vertex 194.043 88.8 14.025
    endloop
  endfacet
  facet normal 0 1 0
    outer loop
      vertex 194.046 88.8 14.0191
      vertex 193.954 88.8 14.0191
      vertex 193.957 88.8 14.025
    endloop
  endfacet
  facet normal 0 1 0
    outer loop
      vertex 194.048 88.8 14.0129
      vertex 193.954 88.8 14.0191
      vertex 194.046 88.8 14.0191
    endloop
  endfacet
  facet normal 0 1 0
    outer loop
      vertex 194.048 88.8 14.0129
      vertex 193.952 88.8 14.0129
      vertex 193.954 88.8 14.0191
    endloop
  endfacet
  facet normal 0 1 0
    outer loop
      vertex 195.401 88.8 8.57529
      vertex 193.952 88.8 14.0129
      vertex 194.048 88.8 14.0129
    endloop
  endfacet
  facet normal 0 1 0
    outer loop
      vertex 195.401 88.8 8.57529
      vertex 192.599 88.8 8.57529
      vertex 193.952 88.8 14.0129
    endloop
  endfacet
  facet normal 0 1 0
    outer loop
      vertex 195.438 88.8 8.38926
      vertex 192.599 88.8 8.57529
      vertex 195.401 88.8 8.57529
    endloop
  endfacet
  facet normal 0 1 0
    outer loop
      vertex 195.438 88.8 8.38926
      vertex 192.562 88.8 8.38926
      vertex 192.599 88.8 8.57529
    endloop
  endfacet
  facet normal 0 1 0
    outer loop
      vertex 195.45 88.8 8.2
      vertex 192.562 88.8 8.38926
      vertex 195.438 88.8 8.38926
    endloop
  endfacet
  facet normal 0 1 0
    outer loop
      vertex 195.45 88.8 8.2
      vertex 192.55 88.8 8.2
      vertex 192.562 88.8 8.38926
    endloop
  endfacet
  facet normal 0 1 -0
    outer loop
      vertex 195.438 88.8 8.01074
      vertex 192.55 88.8 8.2
      vertex 195.45 88.8 8.2
    endloop
  endfacet
  facet normal 0 1 0
    outer loop
      vertex 195.438 88.8 8.01074
      vertex 192.562 88.8 8.01074
      vertex 192.55 88.8 8.2
    endloop
  endfacet
  facet normal 0 1 -0
    outer loop
      vertex 195.401 88.8 7.82471
      vertex 192.562 88.8 8.01074
      vertex 195.438 88.8 8.01074
    endloop
  endfacet
  facet normal 0 1 0
    outer loop
      vertex 195.401 88.8 7.82471
      vertex 192.599 88.8 7.82471
      vertex 192.562 88.8 8.01074
    endloop
  endfacet
  facet normal 0 1 -0
    outer loop
      vertex 195.34 88.8 7.64511
      vertex 192.599 88.8 7.82471
      vertex 195.401 88.8 7.82471
    endloop
  endfacet
  facet normal 0 1 0
    outer loop
      vertex 195.34 88.8 7.64511
      vertex 192.66 88.8 7.64511
      vertex 192.599 88.8 7.82471
    endloop
  endfacet
  facet normal 0 1 -0
    outer loop
      vertex 195.256 88.8 7.475
      vertex 192.66 88.8 7.64511
      vertex 195.34 88.8 7.64511
    endloop
  endfacet
  facet normal 0 1 0
    outer loop
      vertex 195.256 88.8 7.475
      vertex 192.744 88.8 7.475
      vertex 192.66 88.8 7.64511
    endloop
  endfacet
  facet normal 0 1 -0
    outer loop
      vertex 195.15 88.8 7.3173
      vertex 192.744 88.8 7.475
      vertex 195.256 88.8 7.475
    endloop
  endfacet
  facet normal 0 1 0
    outer loop
      vertex 195.15 88.8 7.3173
      vertex 192.85 88.8 7.3173
      vertex 192.744 88.8 7.475
    endloop
  endfacet
  facet normal 0 1 -0
    outer loop
      vertex 195.025 88.8 7.1747
      vertex 192.85 88.8 7.3173
      vertex 195.15 88.8 7.3173
    endloop
  endfacet
  facet normal 0 1 0
    outer loop
      vertex 195.025 88.8 7.1747
      vertex 192.975 88.8 7.1747
      vertex 192.85 88.8 7.3173
    endloop
  endfacet
  facet normal 0 1 -0
    outer loop
      vertex 194.883 88.8 7.04964
      vertex 192.975 88.8 7.1747
      vertex 195.025 88.8 7.1747
    endloop
  endfacet
  facet normal 0 1 0
    outer loop
      vertex 194.883 88.8 7.04964
      vertex 193.117 88.8 7.04964
      vertex 192.975 88.8 7.1747
    endloop
  endfacet
  facet normal 0 1 -0
    outer loop
      vertex 194.725 88.8 6.94426
      vertex 193.117 88.8 7.04964
      vertex 194.883 88.8 7.04964
    endloop
  endfacet
  facet normal 0 1 0
    outer loop
      vertex 194.725 88.8 6.94426
      vertex 193.275 88.8 6.94426
      vertex 193.117 88.8 7.04964
    endloop
  endfacet
  facet normal 0 1 -0
    outer loop
      vertex 194.555 88.8 6.86038
      vertex 193.275 88.8 6.94426
      vertex 194.725 88.8 6.94426
    endloop
  endfacet
  facet normal 0 1 0
    outer loop
      vertex 194.555 88.8 6.86038
      vertex 193.445 88.8 6.86038
      vertex 193.275 88.8 6.94426
    endloop
  endfacet
  facet normal 0 1 -0
    outer loop
      vertex 194.375 88.8 6.79941
      vertex 193.445 88.8 6.86038
      vertex 194.555 88.8 6.86038
    endloop
  endfacet
  facet normal 0 1 0
    outer loop
      vertex 194.375 88.8 6.79941
      vertex 193.625 88.8 6.79941
      vertex 193.445 88.8 6.86038
    endloop
  endfacet
  facet normal 0 1 -0
    outer loop
      vertex 194.189 88.8 6.76241
      vertex 193.625 88.8 6.79941
      vertex 194.375 88.8 6.79941
    endloop
  endfacet
  facet normal 0 1 0
    outer loop
      vertex 194.189 88.8 6.76241
      vertex 193.811 88.8 6.76241
      vertex 193.625 88.8 6.79941
    endloop
  endfacet
  facet normal -0 1 0
    outer loop
      vertex 193.811 88.8 6.76241
      vertex 194.189 88.8 6.76241
      vertex 194 88.8 6.75
    endloop
  endfacet
  facet normal 0.707107 0 -0.707107
    outer loop
      vertex 193.965 88.8 14.0354
      vertex 193.96 98.8 14.0304
      vertex 193.965 98.8 14.0354
    endloop
  endfacet
  facet normal 0.707107 0 -0.707107
    outer loop
      vertex 193.96 98.8 14.0304
      vertex 193.965 88.8 14.0354
      vertex 193.96 88.8 14.0304
    endloop
  endfacet
  facet normal 0.946876 -0 0.3216
    outer loop
      vertex 192.599 88.8 7.82471
      vertex 192.66 98.8 7.64511
      vertex 192.599 98.8 7.82471
    endloop
  endfacet
  facet normal 0.946876 0 0.3216
    outer loop
      vertex 192.66 98.8 7.64511
      vertex 192.599 88.8 7.82471
      vertex 192.66 88.8 7.64511
    endloop
  endfacet
  facet normal 0.442481 0 0.896778
    outer loop
      vertex 193.275 98.8 6.94426
      vertex 193.445 88.8 6.86038
      vertex 193.445 98.8 6.86038
    endloop
  endfacet
  facet normal 0.442481 0 0.896778
    outer loop
      vertex 193.445 88.8 6.86038
      vertex 193.275 98.8 6.94426
      vertex 193.275 88.8 6.94426
    endloop
  endfacet
  facet normal 0.891385 0 -0.453247
    outer loop
      vertex 193.957 88.8 14.025
      vertex 193.954 98.8 14.0191
      vertex 193.957 98.8 14.025
    endloop
  endfacet
  facet normal 0.891385 0 -0.453247
    outer loop
      vertex 193.954 98.8 14.0191
      vertex 193.957 88.8 14.025
      vertex 193.954 88.8 14.0191
    endloop
  endfacet
  facet normal -0.891385 0 -0.453247
    outer loop
      vertex 194.046 88.8 14.0191
      vertex 194.043 98.8 14.025
      vertex 194.046 98.8 14.0191
    endloop
  endfacet
  facet normal -0.891385 -0 -0.453247
    outer loop
      vertex 194.043 98.8 14.025
      vertex 194.046 88.8 14.0191
      vertex 194.043 88.8 14.025
    endloop
  endfacet
endsolid OpenSCAD_Model
